"Lot","mmumax","ln_sdmumax","sdmumax","unc_mumax_CRR"
1,6.79688893939891,0.87242082104486,2.39269613729372,0.329
2,6.95308510968879,1.06235916824216,2.89318846266231,0.3248
3,6.29815371910902,0.96726717359149,2.63074525663761,0.324
4,6.63551430881599,0.906697190114447,2.47613082363925,0.3404
5,6.58730971884438,0.994703528350131,2.70392258604627,0.3304
6,6.72106956345584,0.953217107549214,2.59404156050591,0.3343
7,6.41034216358843,1.02313841877582,2.78191188230941,0.3309
8,6.55447949200414,0.861296544643154,2.3662266241725,0.3341
9,6.55586352621767,0.95931545164585,2.60990925269,0.3262
10,6.80509171855833,0.90846764948704,2.48051859570369,0.333
11,6.70212988719419,0.896208294808958,2.45029467983844,0.3309
12,6.86879552991336,0.79385274855239,2.2119019329157,0.3294
13,7.45416620042172,0.832555363613694,2.29918649746129,0.3235
14,7.07775546553629,0.982707424116318,2.67167982926047,0.3365
15,6.86341604834366,1.02355417353189,2.78306871586832,0.3312
16,6.5570745123928,0.78156941572457,2.18489859033515,0.3286
17,6.99737087934555,0.841103016806252,2.31892337810355,0.3309
18,6.32743002098432,1.08980047992733,2.97368070438038,0.3313
19,7.18822449550376,0.88761739811857,2.42933461317698,0.3425
20,6.48756316232523,0.764546012882176,2.14801898031784,0.3294
21,6.93846596064772,0.865146220804104,2.37535338666743,0.3251
22,7.02170771763156,0.858154526714642,2.35880356549502,0.3339
23,6.52829851729821,0.900184556211091,2.46005708807877,0.3303
24,7.11061103769739,0.989814220831735,2.690734543487,0.3358
25,6.63010610633392,0.940437854649081,2.56110256352625,0.3318
26,6.19682749027558,0.862630532500732,2.36938524807199,0.3328
27,6.86023771682454,0.96690784003802,2.62980011141763,0.326
28,6.4923230578085,0.890117940774402,2.43541686930374,0.3347
29,6.61442160992932,0.886033737877115,2.42549041729042,0.3443
30,7.02944167743299,0.954326413510433,2.59692074292448,0.3356
31,6.98824909250933,1.01190012295201,2.75082295411464,0.3248
32,6.96199728087031,0.890447601378739,2.43621986265105,0.344
33,6.71504183827816,0.969210568923129,2.63586280578799,0.3277
34,6.81029292530597,0.900743721427855,2.46143305109316,0.3294
35,6.7831422018068,0.913236521845213,2.49237612331438,0.3317
36,6.79554136466826,0.872167924844968,2.39209111004087,0.3385
37,6.2312058849031,0.965056640558223,2.62493633012309,0.3368
38,6.51062929574404,0.941994132791134,2.56509145457231,0.3373
39,6.28600963845623,0.937725030115559,2.55416415725365,0.3307
40,6.52262504935771,1.01871675619843,2.76963836132674,0.3288
41,6.55890741142791,1.03154312296125,2.80539156040952,0.3316
42,7.04052430476398,0.871959332216502,2.39159218950608,0.3341
43,6.87952196148744,0.926058201306621,2.52453831712601,0.3317
44,6.67823145373195,0.851645607288582,2.34350016148581,0.3275
45,6.05341700233636,0.939248984053049,2.55805955322621,0.3335
46,6.76182250712945,0.876649655586702,2.40283587789912,0.333
47,6.77808631211132,0.79020306347785,2.20384390102869,0.3356
48,6.3620291863221,1.01050778483838,2.74699554361485,0.3362
49,7.22101550255207,0.941365332237247,2.56347903064456,0.3344
50,6.70769370370202,0.950758279960851,2.58767109469967,0.335
51,7.02649248647494,0.932937205953935,2.54196449660846,0.3375
52,6.70968328498753,0.886798895191602,2.4273470092263,0.3359
53,6.9774858927699,1.00459147829647,2.73079145734589,0.3385
54,6.49778867127294,0.929097965522994,2.53222399376961,0.3363
55,6.45780473105981,0.956633576483504,2.60291917933094,0.3337
56,6.07903459481325,0.935581144521342,2.54869418710187,0.3328
57,6.92953900135635,0.911472659027679,2.48798378861987,0.3319
58,6.90229265013464,0.933381828401546,2.54309496238129,0.3405
59,6.77056019206637,1.07453570266043,2.9286328283884,0.3329
60,7.08267710267756,0.999309919481529,2.71640664221467,0.3391
61,6.39606278097204,1.08163593851746,2.94950080832967,0.3268
62,6.58193679249419,0.804706281284842,2.23603963566938,0.3295
63,6.89020637350142,0.806516054171304,2.24009002361069,0.336
64,6.8317343906833,1.00187413574801,2.72338103441649,0.3367
65,6.23904418346942,1.05468347503904,2.8710662459315,0.3252
66,6.30614834887157,0.929413946377149,2.53302425449695,0.3387
67,6.50754932581532,0.819851084908943,2.27016175101607,0.3414
68,6.4258481747519,0.960413293763287,2.61277609437212,0.3419
69,6.8433616264603,0.767958854557502,2.15536235276937,0.335
70,6.56452747074347,0.99752715264077,2.71156823668286,0.3377
71,6.60259710229249,0.888132768584159,2.43058694316687,0.3302
72,6.31232600100204,0.874539342603688,2.39777048880797,0.3354
73,6.84020255107241,0.97297147355077,2.64579469915725,0.344
74,6.76757574269377,1.02177818611679,2.77813040733848,0.3389
75,6.49488574106216,0.825621402823443,2.28329917313531,0.3316
76,6.75289869376136,0.953492870002645,2.59475699841185,0.3317
77,7.02612619692439,0.881729681476665,2.41507340352421,0.3357
78,7.01551930545731,0.900520700531848,2.46088416129787,0.3328
79,6.8137156683943,1.03641110433082,2.81908144828516,0.3352
80,6.79189981923217,0.92055159807322,2.51067489148963,0.3398
81,6.87758081750737,0.952867438909973,2.59313466408917,0.3386
82,6.78225045844223,1.04294428950534,2.83755932337518,0.3358
83,6.44699757252297,0.839525959345978,2.31526918488402,0.3447
84,6.87302137097912,0.7922203574862,2.2082941893864,0.3296
85,7.19009783844013,1.00619879478037,2.73518423281386,0.3284
86,7.39333956552209,1.048068347903,2.85213645820532,0.3303
87,6.46453048568027,0.942874021485455,2.56734944278656,0.3313
88,6.72062871949641,0.899094319163654,2.45737650420398,0.3273
89,6.61683779064466,0.993048762873296,2.69945192826407,0.3374
90,6.91382330331133,0.850964380914253,2.34190425101743,0.3367
91,6.85650984802836,0.834323495537536,2.30325535858791,0.3331
92,7.09258113997335,0.985588262776808,2.67938760489936,0.3323
93,6.74768045359501,0.951688649555864,2.59007970548346,0.335
94,6.88650512950245,0.928222372633059,2.5300077668428,0.3386
95,6.48891204787358,0.962826347049371,2.61908847530523,0.3464
96,7.06400661535646,0.843730642095782,2.32502465223697,0.3395
97,6.93674584511395,1.06310692832105,2.89535268255316,0.3395
98,7.10979265053674,0.98463928503546,2.6768461317933,0.3315
99,6.97504586732236,0.930378393785975,2.53546840161192,0.3334
100,6.73646668890731,0.865783471115349,2.37686756375607,0.3344
101,7.15440011751777,0.995189208433374,2.70523614635216,0.3326
102,6.60391399593344,0.906454062223852,2.47552888035283,0.3309
103,6.57900570389861,0.933924270569429,2.54447481853806,0.3359
104,6.60320925613586,0.967378520152273,2.6310381973829,0.3253
105,6.34815218921358,0.87824584183883,2.40667431410812,0.3385
106,6.95247940697845,1.01029900706809,2.74642209187433,0.3444
107,6.99952765441307,0.870755211773826,2.38871415755644,0.3359
108,6.62767392472212,0.966999404498959,2.63004091867173,0.3395
109,6.38210743354376,0.908760056963462,2.48124402394163,0.3342
110,6.68805648594857,1.02736024869686,2.79368146824526,0.3337
111,6.46270537103327,0.955390267014782,2.59968495625567,0.336
112,6.58454226560135,0.901729367860691,2.46386034983229,0.33
113,6.69778955557838,1.09733551697112,2.99617212908766,0.3282
114,6.42652686052661,0.965947626684082,2.6272761541951,0.3358
115,6.77892503604432,0.867907148182477,2.38192062653047,0.342
116,6.35937633187304,1.00550533645546,2.73328815403923,0.3386
117,6.43401728340715,0.945188283116914,2.57329784151715,0.3272
118,6.26977616476399,0.992490921078453,2.69794648109503,0.3331
119,7.01369201669823,0.922709941425346,2.5160996420823,0.3346
120,7.00625433000502,0.811862545499291,2.25209871908327,0.337
121,6.74052756818202,0.850757406770574,2.34141958754863,0.3344
122,6.90988097440699,1.01737680370072,2.76592966278158,0.3281
123,6.91563088928767,0.84957307621158,2.33864821421467,0.3323
124,6.84389801869813,0.848207584467884,2.33545698867866,0.3323
125,6.43524827888107,0.830144448983697,2.29365003175229,0.3256
126,6.45531983155227,0.854854653641386,2.3510326417068,0.3373
127,6.38283152525108,1.00880190129633,2.74231348378673,0.336
128,6.86172399862366,1.01335889604593,2.75483870895168,0.3365
129,6.74311591594435,0.973580517586271,2.64740659544602,0.3371
130,6.30376696297456,1.02109359103668,2.77622916379496,0.3369
131,6.61225903589708,1.01302481333906,2.75391851869717,0.3326
132,6.4459004177447,0.95491697831548,2.59845484586576,0.3376
133,6.94798759678441,0.894141842628222,2.44523649110638,0.3333
134,7.05432320621004,0.91075958843248,2.48621031292071,0.3346
135,6.63165326258738,1.0527006435668,2.86537904566336,0.3427
136,6.76066508220839,0.99107875990276,2.69413923467583,0.3344
137,7.13593471448156,0.95119756596618,2.58880807210882,0.3433
138,6.75897406434422,0.979443629892903,2.66297423043642,0.33
139,6.48249773323958,0.972384382749067,2.64424183330741,0.3347
140,6.96419953550299,1.03760042214501,2.82243622662462,0.3316
141,6.68601351690036,1.06007925744249,2.88659976471662,0.3344
142,6.60814368126558,0.943339847964521,2.56854566073139,0.3371
143,6.33504403622185,0.929710016492745,2.53377431831105,0.3402
144,6.62425206397747,1.00864729557357,2.74188953920152,0.3298
145,6.06711429928406,0.906925475870664,2.47669615356275,0.3224
146,6.79358215214071,0.988735108171407,2.68783250387101,0.3467
147,6.72322274942975,0.810612072004645,2.24928428937934,0.3283
148,6.54633720987922,0.906206690372326,2.47491657992626,0.3317
149,6.66889361801432,1.15247414238602,3.166016402858,0.3257
150,6.74155038522435,0.969453297387138,2.63650268237317,0.3355
151,6.37064090520947,0.93633846461612,2.55062509549078,0.3325
152,6.84746792327665,1.00339577967249,2.72752820507988,0.3312
153,6.338763574658,1.04637124557845,2.84730019576906,0.3248
154,6.69660141340317,0.849050331518345,2.33742601774753,0.3307
155,6.83706067273853,0.811427315333088,2.25111875105475,0.3422
156,6.48072629127253,0.874261367761626,2.39710406156434,0.334
157,7.00297036637697,0.954612003341988,2.59766250299654,0.3275
158,7.28599829367237,0.932804218135395,2.54162646877254,0.3386
159,6.65124173855213,0.829642002197147,2.29249788413504,0.3343
160,6.75800141173227,0.905430196673404,2.47299556871966,0.3349
161,6.52745868737552,0.935808311771425,2.54927323271926,0.3337
162,6.60044891657409,0.943176552960802,2.56812626430177,0.3347
163,6.33717999766888,0.921304974791939,2.51256708818012,0.3267
164,7.0306774116641,0.907671687708382,2.47854498327449,0.3348
165,6.88190390830486,0.92881132628785,2.53149826303724,0.3313
166,6.56234702572299,0.93352404276721,2.54345665273636,0.3276
167,6.23817195673213,0.983639492936319,2.67417117960097,0.3339
168,6.32886673077947,0.977756297229271,2.65848469576941,0.3439
169,6.64669273714201,0.976531270538362,2.65522997502664,0.3362
170,6.60884676148084,0.989670946844069,2.69034905883483,0.339
171,6.78993418473157,0.848848973942782,2.33695540669368,0.3348
172,6.39973973984577,0.95602803860527,2.60134349029172,0.3394
173,6.32456155844389,0.818380574598651,2.26682590805203,0.3347
174,7.11369647700106,0.879135889868653,2.40881732338894,0.3279
175,6.75751305554649,0.971748383020179,2.64256063089713,0.3313
176,6.72603862640518,0.936515365992078,2.55107634449183,0.3402
177,6.50652594370098,0.891583501271436,2.43898873681584,0.3345
178,6.61768085227112,0.924107346604759,2.51961811054454,0.3259
179,6.23388117618896,0.935369455133002,2.54815471269085,0.3331
180,6.73083878899122,1.01501678634766,2.75940971739837,0.3304
181,6.80378599558466,0.885875969658444,2.4251077821725,0.3401
182,6.91702850871444,1.00298507694644,2.72640823181444,0.3405
183,6.70391474672353,0.856603028050129,2.35514672244042,0.3347
184,6.55825958092419,0.941911199706343,2.56487873244618,0.3225
185,6.38518514501268,1.07190472096763,2.92093777624145,0.3374
186,7.18000216227549,0.926267493713532,2.52506673912216,0.3383
187,6.28877023304383,0.87695260228507,2.40356391936836,0.3327
188,6.48339015503106,0.922172453608931,2.51474763255667,0.3316
189,6.43903682240445,0.913882424709606,2.49398647620136,0.3306
190,7.16691447572866,0.980472827631716,2.66571636835192,0.3396
191,6.59728363566428,0.901538329540576,2.46338970304728,0.3281
192,7.12164029461572,0.961274825917697,2.61502805491861,0.3434
193,7.1614700803498,0.93728045875252,2.55302890138266,0.3333
194,6.75857140915758,0.842472534912642,2.32210136131326,0.3328
195,6.53716693007084,0.913415712617684,2.49282277413386,0.3423
196,6.47894279833449,0.936951211044517,2.55218846083257,0.3346
197,6.74420073513354,0.979923429643396,2.6642522313755,0.3294
198,6.91598795627419,1.04077900692402,2.83142185267597,0.3322
199,6.88531010427452,0.909734423980889,2.48366284449886,0.3274
200,6.87797304839092,0.868685848733136,2.38377615178949,0.326
201,6.75634335862215,0.929277938099472,2.53267976565798,0.3355
202,6.81977681932188,0.90134109983067,2.46290389732,0.3372
203,6.7449293593382,0.944275901766346,2.57095108328911,0.3319
204,6.40906829320442,0.966401457841427,2.62846876457423,0.3336
205,7.13148534037297,0.868320092245715,2.38290442962615,0.3279
206,6.87020986542262,0.918508872444195,2.50555150615943,0.3347
207,6.4144148909161,0.916935768493132,2.50161311174959,0.3377
208,6.48517585005418,0.962375195690306,2.61790713648143,0.3293
209,6.66990195739285,0.852890207844768,2.34641869892013,0.3352
210,6.77299758319205,0.878557187518074,2.40742373841612,0.3441
211,6.74742829519633,0.912722555875619,2.49109545594148,0.3319
212,6.54849739858608,0.855099933173265,2.35160937261984,0.3283
213,7.15803822313249,0.884473305388109,2.42170855467954,0.3323
214,6.7866610339034,0.968855924944004,2.63492817865386,0.3327
215,6.98501606206521,0.977905756496695,2.65888206063869,0.3321
216,6.33958651791371,0.894429953715434,2.44594109234716,0.3332
217,6.2581589683709,0.963135818426458,2.6198991336537,0.3331
218,6.68289815428693,1.0800618984862,2.94486182791335,0.3306
219,6.47752437106168,1.08258016163335,2.95228711041163,0.3419
220,6.62153482164172,0.87651618656933,2.40251519515667,0.3331
221,6.82881809037258,1.08704456668315,2.96549678061492,0.3424
222,6.60428822823501,0.892448945156095,2.44110045835931,0.3369
223,7.03293324512326,0.944568228175253,2.57170275004743,0.3401
224,6.62200058558687,0.831525979480268,2.29682096908859,0.3268
225,6.49655295814472,0.874087393651883,2.39668706379373,0.3386
226,6.97237789514847,0.796621366986559,2.21803433059918,0.3418
227,6.52665900248329,0.924710541306329,2.52113838930475,0.334
228,6.71249724816373,0.846128720484703,2.330606934309,0.3355
229,6.73770524466455,0.819429628185924,2.26920517767506,0.3338
230,6.75302033077375,1.02669170715246,2.79181440029772,0.3348
231,6.78569188389933,1.05369880342149,2.8682405798919,0.3396
232,6.29946269970672,1.01568347253902,2.76124999112763,0.3368
233,6.28249039373365,0.99192047177592,2.69640787829579,0.3333
234,6.61351601979553,1.04025729948771,2.82994506409936,0.3257
235,6.47099977202157,0.978090678440444,2.65937379174208,0.3335
236,6.44126053079042,0.944087738058736,2.57046736911135,0.343
237,6.94031318790167,0.897730151784918,2.45402651683093,0.3395
238,6.79788081017616,0.861127428072349,2.3658264898757,0.3362
239,6.70376968853455,1.09092698964743,2.97703247214334,0.3304
240,7.0518119735031,1.08422095969562,2.95713519365679,0.3286
241,6.63814642170839,0.870438361841258,2.38795741353017,0.33
242,6.89746729911345,0.770234069027122,2.16027184734034,0.3259
243,7.14493228616694,0.884914483454508,2.4227771950901,0.3325
244,6.81525926656669,0.853758983060743,2.3484580950922,0.3312
245,6.65347439769099,0.785236244860126,2.19292494678999,0.3316
246,6.77540651657077,0.877504477992973,2.40489075399807,0.3249
247,6.20990657785053,0.899717079810292,2.45890733820688,0.3257
248,6.85808687365042,0.996428145048624,2.70858983954444,0.3367
249,6.64317484429229,0.803226588386582,2.23273343038773,0.3316
250,6.70509580241313,0.820656809474476,2.27199161319006,0.3323
251,7.40578907062916,0.990420660664402,2.69236680697808,0.3408
252,6.63107730052104,0.937534296646284,2.55367703911919,0.3323
253,7.08677716047635,0.94670278845393,2.57719806754292,0.3275
254,6.59043460638923,1.01360189421986,2.75550821106801,0.3305
255,6.5802291392568,0.915622471297948,2.49832990665041,0.3274
256,7.13792240475555,0.999120705975093,2.71589271001199,0.3393
257,6.89950944279615,1.00022749838794,2.71890030354136,0.3417
258,7.0047618888796,1.17124024656104,3.22599118289604,0.3316
259,6.42242123370008,0.990794422663352,2.69337329946037,0.3328
260,6.68937935179278,1.01001863128096,2.74565216955737,0.3378
261,7.0435707358715,1.02388717730036,2.78399564256509,0.3277
262,6.39116214712956,0.780036631357983,2.18155217725332,0.3335
263,6.82167596215476,1.00912951518645,2.74321205095858,0.3296
264,6.00218765466734,0.908550429581341,2.48072394176612,0.3409
265,6.88471560876066,0.886571362051427,2.42679477016772,0.3368
266,6.5961772183075,0.866979344332418,2.3797116962881,0.3298
267,6.67325912592254,0.839173712556415,2.31445378236656,0.3278
268,6.80612361197184,0.800386118550487,2.22640041705139,0.3401
269,6.29024580868032,1.04142558190911,2.8332531711967,0.3341
270,6.35264874639937,1.01611576428628,2.762443914754,0.3296
271,6.64998555410398,0.844657462301068,2.32718053096411,0.339
272,6.54925725120105,1.00224782410063,2.72439892036301,0.3323
273,7.2082155874001,0.871600612263838,2.39073443152571,0.326
274,6.96060341045016,0.964450045987185,2.6233445408301,0.3337
275,6.45191492680661,0.830813401557726,2.29518488816079,0.3396
276,6.27967137918526,0.989209728293126,2.68910850604536,0.342
277,6.32057413565833,0.837584637646621,2.31077886256586,0.3401
278,6.99556250326133,0.950134990266395,2.58605872851152,0.3342
279,6.7465097150663,0.991710421250218,2.69584155588369,0.3411
280,6.56133445631294,1.02023319550628,2.77384153593053,0.3379
281,6.35462309933391,1.07565951438294,2.93192591034735,0.3343
282,6.53732675803223,1.00065811951232,2.72007137157236,0.3329
283,6.59370743470519,0.890316969159737,2.43590163463029,0.3309
284,7.32019182267204,0.959065541488741,2.60925709135288,0.3314
285,6.65868994711985,0.969065299972163,2.63547992457436,0.3266
286,6.65996506196724,1.00823146538955,2.74074961579356,0.3281
287,6.8298757177417,1.01102285603803,2.74841080635419,0.3373
288,6.58097448509748,0.8854337036466,2.42403547656503,0.337
289,6.67147011016887,1.09516121843326,2.98966463359089,0.344
290,6.87907443333865,0.930932993381507,2.53687496136462,0.3352
291,6.3984122045473,0.8477348572851,2.33435321558822,0.3326
292,6.75552376073865,0.859216878792452,2.3613107768988,0.3379
293,6.42331374192063,0.83347145324905,2.30129372343794,0.3357
294,6.7381627163485,1.0066291318834,2.73636153737361,0.3359
295,6.83291480761945,0.825250327343997,2.28245205398221,0.3445
296,6.16298653046859,0.940249782736809,2.5606209373612,0.3317
297,6.77724718563015,0.843213091689199,2.3238216461179,0.3376
298,6.70312279752736,0.975712139761585,2.65305588498827,0.3425
299,6.89473060534413,0.808417675553971,2.24435387953359,0.3263
300,6.82660770153636,0.870169104131105,2.38731452414041,0.3291
301,6.58502268075372,0.845795563142584,2.32983060482436,0.3345
302,6.8353353830505,0.890773142845255,2.43701308234384,0.3296
303,6.62474312412524,0.920320045662883,2.51009360596856,0.3351
304,6.25607038964359,0.969853522010514,2.6375580868516,0.3358
305,6.85942138871724,0.950409566259012,2.58676889564683,0.3361
306,6.69338008145044,1.04742311458544,2.85029675831792,0.3363
307,6.60110702979609,1.03688988066832,2.82043148093212,0.3296
308,6.69077675542199,0.971302695588983,2.64138313725431,0.3375
309,6.48604046053722,0.849750754534353,2.33906377822419,0.3345
310,7.05331665914863,0.871476700739562,2.39043821033115,0.3325
311,7.07694673507118,1.01208877887971,2.75134196212641,0.3331
312,6.66077134139877,0.97398553223202,2.64847905105588,0.3301
313,6.72452890033373,0.952463877420604,2.59208838593498,0.3269
314,6.53122867214866,1.02841223857368,2.79662193927062,0.3298
315,6.82503924865166,1.05529177065072,2.87281323421853,0.337
316,6.73981705401455,0.878454623658147,2.40717683640686,0.3311
317,7.2982320543708,0.726443213548869,2.06771309917797,0.3306
318,6.57279177421381,0.912452601717164,2.49042306512548,0.3291
319,6.78022229664872,1.00517805142497,2.7323937361152,0.3287
320,6.91171892693442,0.875101103598282,2.39911784115214,0.3357
321,6.72760713969818,0.999470944415322,2.71684408663318,0.3366
322,7.09757574419268,0.91432540587656,2.49509150997746,0.3374
323,6.4981660890819,0.934990845344512,2.54719013898408,0.3348
324,6.46427647938162,0.867210744026911,2.38026242456432,0.3373
325,6.66754242175236,0.855445644351518,2.35242249081077,0.3339
326,6.24502643945039,1.00165633804573,2.722787952873,0.3352
327,6.94129166851752,1.02578335940041,2.78927961337134,0.3244
328,6.56732767447429,0.864503393650443,2.37382693568557,0.3342
329,6.90759758544795,0.863249540455134,2.37085237042094,0.3304
330,6.90295788085334,0.961732715283185,2.61622572263414,0.3337
331,6.99298779071621,0.838625442787794,2.31318518512535,0.3463
332,6.14530742743125,1.02242355146785,2.77992389510929,0.3333
333,6.86792056008843,0.958664113686686,2.608209873219,0.3294
334,6.78790366015892,0.975034104367218,2.65125762890454,0.3288
335,6.66193182383522,0.897236330702146,2.45281496596854,0.3405
336,6.92454832759752,1.03212051870065,2.8070118492728,0.343
337,6.90379189823903,0.826122396050674,2.28444337715209,0.3338
338,6.79295689773151,0.944826252630264,2.57236639786296,0.3283
339,6.41625504125718,0.852761796465276,2.34611741140292,0.3377
340,6.5914336508084,0.901165442502253,2.46247130819609,0.3306
341,6.66223260210875,0.905180213392918,2.4723774384391,0.34
342,7.14326838509856,0.938153539255331,2.55525887447093,0.3293
343,6.76497964825493,0.954052165303378,2.59620863971785,0.3445
344,6.27481183601004,1.06096366019997,2.88915381074445,0.3269
345,6.9350622728712,0.935174617782706,2.54765828534135,0.3311
346,6.90095974279341,0.927867570243434,2.52911027326721,0.3332
347,6.55319354836258,0.747348798835782,2.11139485718973,0.3296
348,6.46744856425467,0.882709809693434,2.41744164551339,0.3364
349,6.1664454997054,0.821986524451688,2.27501472395861,0.339
350,7.04917334377217,1.08589933700099,2.96210254963741,0.3354
351,6.63638300497761,0.899237027419894,2.45772721714404,0.3351
352,6.67063766836298,0.940968112172663,2.56246096754938,0.3256
353,6.71795631451865,0.924992518958169,2.52184939422677,0.3383
354,6.43681626982315,0.888982208654344,2.4326524582519,0.3338
355,6.92241780849599,0.956452456184218,2.6024477805214,0.3293
356,6.5811608001635,0.996273500705419,2.70817100383381,0.3281
357,6.62268638301779,1.03757613378915,2.82236767512166,0.3337
358,6.93170668536778,0.974593205252311,2.65008894941637,0.3303
359,7.22686911590188,0.866555460222799,2.37870318807497,0.3378
360,6.58591821845053,0.91601595101969,2.49931314223584,0.3382
361,6.26148297443455,0.939843799059191,2.5595815780518,0.3319
362,7.13900331347826,0.89871790302713,2.45645168210418,0.3326
363,6.76409864376006,0.964173334429667,2.62261873150085,0.337
364,6.15002965535694,0.922054498386379,2.51445102243371,0.3281
365,6.41334086045234,0.904766210694474,2.47135407935934,0.3299
366,7.45648609590235,0.835412475797675,2.30576492439328,0.3321
367,6.7323661858049,0.848582062255431,2.33633172921992,0.3383
368,6.6942906134535,0.984870621030472,2.67746545428972,0.3379
369,6.89592561561204,0.97342273483694,2.64698891330718,0.3368
370,6.49058371992171,0.997924142054205,2.71264491426729,0.3295
371,6.79142002844455,0.893785323275408,2.4443648723588,0.3355
372,7.01744497464977,0.916049646426285,2.49939735902723,0.3295
373,6.64518164510189,0.887885291488297,2.42998550299334,0.3374
374,6.55291086524501,0.951909906873367,2.59065284297431,0.3378
375,6.80747618497704,0.868225513034648,2.38267906706262,0.3266
376,6.9715229046123,0.907952621893294,2.47924138910665,0.334
377,6.22281216917054,0.860944880837617,2.36539465420852,0.3365
378,7.08358532309226,0.918734563024233,2.50611704934866,0.3362
379,7.02266220842753,1.05875034663621,2.88276627884045,0.3327
380,6.60562157815352,0.883501756237271,2.41935688835435,0.3382
381,6.56287651245839,0.931627193026618,2.53863667048066,0.3352
382,7.00224747848806,0.980354459725919,2.66540085176184,0.3395
383,6.44426005745091,0.933710749424199,2.5439315773596,0.3248
384,6.51757737082708,0.998403220162456,2.71394479440838,0.3279
385,6.50935860565141,0.816757337435171,2.26314929680823,0.3387
386,6.72359223791559,0.937993567652184,2.55485013830629,0.331
387,6.83999501612278,1.03864830433938,2.82539535743071,0.3343
388,6.90933581700457,1.1019335356979,3.00998030544515,0.3372
389,6.54599757636192,1.19816302895395,3.31402356245667,0.3254
390,6.77660506969042,0.978744958826678,2.66111433719396,0.3342
391,6.81638001475692,0.932219548388882,2.54014089099782,0.3378
392,6.08525018926833,1.11657660680456,3.05437994125664,0.3355
393,6.42123338503442,0.86951507512695,2.38575366167988,0.3371
394,6.56850144778887,0.861674498465392,2.36712111759734,0.3425
395,6.74554198037656,0.96071928235226,2.61357569637084,0.3389
396,6.99881571197208,0.889714262256593,2.43443394223831,0.344
397,7.10791730381176,0.854177349582751,2.34944081689214,0.3254
398,6.53378599210521,0.893150961545123,2.44281475254925,0.3309
399,6.6016966215442,0.947690325766612,2.57974440389093,0.3388
400,7.00083894949089,0.927606230426331,2.52844940241065,0.3309
401,6.76650451035377,0.929783657296216,2.53396091435812,0.332
402,6.45045161330727,1.01856370931557,2.76921450924434,0.336
403,6.84620039762294,0.921752830156524,2.51369260684541,0.3406
404,6.59072247269087,0.918392073957597,2.50525887862498,0.334
405,6.39061835708555,0.936044839528641,2.54987627791518,0.3358
406,6.62026894430962,0.957093042046757,2.60411540584917,0.3367
407,6.9053862770996,0.96026253581484,2.61238222729842,0.3333
408,6.33346182010713,1.00125734144913,2.7217017864493,0.3321
409,7.25415263191727,0.991404007669687,2.6950156399624,0.3323
410,6.52003413984497,0.95425037983327,2.59672329699746,0.3267
411,6.59231037048581,0.853240891376155,2.34724169361249,0.3349
412,6.52976591221774,0.913967009054116,2.49419743733454,0.3242
413,6.21373480020472,0.924449307485957,2.5204798687093,0.3241
414,7.36403657501992,0.896924962177365,2.45205135547933,0.337
415,6.67536260647071,0.970595454237799,2.63951570231677,0.3322
416,6.79415183496967,0.812893835860657,2.25442248481775,0.3378
417,6.26870467830103,0.917982165650804,2.50423216264404,0.3376
418,6.75051703432395,0.930187700260925,2.53498495030174,0.3358
419,6.49922824961577,1.0326215923279,2.80841872132563,0.3306
420,6.98298724014023,1.04580007904391,2.84567437753412,0.3356
421,6.47266269369499,0.832245412664196,2.29847397285288,0.3446
422,6.7625056459512,0.892075704184347,2.44018950966436,0.3425
423,6.51260989162204,0.813756366256323,2.25636783157533,0.3439
424,6.74291401268036,0.969700515923173,2.63715455528077,0.3414
425,6.65065752200311,0.887286883665001,2.42853181565017,0.3301
426,6.62645180627062,0.970116335773658,2.63825136451538,0.3312
427,7.05619952006847,1.02259411799422,2.78039809751202,0.3328
428,6.59971959135288,0.961390076543922,2.61532945590753,0.3332
429,6.72542469132048,0.944884476018713,2.57251617411118,0.3326
430,6.85419196036649,0.994913043435655,2.70448915796875,0.3286
431,7.05971665190652,1.05231137946757,2.86426387353249,0.3313
432,6.51525127892075,0.948895546469455,2.5828554396203,0.3356
433,6.5964237131681,0.917784951076081,2.50373834025917,0.3274
434,6.85469146283007,0.901998271360596,2.46452297959138,0.3391
435,6.79853039426817,1.03060720915586,2.80276718400523,0.3432
436,6.82059762268161,1.05604830965253,2.87498745181163,0.3319
437,6.39219399177827,0.957468282345274,2.60509275825097,0.3352
438,6.65716400421928,0.973737304706959,2.64782170724465,0.3355
439,7.02378237954754,0.894838838183581,2.44694140416187,0.3388
440,6.75361980175858,0.838918071112107,2.31386218768013,0.3423
441,6.774251457133,0.949271687921543,2.58382714135308,0.3395
442,6.77560864714904,0.757512003349437,2.13296280903809,0.3423
443,6.2071180095634,1.13422158261998,3.10875269368487,0.3368
444,6.78385040729415,0.865409748950942,2.37597944163143,0.3371
445,6.65529726504842,0.962134773743423,2.61727780980592,0.3298
446,6.68050245048483,0.840461365914969,2.31743591611787,0.3327
447,7.24498146515259,0.931218204549759,2.53759860962744,0.3371
448,5.95065805108239,0.925579841900938,2.52333096927313,0.3384
449,6.76146700489619,1.06969793610856,2.91449900209022,0.3307
450,6.84138527459497,0.890832111220531,2.43715679328299,0.3313
451,6.19517656278869,1.01152951232729,2.74980365879364,0.3279
452,6.93228806381071,0.884597371311685,2.42200902482667,0.3313
453,7.03963830880308,0.909991934584976,2.48430249637333,0.3299
454,6.55055886557169,0.862392092440028,2.36882035905836,0.3347
455,6.87496117731962,1.02646727474946,2.79118789698956,0.3379
456,6.79950136249963,0.917578989036215,2.50322271830442,0.3332
457,6.61928092600117,0.947679663119517,2.5797168971334,0.3269
458,6.74886513667278,0.941794422418272,2.56457923035144,0.3353
459,6.73877769636371,0.947385024948624,2.57895692602915,0.3308
460,6.67924899518768,0.83456336743651,2.30380791109286,0.3351
461,6.64455865340915,0.919351742967655,2.50766425192947,0.3394
462,6.79662859519229,1.01774371054565,2.76694468750581,0.3388
463,6.91434565276794,0.844180241931522,2.32607021796418,0.3423
464,7.07036569175348,0.782991210890258,2.18800727802329,0.3374
465,6.37857671351192,0.847465427765884,2.33372435664405,0.3361
466,6.98008549272766,0.935917357441892,2.54955123508533,0.3373
467,7.34883912921638,0.858594844525666,2.35984241741334,0.3315
468,6.53805132249747,1.06816684970889,2.91004006668501,0.3441
469,6.68992367518082,0.993732119605792,2.7012972473471,0.3347
470,6.18170429842982,0.910874150128666,2.48649515370684,0.3368
471,7.04294632850906,0.907850065942603,2.47898714118654,0.3325
472,6.71622611416805,0.846574613356421,2.33164636704839,0.3344
473,6.96272389616909,1.13281742686353,3.10439058395211,0.3387
474,7.21300731458352,0.824348377187764,2.28039432411991,0.3383
475,6.63465814589504,0.936876485538787,2.55199775438452,0.3257
476,6.61314750005582,0.775885714082084,2.17251550285167,0.3281
477,6.2948121517756,0.928664477049123,2.53112654173864,0.3311
478,6.90786764270158,1.02791635284595,2.79523547815663,0.3282
479,6.71086859446762,0.981636393016799,2.66881990888059,0.3386
480,6.30140872550702,0.919159200619242,2.50718146684515,0.3347
481,6.42500898850175,0.979177168922144,2.66226474626699,0.3249
482,6.58666689519539,0.995881524888803,2.70710967431439,0.3329
483,6.92305015195822,0.965301033021419,2.62557792317561,0.3397
484,6.67894949297785,0.957061251910981,2.60403262198271,0.3363
485,6.63945181941321,0.998568125649389,2.7143923756995,0.3361
486,6.57061883637683,0.92648691377625,2.52562085021375,0.3317
487,6.87658395696518,0.986550709498728,2.68196761407798,0.3359
488,6.83828701429883,0.975376090539637,2.65216447740913,0.3318
489,6.56945938753693,0.993280399775845,2.70007729337334,0.3272
490,6.85829635520097,0.773010793228867,2.16627866223587,0.3243
491,7.10468428174514,0.897522264505953,2.45351640896015,0.342
492,6.73441996198782,0.821053331828543,2.27289268728914,0.3323
493,6.41771918422177,0.989528020201379,2.68996456375414,0.3285
494,6.78090733102625,0.931495076182295,2.53830129596967,0.3402
495,6.92592701046246,1.02148654132789,2.77732029822009,0.3306
496,6.40259634988301,0.978461456367055,2.66036001166565,0.3397
497,6.64850710153129,0.988985797615583,2.68850639957318,0.3353
498,6.64247335764354,0.798285646201751,2.2217288325228,0.341
499,6.34697157004959,0.915734136439068,2.49860889858854,0.3379
500,7.07923021816535,0.88649082579007,2.42659933305984,0.3332
501,6.70836152206194,1.00058139825996,2.71986269229539,0.33
502,6.45237058373854,0.90817368383369,2.47978951560156,0.3319
503,6.69251427504957,0.980712084917586,2.66635423671939,0.3339
504,6.84766861627042,0.897924709982317,2.45450401425543,0.3376
505,6.44484979005557,0.863064881454445,2.37041461161073,0.3398
506,6.73287793916896,1.04461172335045,2.84229471270554,0.3269
507,6.60549210747801,0.923449944438861,2.51796225248341,0.3407
508,6.46976010014044,0.898799928207233,2.45665318125971,0.3344
509,6.85061856515182,0.903713565035777,2.46875398794416,0.33
510,6.82921037777961,0.867716307225688,2.38146610189145,0.3303
511,6.66567243710817,1.01273741173289,2.75312715181714,0.3326
512,6.48443493115089,1.00750632658071,2.7387629122868,0.3355
513,6.66483270959648,1.07444799755244,2.92837598359339,0.3432
514,6.98694550233051,0.92255069117958,2.51569898449919,0.3276
515,6.31417153455147,0.862333352326654,2.36868121836852,0.333
516,6.27927165124839,0.800228504810055,2.22604953340672,0.3388
517,7.07157501052515,0.925956810313939,2.52428236465583,0.3303
518,6.69147626224258,0.886990274843263,2.42781159850643,0.3283
519,6.91282536372219,1.03007782854912,2.80128384607262,0.3338
520,6.72003273664646,0.93876038236334,2.55680998630124,0.3337
521,6.80806850943788,0.860507199334194,2.36435959125055,0.3316
522,6.6840589925814,0.879898086036682,2.41065401459289,0.3425
523,6.98135565641572,0.946836058143511,2.57754155281695,0.3403
524,6.61540659223381,0.877825815290328,2.40566365926839,0.3412
525,6.76841911266796,0.99973504943936,2.71756171356625,0.3288
526,7.15080902904982,0.966657973118743,2.62914309345242,0.3243
527,6.91856808970875,0.891285864982314,2.43826291328007,0.3399
528,6.64113842408393,0.976359520959917,2.65477397955739,0.3302
529,6.43167132093585,0.963451238469593,2.62072563269178,0.3379
530,7.08512519765345,0.939537469536409,2.55879762272894,0.3262
531,6.84178416806563,0.945645536825347,2.57447476055288,0.3373
532,6.22511303469608,0.957392877180525,2.60489632820836,0.3464
533,6.52486031069918,1.00396621011227,2.7290845140342,0.3361
534,6.77171186613614,0.902901642529391,2.46675036452216,0.3367
535,6.76305425123347,1.10787695496853,3.02792314849827,0.3413
536,6.92744980645861,0.824722134367444,2.28124679717009,0.3321
537,6.52144401245709,1.00961410856337,2.74454171549727,0.3377
538,6.57442651730802,0.965779222568123,2.62683374732958,0.3377
539,6.97384548719533,1.00093129580223,2.72081453208024,0.3269
540,6.98192005109416,0.889479530107713,2.43386256939016,0.3409
541,6.68757933738575,0.907408626881073,2.47789306093204,0.339
542,6.96984031359512,0.855891543826397,2.35347166866066,0.3321
543,6.6532585725164,0.951939207387571,2.5907287515468,0.3318
544,6.94186566608056,1.01924454448651,2.77110052983985,0.3329
545,6.37682886401082,0.891857655403867,2.43965748732316,0.3433
546,6.31965469484608,0.923099906547197,2.51708102452584,0.3356
547,7.34513477584724,0.815316664468012,2.25989118629508,0.3313
548,6.47404355598971,0.956726020210242,2.60315981400268,0.3382
549,6.03249241233614,0.990285111424282,2.69200188343639,0.3367
550,6.76745585567498,0.916659417171817,2.5009218831761,0.3301
551,6.66852913692995,0.86598976782682,2.37735795429932,0.3347
552,6.57627497799556,0.982485720602194,2.67108757410866,0.3338
553,6.36957295841629,0.917144947708651,2.50213645195187,0.3363
554,6.94395060661187,0.923791736818243,2.51882301988637,0.3356
555,6.44810254436638,0.814879377445115,2.25890318124278,0.3305
556,6.58788710147738,0.927385360577652,2.52789100584251,0.3333
557,7.19536067563201,0.868856597118889,2.38418321247089,0.334
558,6.11858182223395,0.838241740624766,2.31229778122662,0.3361
559,6.72916758405526,0.88287361292125,2.41783766269154,0.3391
560,7.12292893312662,0.836888109047087,2.30916989941036,0.3314
561,7.01210781975624,0.883969818382481,2.42048956278988,0.3378
562,6.54205094640529,1.0031326592723,2.72681063117532,0.3317
563,6.88346481777653,0.879285656767944,2.40917811150681,0.3255
564,6.80973802719592,0.805897481319183,2.23870479321291,0.3476
565,7.03623781567458,1.0641707448931,2.89843444564348,0.3332
566,6.74228876494536,0.996664505003265,2.7092301173811,0.3371
567,6.58396122734428,1.02845358973473,2.79673758522584,0.3307
568,6.69200183019047,0.963733970263671,2.62146669990839,0.3326
569,6.71126148215065,0.854741288416611,2.3507661314697,0.3272
570,6.43209837163807,0.938606292608987,2.55641603843097,0.331
571,6.75969959703066,0.976931752818303,2.65629356054016,0.3286
572,6.89217211900174,0.981443034659407,2.66830392013381,0.3399
573,6.89865983331449,0.915073752483051,2.49695940207002,0.3357
574,6.65184701561414,0.905815022131946,2.4739474235106,0.3333
575,6.84514260421532,0.897137270372334,2.45257200134332,0.3377
576,6.85241234337206,0.964355724071277,2.62309711361601,0.3349
577,6.89343041355979,0.872549286337831,2.39300353544856,0.3409
578,6.70673586278059,1.03100497582171,2.80388225311714,0.3314
579,6.70632236499199,1.04330330821121,2.83857824314597,0.3345
580,6.95486164378854,0.964684511828486,2.6239596976287,0.3435
581,6.65604075222116,0.979277468401273,2.66253178342596,0.3321
582,6.61625367286354,0.994260168274693,2.70272404043781,0.338
583,6.95389699786343,1.10699857726415,3.02526465606522,0.3348
584,6.3606324794802,0.842031838850516,2.32107824584551,0.3391
585,7.02762557718667,1.11972573993319,3.06401375143091,0.3347
586,6.79489703382437,0.920798520776048,2.51129491066501,0.338
587,6.37961323613195,0.827238936580646,2.28699547526646,0.3383
588,6.58942425543489,0.931755083889346,2.53896135967655,0.3297
589,6.62974223610421,0.972345187951656,2.64413819481551,0.3362
590,6.6721972061757,0.948314354092326,2.58135473986743,0.3331
591,6.50166993894209,0.87531509498123,2.39963128663131,0.3261
592,6.77367772637265,0.947063619304881,2.57812816790906,0.3284
593,6.51148468534968,0.892627642918631,2.44153671652737,0.3329
594,6.96564210262029,1.01688717721069,2.76457572183884,0.3226
595,6.5408840025833,0.931129837350653,2.53737437905331,0.3452
596,6.63791408199379,1.05103812737917,2.86061926431931,0.344
597,6.45374863988321,0.891673855197849,2.43920911898074,0.3352
598,6.78905695049942,0.994601355184931,2.70364633183033,0.3403
599,6.83569772473993,1.00705983090997,2.73754033946034,0.3401
600,7.09859686238301,0.837445763861967,2.31045797824144,0.3347
601,6.76451120417854,0.955123808468832,2.59899234026312,0.3391
602,7.28959019919538,0.98544171948161,2.67899498737906,0.3393
603,6.6489804560179,1.05031512292685,2.8585517713482,0.3338
604,6.67587896880106,0.910361024003941,2.48521959537361,0.3253
605,6.40718445034205,0.829300523504826,2.29171517860165,0.3387
606,6.40325785604142,1.042224395946,2.83551731779557,0.3343
607,6.55540978661549,0.913010472802095,2.49181278774975,0.3306
608,6.82787752071261,0.909266625572923,2.48250126268853,0.3408
609,6.77226888245348,0.904404638456789,2.47046066786089,0.3423
610,6.46763952460103,0.940820289629858,2.56208220604875,0.3296
611,6.78560313548697,0.795042163397293,2.214534367128,0.3402
612,6.74980116398284,0.94977078715343,2.58511704936393,0.3453
613,6.50493127870179,1.00597883553456,2.73458266991494,0.3401
614,6.6474822408837,0.828557929401638,2.29001399614604,0.3393
615,6.49107078081839,0.927147281529235,2.52728923959414,0.3417
616,6.8147155686002,1.1044356681761,3.01752110503173,0.3372
617,6.95076791772126,0.980961963346959,2.6670205843777,0.3321
618,6.8744118698287,0.977250316634883,2.65713989435327,0.3381
619,6.90031207576137,0.958276798826951,2.60719987038498,0.3318
620,6.76948924480733,0.919482438120769,2.50799201291076,0.339
621,6.67498341560199,0.997291761213407,2.71093003188216,0.3398
622,6.43601253446518,0.784243014297605,2.19074794802135,0.334
623,6.24954253613987,0.968363277657695,2.63363040813484,0.338
624,6.34471099440553,0.942598410035085,2.56664194938414,0.336
625,6.13142720042195,1.04399478488015,2.84054173254939,0.3363
626,6.69724121936112,1.0146735345136,2.75846270749267,0.3323
627,7.235235211513,0.913655468830871,2.49342051553558,0.3374
628,6.86085300804778,0.950316176602114,2.58652732946726,0.3348
629,7.55666965102021,1.00452468912535,2.73060907613855,0.3278
630,7.17386643648352,0.9923490536502,2.69756375751485,0.3372
631,6.40464712059598,0.893972681799452,2.44482288785873,0.3254
632,6.88271425312442,0.921208753804261,2.51232533812419,0.3482
633,6.41867130681254,0.902348282278924,2.46538574052177,0.3386
634,7.00686697923618,0.945877050282962,2.57507085510553,0.3333
635,6.12433953184167,0.920858652553628,2.51144592383232,0.3236
636,6.84852955282734,0.786583481270808,2.195881326148,0.3324
637,6.71659704032365,0.866835438421448,2.37936926634803,0.3349
638,7.19965841446455,0.919622795420487,2.50834405260249,0.3343
639,6.20356161406864,0.938895857587392,2.55715639417131,0.3378
640,6.46571912656868,0.919902675827462,2.50904618720905,0.3404
641,7.21399346352034,0.945324786904084,2.57364913039362,0.3316
642,6.56054659833973,1.03811568248482,2.82389089080704,0.3334
643,6.53316328877405,0.882476411285161,2.41687748432095,0.3329
644,6.78096107599558,0.888565124454526,2.43163804890968,0.3276
645,6.92110332953972,1.04949501524791,2.85620841212467,0.3386
646,6.64034500117228,0.878731781659648,2.40784409719216,0.3311
647,6.53199808574184,0.870837432957511,2.38891056853642,0.3428
648,6.49564347133568,1.05736970629906,2.87878896168733,0.3371
649,6.8032914115467,0.882268617188806,2.41637532362292,0.3393
650,6.81818140315311,0.798831022884314,2.22294084209387,0.3362
651,6.31693457674924,0.975966182254139,2.65372995953634,0.3332
652,6.24617037616749,0.977332325108357,2.65735781127521,0.3275
653,5.97613944401904,0.986403232553615,2.68157211485159,0.3371
654,6.51349609308583,0.933108973044718,2.54240115995603,0.3405
655,6.80870461584829,0.923036099338531,2.51692042173554,0.3239
656,7.17049208933661,1.02453956942543,2.78581249198322,0.3325
657,6.51707164245185,0.880606055328706,2.41236128788614,0.3313
658,6.95880344134615,0.900054165647743,2.45973634076086,0.3356
659,6.643419868178,0.909586454283313,2.48329536484748,0.3352
660,6.68329921651513,0.857054850974673,2.35621107215097,0.3334
661,6.72179859852253,0.875578767392915,2.4002640866221,0.3298
662,6.67007685362339,0.963827197764368,2.6217111040894,0.3261
663,6.89298244488895,0.843548916200784,2.32460217343998,0.3387
664,7.23138816987971,0.903289419717443,2.46770709953016,0.3258
665,6.51466046394762,0.962700938323366,2.61876003935105,0.3414
666,6.53520964974427,0.86036725847832,2.36402874389583,0.3329
667,6.36532255920895,0.995602222642941,2.7063536780832,0.3362
668,6.73058417319223,0.951071461874352,2.58848163340103,0.342
669,6.99010076505596,1.06527157963868,2.9016268998489,0.3385
670,6.55201643675841,0.905662195649205,2.47356936771658,0.3328
671,6.53958527622937,0.912041162720594,2.48939861872158,0.3407
672,6.57525522625083,0.932419478415687,2.5406487922049,0.3326
673,6.80192803163831,1.03329089967572,2.81029904579888,0.3264
674,6.94704291068289,0.879471346119866,2.40962551176645,0.3446
675,7.07355677096955,0.880356558654202,2.41175948684391,0.3281
676,6.71039665426389,0.805147951952894,2.23702744691662,0.3338
677,6.67394526501997,0.859943736965257,2.36302773885384,0.3326
678,7.18607596421199,0.877612646455223,2.40515090140243,0.3289
679,6.81274210993894,1.03170649393503,2.80584991740068,0.3319
680,6.65599962833903,0.914474431262898,2.49546336966126,0.3374
681,6.50374029755462,0.943970699743458,2.57016654354539,0.3349
682,6.8514437842254,0.881306262758749,2.41405103270077,0.3229
683,6.11158309992325,0.871160310115942,2.3896820177275,0.3332
684,6.75149229337198,0.956205666861266,2.60180560344011,0.3366
685,6.82302585890729,0.836168998847194,2.30750994869768,0.333
686,6.18623029303792,1.14277330334514,3.13545187779454,0.3385
687,6.71388454850132,0.910524432909659,2.48562573557072,0.3283
688,6.73509129410457,0.926597871546566,2.52590110301978,0.3365
689,6.8809381230049,0.881231727325454,2.41387110706655,0.3458
690,6.34125582084198,0.99116509762552,2.69437185056376,0.3296
691,7.01470990715,0.95952498262007,2.61045616681406,0.3276
692,6.87582757791077,0.925130885947573,2.52219835907723,0.3343
693,6.52376875146056,1.04871935177744,2.85399381459756,0.3415
694,6.47184988119542,0.875726280968547,2.40061818427644,0.3297
695,6.38870318617868,0.902705792662131,2.4662672990964,0.334
696,6.50579968844684,0.942486386728961,2.56635444177142,0.3336
697,6.69599928510595,1.01129483805564,2.74915842633551,0.3321
698,7.02037538278541,0.735892694009871,2.08734452099776,0.3387
699,6.55079389966173,0.93067797522024,2.53622809466149,0.3304
700,6.69349304789267,0.987141200255034,2.68355175882819,0.3349
701,6.93095732333548,0.971045402601151,2.64070361531678,0.3339
702,6.81232443250794,0.882108939427371,2.41598951302396,0.3403
703,6.79902635289635,0.908908151244971,2.48161150920316,0.3344
704,6.75188706199544,1.07231325687892,2.92213132800544,0.3326
705,6.66029386038215,0.873063512988684,2.39423439808613,0.343
706,6.49244177608892,0.915345574763695,2.49763822352458,0.3317
707,6.62574600515896,0.952661440066323,2.59260053636367,0.3317
708,6.71472577307854,0.926814604096662,2.52644860733599,0.3408
709,6.56533729353563,0.942230466224561,2.56569774308312,0.3379
710,6.47580135600934,0.850197902012557,2.34010991856606,0.3346
711,6.78923667309206,0.907056993601021,2.47702190444019,0.3328
712,6.93333990779415,0.857766701943711,2.35788894041116,0.3267
713,6.56589169605484,0.963262955807447,2.62023224194282,0.3367
714,6.68532272472645,0.809421642933003,2.24660826909307,0.3366
715,7.11765113816265,0.814457903132429,2.25795131218532,0.3285
716,6.46008197458312,1.01540027587659,2.76046812506216,0.3388
717,6.87112463884468,0.82332068521637,2.27805198498911,0.344
718,6.41182545183103,0.985102244168645,2.67808568906819,0.3371
719,7.12670513261335,1.02933692493729,2.79920913342925,0.3277
720,6.99402791392681,0.937328386467979,2.55315126515769,0.3327
721,6.27418559344653,0.817862747446421,2.26565238791398,0.3352
722,6.83247539772928,0.971688604155125,2.64240266634329,0.3229
723,6.45918126534371,0.900687225072202,2.46129399302426,0.3311
724,6.99518448520876,0.914608577176007,2.49579814832771,0.3247
725,6.35660093367562,0.875964368787011,2.4011898102688,0.3283
726,6.60996776755854,0.9480250203837,2.58060797496461,0.3265
727,6.45691525000695,0.96788506508221,2.63237127404536,0.3356
728,6.54029470301099,1.00383973873547,2.72873938478325,0.332
729,7.08945164848234,0.987261964753833,2.68387585618068,0.3323
730,6.97691797289508,0.87473997578378,2.39825160938904,0.3346
731,6.61074536485058,0.895763567886168,2.44920521010177,0.3334
732,7.13101136611433,0.967749932745188,2.63201557959664,0.3397
733,6.66629475802769,0.788820148031067,2.20079827766084,0.3412
734,7.11677607962719,0.777511829839298,2.17605113844093,0.3278
735,6.8190831238004,0.842594116940333,2.32238370426884,0.3462
736,6.31120251658775,0.864264221076878,2.37325924927838,0.3444
737,7.04515306906959,0.898416210267634,2.4557107001977,0.3294
738,6.71736388366495,0.911648755127089,2.48842195143869,0.3385
739,6.70853497380902,0.850442667175109,2.34068276605436,0.3357
740,6.54766822638874,0.84642935516296,2.33130770090693,0.3343
741,6.38650289332564,0.898065542788217,2.45484971328516,0.3313
742,6.82600582471742,0.801760887246811,2.22946330755082,0.329
743,6.70584567672465,0.895099856879924,2.44758018498046,0.3312
744,6.69892520518622,0.896052861399361,2.44991385177931,0.3366
745,6.89095628951548,0.957914197548551,2.60625466775513,0.3214
746,7.15574949454214,0.920192344466546,2.50977308447808,0.3294
747,6.57177098304571,0.93826052569961,2.55553226715652,0.3336
748,6.89550082106173,0.873531034843343,2.39535401669511,0.3345
749,6.5890201675613,0.949154390288425,2.58352408231942,0.3346
750,6.4745257148226,0.853882135669133,2.34874733164206,0.3386
751,6.41931839810549,1.04122931685218,2.8326971571666,0.3388
752,6.47965267126621,0.975255784878389,2.65184542620016,0.3292
753,7.09607998721647,0.986928082527483,2.6829799073136,0.3326
754,6.83433045395561,0.934296475599569,2.54542206113788,0.3432
755,6.54416853150406,1.03357304650258,2.8110920746272,0.3344
756,7.10135080537804,0.911879947706179,2.48899732263572,0.3382
757,6.25238401426244,0.913187585461383,2.49225415842405,0.3342
758,6.37456744790202,0.920037601199023,2.50938474403756,0.3343
759,6.94285442107357,1.00733143247594,2.73828396068323,0.3284
760,6.84989787389236,0.863973091088428,2.37256842290557,0.3331
761,6.44100562587807,0.912635180531113,2.49087780512662,0.3362
762,6.86696008593109,0.841734531646033,2.32038827513256,0.3348
763,6.72849716242356,0.973228567226765,2.64647500368964,0.3345
764,6.48130077367017,1.03422067394505,2.81291320464127,0.3366
765,6.61509775130584,1.05639602449452,2.87598730144037,0.3274
766,6.38505766403446,0.988076740980815,2.68606350552578,0.3443
767,7.00937672382568,0.863625971716285,2.37174500136529,0.3351
768,6.93558904843118,0.941528977173258,2.56389856533292,0.3325
769,6.29389269536922,0.95774806588812,2.60582172230363,0.3331
770,6.74937325277716,0.869646342203187,2.38606685314308,0.3357
771,6.86927234107748,0.857860454862755,2.35811000974489,0.3292
772,6.26485398263038,0.914892073582388,2.4965057984372,0.3412
773,6.58320711201063,0.955484483704622,2.59992990150566,0.34
774,6.81741569148786,1.03567684926438,2.81701228318948,0.3355
775,6.68189226093506,0.807690779046192,2.2427230593269,0.3406
776,6.42922928264815,0.941167319008134,2.56297147813665,0.3358
777,6.36662973012141,0.943095856303289,2.5679190334577,0.3381
778,6.57097319793222,0.986018570692403,2.68054081469455,0.3297
779,7.03403038332226,1.0663762741597,2.90483408233952,0.3338
780,7.30971265089828,0.948656523581219,2.58223815182911,0.333
781,6.51610444839541,0.924296168183156,2.52009391373267,0.33
782,6.83090890630678,0.988284500290994,2.68662161820133,0.3401
783,6.53006275714068,0.901104239421611,2.46232060197792,0.3416
784,6.71313928588611,0.879673983732209,2.41011384200216,0.3347
785,6.72986017045612,1.02514527955617,2.78750039797122,0.3367
786,6.87202721459768,0.966116840702051,2.62772076376549,0.3341
787,6.42753988151402,0.883086875335788,2.41835335157602,0.3332
788,6.88126097321985,0.979845083576298,2.66404350586793,0.3322
789,6.88737238181911,0.970264610196593,2.63864257871682,0.3376
790,6.73353576845157,0.968478065003376,2.63393273293009,0.3336
791,6.47690690955336,1.06892013325075,2.91223297781162,0.3391
792,6.7396473525244,0.888684838932421,2.43192916861441,0.3299
793,6.62012464127749,0.833004077056844,2.30021840484906,0.3377
794,6.99135629818344,0.961655540530357,2.6160238238515,0.3371
795,6.92865511726463,0.907165555921325,2.47729083028292,0.3368
796,6.68838531864081,0.93469577745303,2.5464386558353,0.3395
797,6.95735440093418,0.946517530176204,2.57672066449037,0.3358
798,6.76560859312872,0.902291183795954,2.46524497475485,0.3374
799,6.85326021419385,0.940521717242055,2.56131735323439,0.3271
800,6.43788228781748,0.859698838548322,2.36244910795721,0.3334
801,7.16407453593314,0.864776123191677,2.37447443670903,0.3416
802,6.45488692853916,0.905325853193193,2.47273754121745,0.3354
803,6.37553788622155,0.983480037788838,2.673744803236,0.3331
804,6.6772693685477,0.766386158091007,2.15197528612515,0.3369
805,7.07564694591317,0.9269824635066,2.52687273110404,0.3349
806,6.46942509332309,0.934489531896791,2.5459135183338,0.3398
807,6.54503655250098,0.925772541170731,2.52381726016079,0.331
808,7.06124219486816,0.896592028652545,2.45123512126192,0.332
809,6.70009817366378,0.893612454455554,2.44394235440917,0.3303
810,6.81123429994879,0.982798866049251,2.67192414399837,0.3321
811,6.51841679848499,0.985901085124813,2.68022590833433,0.3271
812,6.95902562106538,0.817301629968749,2.26438144736761,0.3303
813,6.61161495484039,1.02456273933296,2.78587703974882,0.3357
814,6.97923839695068,1.07885464862301,2.94130878900888,0.3378
815,6.77112321750258,0.974315792467144,2.64935388282313,0.3374
816,6.62548432455144,1.12217412732805,3.07152483534702,0.335
817,6.82704099575817,0.9832002222086,2.67299675244548,0.3353
818,6.81559646940435,0.852046004520475,2.34443868034104,0.3342
819,6.92145811828496,0.886252531272491,2.42602115663329,0.3346
820,6.62890518796509,0.981153697857709,2.66753199329041,0.3353
821,6.65743697387459,0.948197227914418,2.58105241335845,0.329
822,6.3093816839837,0.981846941241605,2.66938188333402,0.3348
823,6.80268034483107,0.911112713158694,2.48708841028659,0.3291
824,6.64148405718061,1.01940845563783,2.77155478134553,0.3418
825,6.80442957199989,0.841054664203382,2.31881125483311,0.3312
826,6.8888546341363,0.903158753464986,2.46738467455679,0.3356
827,6.6642045346236,0.943611329976736,2.56924306933849,0.3387
828,6.72475413192451,0.903915680773182,2.46925301240556,0.3357
829,6.44904373832953,0.955784005771845,2.6007087545204,0.3349
830,7.10270095326957,0.97200983408932,2.64325162152553,0.3327
831,7.00801839018083,0.953078888074048,2.59368303822081,0.3408
832,6.92025365946042,0.947151277619941,2.5783541721857,0.3262
833,6.73652287515656,1.06610441955825,2.90404449715881,0.3353
834,6.8183974051517,0.899489094746294,2.45834680795871,0.3376
835,6.64570583613752,0.910102439438354,2.48457703902531,0.3359
836,6.66387219335121,0.840046846155426,2.31647549221025,0.3391
837,6.65816936324718,0.857233272478119,2.35663150837922,0.3361
838,6.75581645474675,1.01651559341455,2.76354864113251,0.3345
839,6.53627713284881,0.945457930338365,2.57399181769025,0.3351
840,6.60946468279198,0.822887913992928,2.27706632294297,0.34
841,6.56839230696695,0.998208100297416,2.71341530152534,0.3352
842,6.57707549462824,0.936604171592997,2.55130290441934,0.3318
843,6.64641491645151,0.997077911741333,2.71035036290917,0.3338
844,6.86460229021689,0.847124843461883,2.33292966209624,0.3325
845,6.67705720050606,1.00508656722075,2.73214377668248,0.34
846,6.95590355598439,0.924797706359974,2.52135815404546,0.3351
847,7.05841993909899,0.802439540529567,2.2309768536717,0.3385
848,6.73582258097816,0.911288995623482,2.48752687900774,0.3281
849,6.49343014836228,1.01813880945814,2.7680381203356,0.3369
850,6.59452496641713,0.904498644999827,2.47069291824434,0.3393
851,7.1251768603814,0.951543584492891,2.58970400265921,0.3398
852,6.57343282402362,0.934002026856509,2.54467267514472,0.334
853,6.92788454150397,0.8287392902643,2.29042935272347,0.3341
854,6.34256860933666,0.904220211970092,2.47000509149086,0.3372
855,6.59886730171682,0.902539091793961,2.46585620446237,0.3349
856,7.27464300188154,1.03546368072963,2.81641184880784,0.3373
857,6.72695452786982,0.915257950756389,2.49741938004275,0.3404
858,6.83760984215759,0.953696555134677,2.59528556566248,0.3321
859,7.0351579200069,0.895346000515326,2.4481827154166,0.3372
860,6.63395022465252,1.04705773412551,2.84925550581568,0.3346
861,6.44283007760816,0.965642685393779,2.62647511135638,0.3348
862,6.68009365499126,0.815859784629441,2.26111891213213,0.3319
863,6.53432038689427,0.898328640422784,2.45549566340819,0.3375
864,6.73130924180366,0.929919312194613,2.53430468188485,0.3337
865,6.50112374117006,0.749340927348041,2.11560521948434,0.3365
866,6.9064298189179,0.904959845438442,2.47183266570773,0.3447
867,6.9047966179271,0.880929051535679,2.41314059728219,0.3343
868,6.52629071228251,0.948608575443633,2.5821143412872,0.3333
869,6.59333265355882,0.891016318964026,2.43760577778837,0.3333
870,6.50980833726595,0.906053198666484,2.47453672991125,0.3388
871,6.62312330869236,0.932539391591613,2.54095346773743,0.3359
872,6.72268738461482,0.889882042765535,2.43484242707106,0.3348
873,6.70125434862664,0.884243046124466,2.42115099804473,0.3275
874,6.77885534278849,0.939091773090133,2.55765742983058,0.3301
875,6.8069723804605,0.858799246572459,2.36032482333426,0.3329
876,6.68159883713377,0.958839959854098,2.60866855725674,0.3379
877,6.91780645635547,0.893472609659021,2.44360060568432,0.3357
878,6.60707088696679,0.717048924302247,2.04837935980285,0.3221
879,6.6985015214501,0.962219375920903,2.61749924657458,0.3396
880,6.80069792955121,0.923822568175099,2.51890067981492,0.3314
881,6.83396151659625,1.11042315755136,3.03564267781175,0.3409
882,6.96713188501709,0.826878397506559,2.28617107265897,0.3362
883,6.62778071483044,0.930591852339243,2.53600967679663,0.332
884,6.93896010276632,1.04498296199229,2.84335007821851,0.3413
885,6.87227140303428,1.03928824142504,2.82720401135222,0.3366
886,6.70163788500103,0.912093329117673,2.48952848506571,0.3374
887,7.26339091072549,0.859336833212914,2.36159404355377,0.3412
888,6.59782648356188,0.921531182188526,2.51313551372849,0.3409
889,6.6863279467029,0.992977373573225,2.69925922315896,0.3291
890,6.94556525686844,0.925410715388548,2.52290424319305,0.347
891,6.82212769035178,0.845348431510738,2.32878909672706,0.3346
892,6.9491951154059,0.894532387728863,2.4461916527426,0.3374
893,6.57765431398282,0.931936018450637,2.53942078709819,0.3386
894,7.01056141715741,0.835141982506558,2.30514131479525,0.3329
895,6.508314672261,0.795372146110385,2.21526524576872,0.3389
896,6.36295846887889,0.984045867972445,2.67525811684781,0.3281
897,7.05050570487898,0.831048652898876,2.29572489700033,0.3402
898,6.8876818632723,0.89642783624597,2.45083268010807,0.3274
899,6.39450301848346,0.916218829829638,2.49982025135093,0.333
900,6.57875648003403,0.876250426471022,2.40187678731764,0.3364
901,6.79076190488926,0.885505197431082,2.42420878623018,0.3331
902,6.69998688823713,0.974791573626147,2.65061469539575,0.3234
903,5.80642851199939,0.887504372555802,2.42906005178169,0.3345
904,6.83873409836233,0.971018772698557,2.64063329457305,0.3303
905,6.41054476160746,0.984304302144628,2.67594958431018,0.3392
906,6.51976162491448,0.851474362063912,2.34309888263366,0.3354
907,6.56675720170371,0.883390341416879,2.41908735115667,0.3324
908,6.3726998180689,0.960090466085502,2.61193275406712,0.3362
909,7.0384971271646,0.881511574611682,2.41454671687454,0.334
910,6.63261115011256,0.92193351154928,2.51414682535976,0.3384
911,6.81135431739883,0.852251445299,2.34492037312671,0.3365
912,6.61838014658004,0.888276756558054,2.43093694365351,0.337
913,6.84960858966728,1.03494952369721,2.81496414305552,0.3365
914,6.76985078431599,0.79110187710205,2.20582563642452,0.3355
915,6.48803860193653,0.892986700215103,2.44241352550295,0.3338
916,6.50279931754036,0.836343287895995,2.30791215746101,0.3285
917,6.21718177867933,0.939723417153217,2.55927346928867,0.3305
918,6.54734334252467,0.880220753040442,2.41143197860579,0.3349
919,6.69497951672529,0.892690766468157,2.44169083985557,0.3367
920,6.97313016798006,0.928382243758511,2.53041227436557,0.3304
921,6.95072920992417,0.899870857936405,2.45928549344489,0.3401
922,6.92532511659628,0.959249377829951,2.6097368117235,0.3373
923,6.67287807483812,0.809857509768149,2.24758770456535,0.3352
924,6.84562802235724,0.83369567584576,2.30180978334638,0.3404
925,7.27167813375279,0.827749310898648,2.28816299693362,0.3388
926,7.20368672646424,1.02926352350428,2.79900367500815,0.3323
927,6.78273151105521,1.00263733345686,2.72546030592896,0.325
928,6.86381060078242,0.895532676512773,2.44863977502664,0.3277
929,6.74620757629833,0.943706425350892,2.56948740408684,0.3364
930,6.32277101593411,0.909058913980367,2.48198567194667,0.3319
931,6.86654067558185,0.922465535816808,2.51548476836049,0.3255
932,6.17584155037179,0.873914858595963,2.39627358692781,0.3345
933,7.3334267875284,0.982193688956874,2.670307645897,0.3368
934,6.46156963420337,0.958195039780729,2.60698671692399,0.3195
935,6.63880163057081,0.86636301699468,2.37824546679881,0.3367
936,6.8624692030922,0.987809864333947,2.68534675355059,0.3337
937,7.14786521125859,0.895172872477584,2.44775890303501,0.3425
938,6.46063786446914,1.05844893006494,2.8818974962522,0.3333
939,6.15556629565886,1.09347299833315,2.98462167966969,0.3347
940,6.1782236397784,0.949601144842862,2.5846785413304,0.3307
941,6.71217344786895,0.916411319886496,2.50030148820842,0.3304
942,6.40647069679148,1.05165936849479,2.86239695075123,0.3351
943,6.78718016144124,0.918170475026681,2.50470377744299,0.3387
944,6.82438769337131,1.0610800448253,2.88949008339634,0.3367
945,6.85682467522516,0.953746577590163,2.59541539146624,0.335
946,7.06761535158525,0.883775215762772,2.4200185750092,0.3312
947,6.84280609256703,0.917355321604469,2.50266289151777,0.3381
948,6.56336211420144,0.975782553476886,2.65324270308723,0.3312
949,6.39652911875333,0.861934027865143,2.36773553484635,0.3301
950,6.80135894033898,0.994014987384237,2.70206146537961,0.3341
951,6.54305881775231,0.869942102700974,2.38677266183334,0.3393
952,6.36855720838362,0.856049864696347,2.35384430183967,0.3285
953,6.35368920364182,0.946179746995526,2.57585043857071,0.3301
954,6.71903244796474,0.976790285688522,2.65591780889318,0.3339
955,6.98894664957867,1.08921370981167,2.9719363492273,0.3255
956,6.35076247817424,0.760684638951129,2.13974066893766,0.335
957,6.88935194406443,1.01423409559933,2.75725079793506,0.3247
958,6.66282794303329,0.960925677563984,2.61411518155171,0.3347
959,6.60690712085299,0.954870472909618,2.59833400647841,0.3365
960,6.65464456655839,0.85653859175238,2.35499497039419,0.328
961,6.5595404516379,0.823569682892813,2.27861928526549,0.3404
962,6.93793076446024,0.917063468552816,2.50193258829142,0.3342
963,6.96314846538437,0.939950235352822,2.55985402492708,0.3363
964,7.24970217677552,0.903549378529039,2.46834868512442,0.3383
965,6.75429453791662,0.877286051410679,2.40436551929458,0.3417
966,6.63333848931663,0.96485400673006,2.62440448311276,0.3351
967,6.54259208504059,0.970647608464758,2.63965336780766,0.3328
968,6.40084637691509,0.927925755576603,2.52925743467236,0.3312
969,6.4306125145875,0.844790258913924,2.32748959317688,0.3396
970,7.04758662962675,0.923328016356692,2.51765526089082,0.3289
971,6.91050742366671,0.972596625187635,2.64480311320388,0.3272
972,6.8238612651297,1.00789336476617,2.73982312327261,0.335
973,6.1038472938181,0.946029087507066,2.57546239149351,0.3239
974,7.24043852171438,0.983788280689756,2.67456909312469,0.3404
975,6.59507607176188,0.950897153623086,2.58803047901518,0.3334
976,6.63201747918998,0.889285296027252,2.43338987624007,0.3417
977,6.8977561945452,0.873289998502354,2.39477671890522,0.3319
978,6.50016084751789,1.01395769748601,2.75648880432821,0.3342
979,6.52565080010448,0.949883351133235,2.58540805680544,0.3285
980,6.33130046819807,1.07770444265227,2.93792762296943,0.3275
981,6.55635084849359,0.885076571235298,2.42316992949686,0.3371
982,6.9677540926669,0.934716787115996,2.54649215621523,0.3309
983,6.68441492921788,0.968110473228715,2.63296469885404,0.3348
984,6.52216064244385,1.099682180489,3.00321139307793,0.3329
985,6.65203898425315,0.821663927789962,2.27428093016936,0.339
986,6.94614180793888,1.02061570615602,2.77490276281106,0.3412
987,6.63697268175872,0.869260724417102,2.38514692070828,0.3423
988,7.06616846079112,1.07067733175079,2.91735484798538,0.334
989,7.17755618956672,0.952182706457916,2.59135966840004,0.3322
990,6.78464059867456,0.928470753172604,2.5306362495852,0.3367
991,6.57473441808731,1.12628733844722,3.08418468391872,0.3324
992,7.01899916019884,0.959806490491405,2.6111911342175,0.3414
993,6.71836283264794,1.01989592839392,2.7729061681488,0.3363
994,6.86556493558751,0.865024308205559,2.37506381881494,0.3349
995,7.0918373897947,1.0258747141029,2.78953443882017,0.3329
996,6.66693721970614,0.987506446636455,2.68453209541876,0.3369
997,6.85544400310513,0.918884076172001,2.50649177480988,0.3365
998,6.96919644677772,0.978721992764018,2.66105322257713,0.3328
999,6.98477759420112,0.960515916062681,2.61304423722121,0.325
1000,7.06244524501562,0.872805666034669,2.39361713162295,0.3369
