"Lot","mTmin","sdTmin","unc_mTminsdTmin_CRR"
1,-2.70480273063201,1.59762342222014,0.3308
2,-2.42866419168782,2.69674358669732,0.3294
3,-3.5865145856363,2.09279571956403,0.3391
4,-2.99009624729841,1.76517454253098,0.3396
5,-3.07531693497891,2.25531234291814,0.337
6,-2.83884347988804,2.01305933826238,0.3331
7,-3.38817711623823,2.43359149362278,0.3271
8,-3.13335735207778,1.54586860519925,0.34
9,-3.13091052393299,2.04738343442069,0.3376
10,-2.69030107256856,1.77416872826442,0.3328
11,-2.8723268522477,1.71258250389711,0.3353
12,-2.57767937793862,1.25802780233823,0.3365
13,-1.54280508239753,1.41787582160444,0.338
14,-2.20826000476385,2.18312964519126,0.3241
15,-2.58718974031291,2.43627463410063,0.3388
16,-3.12876962667245,1.21017000928317,0.3359
17,-2.35037156961944,1.45509303498052,0.3214
18,-3.53475713722684,2.89332353294742,0.3352
19,-2.01296228090042,1.67038107388765,0.3339
20,-3.25165844406197,1.1460506041286,0.3327
21,-2.45450932252117,1.56363661161784,0.3336
22,-2.30734657768559,1.53147755727834,0.3367
23,-3.17964258487198,1.73238077964485,0.3326
24,-2.15017477978105,2.22567907006068,0.3293
25,-2.9996573852504,1.94253075043745,0.3374
26,-3.76564879062264,1.55200860068535,0.3334
27,-2.59280869896178,2.09072742032317,0.3304
28,-3.24324344527014,1.68258410072448,0.3292
29,-3.02738593911444,1.66268657827935,0.3344
30,-2.29367374335261,2.0192706765488,0.3368
31,-2.36649793740963,2.36190546370867,0.3315
32,-2.41290840251375,1.68419781110954,0.3354
33,-2.84949986935415,2.10400838609253,0.3351
34,-2.6811058814869,1.73517849702654,0.3322
35,-2.72910552900978,1.79856484807435,0.3318
36,-2.70718510221352,1.59643281999938,0.337
37,-3.70487137433854,2.08009633085019,0.3407
38,-3.21087992580802,1.95101947410733,0.3399
39,-3.60798405369084,1.92779966285884,0.3393
40,-3.1896726844892,2.40519357693634,0.3418
41,-3.12552925233645,2.48826857370265,0.3336
42,-2.27408081406911,1.59545128693489,0.3357
43,-2.55871616560471,1.86539544925788,0.3276
44,-2.91457679017557,1.50198001205562,0.3362
45,-4.01918357662484,1.93606467180264,0.3289
46,-2.76679652570972,1.61762967035216,0.3333
47,-2.73804381469874,1.24366673991043,0.3344
48,-3.47358942135177,2.35313646180932,0.3327
49,-1.95499120030336,1.94758634880444,0.3296
50,-2.86249060492759,1.99934262100553,0.3331
51,-2.29888760538721,1.90200475762071,0.3365
52,-2.85897323271371,1.6664009444521,0.3284
53,-2.38552615202523,2.31614900588892,0.3264
54,-3.23358081068888,1.88150729748776,0.3302
55,-3.30426824695057,2.03223513398183,0.336
56,-3.9738943448549,1.9162171705248,0.3363
57,-2.47029125553116,1.78951256292105,0.3305
58,-2.51845996289422,1.9043892897516,0.3303
59,-2.75134921001845,2.78267367317687,0.3391
60,-2.19955906358917,2.28350183903251,0.3407
61,-3.4134215754679,2.8337324408361,0.3261
62,-3.08481570840878,1.30145001186124,0.3293
63,-2.53982723947071,1.30879545654962,0.3406
64,-2.64319960688919,2.29930852240778,0.3322
65,-3.69101407995101,2.64362230452409,0.3244
66,-3.57238091399804,1.88318804545515,0.3301
67,-3.21632499142347,1.36385765885529,0.3383
68,-3.36076410566577,2.05360882826924,0.3367
69,-2.62264386667187,1.15870268626131,0.3424
70,-3.11559357359798,2.27256063133773,0.3407
71,-3.04829043540593,1.67289077484426,0.3387
72,-3.5614594693157,1.60762294735512,0.3301
73,-2.62822878248899,2.12583539404803,0.3327
74,-2.75662540525277,2.42482862175316,0.3204
75,-3.23871288854696,1.3882021831218,0.3269
76,-2.78257289705546,2.01460207729987,0.33
77,-2.29953516711122,1.64190720346481,0.3348
78,-2.31828704500314,1.7340622362418,0.333
79,-2.67505482867402,2.52035958570265,0.3345
80,-2.71362297475773,1.83647069120232,0.3367
81,-2.56214790571422,2.01110440689714,0.3362
82,-2.73068203827596,2.56391957810598,0.3337
83,-3.3233741761354,1.44817301123473,0.3367
84,-2.57020853165895,1.2515896898082,0.3361
85,-2.00965040596502,2.32615388552724,0.33
86,-1.65034022912299,2.59848161627216,0.34
87,-3.29237781422904,1.95583108160067,0.3296
88,-2.83962284603148,1.72693554169201,0.3324
89,-3.02311438359986,2.24525003812095,0.3298
90,-2.49807497064138,1.49891717974388,0.3337
91,-2.59939918220373,1.42551637298108,0.3286
92,-2.18204975856951,2.20030320595579,0.3307
93,-2.79179820144495,2.00452448858663,0.3377
94,-2.54637065284797,1.8768557385447,0.3337
95,-3.24927375509147,2.06734208169387,0.3277
96,-2.23256653797638,1.46667685026579,0.3301
97,-2.45755030738929,2.70196162680246,0.3344
98,-2.15162160292923,2.19463487890613,0.325
99,-2.38983986253951,1.88832500878878,0.3331
100,-2.81162296789842,1.56659229043349,0.3365
101,-2.07276025354222,2.25827210463421,0.3328
102,-3.04596230479119,1.76394207084419,0.3365
103,-3.08999756735447,1.90730145515674,0.3316
104,-3.04720821125407,2.0934369341366,0.3298
105,-3.49812250496943,1.62522904825196,0.3376
106,-2.4297350109093,2.35182369274011,0.3354
107,-2.34655861623607,1.58979401285468,0.325
108,-3.00395722868115,2.09125431340552,0.3369
109,-3.43809317427952,1.7756574721526,0.339
110,-2.89720715789622,2.46094187007589,0.3398
111,-3.29560442657871,2.02524098361443,0.3343
112,-3.08020950368727,1.74011823239204,0.3357
113,-2.88000010587932,2.94916342019259,0.3371
114,-3.35956425999809,2.08520802177368,0.3328
115,-2.73656103825802,1.57647207161114,0.3398
116,-3.47827939134423,2.32183340491417,0.3379
117,-3.3463219735421,1.96852880772904,0.3348
118,-3.63668314214509,2.2418655428283,0.3369
119,-2.32151750095621,1.84776777387044,0.3371
120,-2.334666555333,1.33067263480473,0.3308
121,-2.80444375686101,1.49798752424031,0.3394
122,-2.50504459698792,2.39663745184887,0.3348
123,-2.49487934715333,1.49267609049954,0.338
124,-2.62169558113719,1.48656942091105,0.3382
125,-3.34414570192811,1.40750614531117,0.3373
126,-3.30866129012289,1.51647013078697,0.3364
127,-3.4368130556585,2.34242626037703,0.3312
128,-2.59018110774935,2.37111931579576,0.3345
129,-2.79986782796312,2.12938600721311,0.3356
130,-3.57659095590266,2.4204273670879,0.3325
131,-3.03120914446265,2.3690068025583,0.3349
132,-3.32531383135809,2.02258327469036,0.3409
133,-2.43767606286913,1.70235996909321,0.3314
134,-2.24968579543788,1.78586266659783,0.3362
135,-2.99692217435146,2.63002978720784,0.3336
136,-2.76884273225912,2.23331495519061,0.3355
137,-2.10540516030255,2.00178805560283,0.3385
138,-2.77183227548208,2.16379515388928,0.3319
139,-3.26061359439786,2.12241697386606,0.3449
140,-2.40901504600238,2.52824729381018,0.3357
141,-2.90081891410659,2.68088110531535,0.3306
142,-3.03848466224949,1.95838200826782,0.3445
143,-3.52129635237348,1.88476390154779,0.3329
144,-3.01000672160241,2.34145740687848,0.3403
145,-3.99496818415009,1.76633235863892,0.3419
146,-2.71064878563057,2.21917843098628,0.3309
147,-2.83503687164786,1.32553207931733,0.3346
148,-3.14775205769364,1.76268874220806,0.3413
149,-2.93108510985576,3.38327939517532,0.3322
150,-2.80263552300256,2.10541199895579,0.3217
151,-3.45836480049877,1.9203026914766,0.3276
152,-2.61538436215755,2.30872735478847,0.3247
153,-3.51472059633925,2.58699569054247,0.3395
154,-2.88210061733048,1.49033612545739,0.329
155,-2.63378329570815,1.32888180144722,0.3335
156,-3.26374531904704,1.60630826192664,0.3371
157,-2.34047226053379,2.02087210029029,0.3337
158,-1.84010840283673,1.90129197058764,0.3271
159,-2.96229179178183,1.40535208174932,0.3288
160,-2.77355182385938,1.75875887664305,0.3354
161,-3.18112731658713,1.91744198936514,0.3383
162,-3.05208820371586,1.95748750053044,0.3286
163,-3.51752019530041,1.84040811036575,0.3348
164,-2.29148909411012,1.77012092358665,0.3321
165,-2.5545051320513,1.87998359009696,0.328
166,-3.11944837298959,1.90515246324398,0.3425
167,-3.69255608585561,2.18867492095339,0.3347
168,-3.53221718414742,2.15385012644086,0.3254
169,-2.97033395184705,2.14665144790588,0.3388
170,-3.03724168975508,2.22481515499505,0.346
171,-2.71709801155338,1.4894355084302,0.3314
172,-3.40692109565931,2.0288264669464,0.3323
173,-3.53982827983847,1.35770404662644,0.3381
174,-2.14472004488111,1.62947798539165,0.3317
175,-2.77441518666383,2.11871843333344,0.3387
176,-2.83005869483086,1.92125795926932,0.3334
177,-3.21813422427029,1.68976690684732,0.333
178,-3.0216239385695,1.8551095632224,0.3359
179,-3.70014173835862,1.91507632972937,0.3325
180,-2.82157250800091,2.38162374675201,0.3368
181,-2.69260945460856,1.6619214745503,0.3394
182,-2.49240850176837,2.3061822827172,0.3285
183,-2.86917140674774,1.52440795485803,0.3359
184,-3.12667454910299,1.95056641729564,0.3382
185,-3.43265210138547,2.76393287830597,0.3266
186,-2.02749850851825,1.8665014640326,0.3434
187,-3.60310361036998,1.61906996158508,0.3324
188,-3.25903588574366,1.84494965590654,0.3287
189,-3.33744795209641,1.801888181343,0.3278
190,-2.0506361733822,2.16987809724865,0.33
191,-3.05768409024855,1.73915999620991,0.3298
192,-2.13067620382098,2.05850413586078,0.3345
193,-2.06026129660107,1.92539354926203,0.3423
194,-2.77254412785803,1.46112208884038,0.3358
195,-3.16396415600113,1.79948637222328,0.324
196,-3.26689834855612,1.92361303783309,0.3428
197,-2.79794998077541,2.16662935277586,0.3354
198,-2.49424808996064,2.54941986775418,0.3367
199,-2.54848333281849,1.78062500576666,0.334
200,-2.56145448241894,1.58010625217404,0.3371
201,-2.77648308883516,1.88246446046927,0.3349
202,-2.66433934596817,1.7381711156864,0.3325
203,-2.79666184917179,1.96351548153628,0.3326
204,-3.3904291862217,2.08781532284889,0.3348
205,-2.11327118968907,1.57839850370226,0.3335
206,-2.57517898026319,1.82582624313437,0.3328
207,-3.38097695907883,1.8176603222283,0.3345
208,-3.25587896317782,2.0647692561528,0.3321
209,-2.929302470997,1.50758771031493,0.3385
210,-2.74704015671046,1.62671442570561,0.3311
211,-2.79224399119552,1.79592362414959,0.3353
212,-3.14393306935193,1.5175818867743,0.3306
213,-2.06632846224344,1.65513065744316,0.3355
214,-2.72288460085166,2.10195886807191,0.3378
215,-2.37221359805319,2.15472964031838,0.3299
216,-3.51326571849018,1.70378250268888,0.3347
217,-3.6572211337787,2.06910832414929,0.3374
218,-2.9063265502974,2.82235226192932,0.3303
219,-3.26940598004277,2.84057584745088,0.3314
220,-3.01481052266334,1.61699542313443,0.332
221,-2.64835532168956,2.8731030219515,0.3406
222,-3.04530070111173,1.69401916703611,0.3341
223,-2.28750101582141,1.96512070741984,0.331
224,-3.01398710058413,1.41344146242328,0.3305
225,-3.23576542262365,1.60548585386883,0.3408
226,-2.39455655909279,1.26900232442307,0.3313
227,-3.18254107607525,1.85828538115486,0.3327
228,-2.85399843929414,1.47730779386197,0.3389
229,-2.80943333049202,1.36209191410687,0.3355
230,-2.78235785550341,2.45659542626585,0.3375
231,-2.72459795698355,2.63686562935306,0.329
232,-3.58420044445675,2.38585777856771,0.3366
233,-3.61420571132864,2.23840853015884,0.3422
234,-3.0289869280245,2.54593558939683,0.3367
235,-3.28094079067729,2.15581821272057,0.326
236,-3.33351666758668,1.96248275377143,0.3287
237,-2.4512436173886,1.72014005783197,0.3291
238,-2.70304920654276,1.54509148841688,0.3386
239,-2.86942785449734,2.90162005450539,0.33
240,-2.25412539296038,2.85249773354277,0.3293
241,-2.98544294621494,1.58830783603466,0.3348
242,-2.52699068025055,1.16719343648814,0.3334
243,-2.0894983919443,1.65726434350955,0.334
244,-2.67232590809134,1.5115112140416,0.3342
245,-2.95834468327449,1.22431523565646,0.3326
246,-2.74278141373118,1.62169616746254,0.336
247,-3.74252632784416,1.73004438874026,0.3406
248,-2.59661116537628,2.26583550521586,0.3317
249,-2.97655321951463,1.29546669964093,0.336
250,-2.86708342346407,1.36723800738093,0.3279
251,-1.62833080248683,2.2293385841419,0.3331
252,-2.99794041521608,1.92676709833406,0.3367
253,-2.19231058900721,1.97687179257802,0.3344
254,-3.06979245970275,2.37265676534098,0.3327
255,-3.08783466123663,1.81086390303775,0.3332
256,-2.10189113119983,2.28233871770401,0.3326
257,-2.52338038320033,2.28914865959261,0.3397
258,-2.33730503559196,3.54167026627756,0.3339
259,-3.36682258004027,2.23159627660649,0.3246
260,-2.89486846904898,2.35006159381244,0.3333
261,-2.26869504159171,2.43842534049942,0.3333
262,-3.42208538500082,1.20429249167446,0.3397
263,-2.66098185950647,2.34448028799685,0.3311
264,-4.10975172045406,1.7745900950775,0.3332
265,-2.54953433888542,1.66529576990587,0.3326
266,-3.05964012074404,1.57215009436134,0.3402
267,-2.92336734716485,1.44663068729059,0.334
268,-2.68847679263248,1.28403724980564,0.3431
269,-3.6004949465365,2.55374310043066,0.3274
270,-3.49017306082327,2.38860624048854,0.3298
271,-2.96451259487524,1.47077884849689,0.333
272,-3.14258972917579,2.30161892923723,0.3305
273,-1.97762011535366,1.59376437276562,0.3367
274,-2.415372620046,2.07662160864594,0.3282
275,-3.31468080660633,1.41037780323892,0.3393
276,-3.61918943504741,2.22203580813322,0.3404
277,-3.54687762746403,1.43968787608203,0.3316
278,-2.35356858993582,1.9958767051156,0.3415
279,-2.79386794506415,2.23713660242088,0.3328
280,-3.1212384901029,2.41490445951699,0.3335
281,-3.48668261074571,2.79070812573178,0.3319
282,-3.1636815968343,2.29180234639917,0.3275
283,-3.06400644057239,1.68355822058373,0.3394
284,-1.77965780970252,2.04596827905962,0.3296
285,-2.94912413582827,2.10316868309912,0.3244
286,-2.94686986576332,2.33885306237476,0.3294
287,-2.64648554680383,2.35637753196872,0.3326
288,-3.08651696752448,1.659778077154,0.3428
289,-2.92653014043597,2.93296670214206,0.3298
290,-2.55950734869783,1.89128371883563,0.3406
291,-3.40926803961469,1.48445961182854,0.3379
292,-2.77793205241507,1.53633222688919,0.3357
293,-3.36524471858849,1.42183071545424,0.3287
294,-2.80862456826576,2.32883807938128,0.3367
295,-2.641112752855,1.38662713403538,0.3322
296,-3.8254760781946,1.94150678425444,0.332
297,-2.73952730280263,1.46438989816632,0.3267
298,-2.87057149033201,2.14184804753176,0.3299
299,-2.53182886941739,1.31654628560629,0.3362
300,-2.65226305862446,1.58704569659475,0.3347
301,-3.07936017980171,1.47582749019546,0.3309
302,-2.63683342794139,1.68579248391107,0.335
303,-3.00913857847518,1.83526177650807,0.3396
304,-3.66091352314495,2.10772789088457,0.3339
305,-2.59425188191838,1.99740298034753,0.331
306,-2.88779559626133,2.59411015347934,0.3297
307,-3.0509247281758,2.52353264685955,0.3306
308,-2.89239800517161,2.1161295041895,0.3319
309,-3.25435042201641,1.49347204871541,0.3338
310,-2.25146526566688,1.59318197371109,0.337
311,-2.20968975588145,2.36309552128464,0.3378
312,-2.94544444781747,2.13174963115323,0.3377
313,-2.83272773307169,2.00884993797981,0.3384
314,-3.1744623766903,2.46779303455717,0.3298
315,-2.65503591974636,2.64780290433867,0.3273
316,-2.80569987180762,1.62622500000201,0.3431
317,-1.81848038981446,1.01148764300257,0.3294
318,-3.10098314696938,1.79453751118946,0.3312
319,-2.73426761680432,2.31979641195294,0.3342
320,-2.50179528860455,1.610282231778,0.3245
321,-2.82728572691341,2.28449203314416,0.3272
322,-2.17321981921074,1.80417007182568,0.3297
323,-3.23291357536458,1.91303718290403,0.3333
324,-3.29282687087404,1.57322720043774,0.3243
325,-2.93347388392693,1.51914988007408,0.3336
326,-3.68043807528258,2.29796274907609,0.3333
327,-2.44951376570821,2.45069921829658,0.339
328,-3.11064310544285,1.56065924028949,0.3324
329,-2.50908139052658,1.55486383698567,0.3334
330,-2.5172839043623,2.06110946381567,0.334
331,-2.35812041319173,1.4442324731572,0.3377
332,-3.85673088856232,2.42898320609324,0.3317
333,-2.57922623333608,2.04369666578044,0.3387
334,-2.72068776722883,2.13787814463828,0.333
335,-2.94339283589975,1.71768503083322,0.3263
336,-2.47911424624568,2.49205865776875,0.3326
337,-2.51580944860636,1.39033075568652,0.3361
338,-2.71175417021653,1.96653838919048,0.332
339,-3.37772376519016,1.5070084248099,0.341
340,-3.06802625336273,1.73729074756695,0.331
341,-2.94286109128113,1.75749508820352,0.335
342,-2.09243999550039,1.93012096945909,0.3282
343,-2.7612150294668,2.01773374474196,0.3306
344,-3.62778060056608,2.68702589811811,0.3361
345,-2.46052668753009,1.91402675657985,0.3316
346,-2.52081640406095,1.87497330666004,0.3316
347,-3.13563076632145,1.08381376417706,0.3322
348,-3.28721895564395,1.64662211376101,0.3352
349,-3.81936098132934,1.37283013219259,0.335
350,-2.25879021513471,2.86473207499499,0.3337
351,-2.98856048308338,1.72764758056042,0.33
352,-2.92800181073113,1.94541993499485,0.3331
353,-2.84434737931969,1.85977138188665,0.3367
354,-3.34137365747261,1.67703339381033,0.3375
355,-2.48288078181948,2.03121513029512,0.3371
356,-3.08618758191905,2.2648903991491,0.3339
357,-3.01277468224995,2.52808602353517,0.3317
358,-2.46645901627269,2.13529964364711,0.3282
359,-1.94464262239034,1.5701784356917,0.3383
360,-3.07777696255184,1.81289820378086,0.3345
361,-3.65134463772791,1.93929776257657,0.3267
362,-2.09998019730902,1.72505846922576,0.3365
363,-2.76277255353135,2.07503798370108,0.337
364,-3.84838248208385,1.84433163030288,0.3401
365,-3.38287573292517,1.75540358558476,0.3345
366,-1.53870374913607,1.43023715650149,0.3328
367,-2.81887222973074,1.48824230366296,0.3333
368,-2.88618587064182,2.19601565548155,0.3364
369,-2.52971621589462,2.12846573614948,0.3284
370,-3.24631841325366,2.27499361092136,0.3314
371,-2.71447119483155,1.70060089332587,0.3347
372,-2.3148826627042,1.81307248899046,0.338
373,-2.97300540497805,1.67168528641613,0.3358
374,-3.13613052059152,2.00575830081399,0.3364
375,-2.68608558462284,1.57795712722141,0.3283
376,-2.39606809319143,1.77154880859266,0.3361
377,-3.71971058835,1.54425297921057,0.3337
378,-2.19795342461679,1.82700003117794,0.3344
379,-2.30565913750478,2.67166796828619,0.3358
380,-3.04294347751455,1.65043909306981,0.3343
381,-3.11851229566302,1.8949920488027,0.333
382,-2.34175025092941,2.16917784536534,0.3352
383,-3.32821381727983,1.90615474499089,0.3329
384,-3.19859645369508,2.27793229002851,0.3362
385,-3.21312637336803,1.35093495911083,0.3323
386,-2.83438365453986,1.92925413207984,0.3329
387,-2.62859568263555,2.5352124659424,0.3376
388,-2.50600837841944,2.98363962609168,0.3273
389,-3.1483524943309,3.77880589923326,0.3231
390,-2.74066249681604,2.1596730561051,0.3292
391,-2.67034454217692,1.8981606273081,0.3383
392,-3.96290582209976,3.09548926807423,0.3286
393,-3.36892257259716,1.5839830371536,0.3341
394,-3.10856799663872,1.54760640396787,0.3356
395,-2.79557879906791,2.05534648417951,0.3379
396,-2.34781725622129,1.68060962950528,0.3311
397,-2.15493702035392,1.5134032944851,0.3416
398,-3.16994130171705,1.69747427084725,0.3246
399,-3.04988239145529,1.98232608480229,0.3381
400,-2.34424038329706,1.87358764869652,0.3328
401,-2.75851923230812,1.88515601315754,0.3477
402,-3.31726779226017,2.40421514653428,0.3303
403,-2.61762521531956,1.84275174343715,0.3405
404,-3.06928354210381,1.82521900963644,0.3419
405,-3.42304674908526,1.91871789847028,0.3379
406,-3.01704846176467,2.03482439829607,0.3414
407,-2.51299075306303,2.05275310513379,0.3289
408,-3.52409354545062,2.29549888710966,0.336
409,-1.89640821154807,2.23528213933588,0.3271
410,-3.19425314229464,2.01884448358659,0.3432
411,-3.06647630440859,1.50917053908433,0.337
412,-3.1770483836929,1.80232372732871,0.3311
413,-3.73575842997778,1.8569094888985,0.3388
414,-1.70214486024132,1.71613840267871,0.3287
415,-2.91964861293347,2.11202612391149,0.3339
416,-2.70964164580275,1.3349231128412,0.3398
417,-3.63857741846333,1.82308909293897,0.3326
418,-2.78678342255099,1.88730848429653,0.3288
419,-3.23103578631633,2.49535129601056,0.3403
420,-2.37580034362513,2.58313873041803,0.338
421,-3.27800091858937,1.41653954836627,0.334
422,-2.76558880751929,1.69218431781082,0.3311
423,-3.20737843885752,1.33848566496871,0.3341
424,-2.80022477187681,2.10684229854441,0.3307
425,-2.96332462571095,1.66877303610092,0.333
426,-3.00611780664531,2.10924969715997,0.3402
427,-2.24636866822211,2.43008213846963,0.3345
428,-3.05337757464364,2.05915966356673,0.3328
429,-2.83114406803162,1.96685839574561,0.3341
430,-2.60349696585103,2.2565887810559,0.3286
431,-2.24015074594379,2.62736758256844,0.331
432,-3.20270874159095,1.98899791453627,0.3408
433,-3.05920434353812,1.82206500984876,0.3347
434,-2.60261389758992,1.74146769989103,0.3322
435,-2.70190080961501,2.482134410222,0.3292
436,-2.662888251232,2.65300932959528,0.3385
437,-3.42026119127581,2.03694085369614,0.3308
438,-2.95182184373169,2.1303007671847,0.3345
439,-2.30367879179034,1.70580286241873,0.3355
440,-2.7812980533227,1.44551210936141,0.3343
441,-2.74482343835283,1.9910835844334,0.3339
442,-2.74242406794955,1.12029033191464,0.3233
443,-3.74745622574833,3.23449881495035,0.34
444,-2.72785349556884,1.56485840163246,0.3336
445,-2.95512204389842,2.06339915899901,0.3386
446,-2.91056190476498,1.45227458653536,0.3319
447,-1.91262187790182,1.89280662612786,0.3276
448,-4.20085068542812,1.86286937325417,0.3405
449,-2.76742501658181,2.74828787532063,0.335
450,-2.62613785065059,1.686081461661,0.3299
451,-3.76856745823969,2.35956893796179,0.3359
452,-2.46543119981914,1.65573047633948,0.3363
453,-2.27564716252503,1.78193957543308,0.3304
454,-3.14028861071744,1.55090980510738,0.3366
455,-2.56677915635668,2.45513760825976,0.3359
456,-2.70018423904673,1.8209959608755,0.3324
457,-3.01879517509087,1.98226713361899,0.3299
458,-2.7897038053173,1.94992860563489,0.332
459,-2.80753734773683,1.98063866956865,0.3399
460,-2.91277788300403,1.42655524523096,0.3331
461,-2.97410678931728,1.83021277582644,0.3329
462,-2.7052629920373,2.39897800661309,0.3428
463,-2.49715151127935,1.46866567407681,0.3321
464,-2.22132435411203,1.21564055967394,0.331
465,-3.44433511906732,1.48325811882928,0.3298
466,-2.38093033041933,1.9180301391022,0.3274
467,-1.72901235943854,1.53348831881058,0.3407
468,-3.16240064242657,2.73747288297958,0.3415
469,-2.89390616206791,2.24940128972429,0.3338
470,-3.79238501656666,1.78644868404952,0.3281
471,-2.26979892868733,1.77102745524424,0.3436
472,-2.84740619309222,1.47929072012524,0.3351
473,-2.41162382244622,3.22326483359563,0.3357
474,-1.96914884143579,1.38280422337467,0.3286
475,-2.99160985405108,1.92320910724701,0.328
476,-3.02963843249038,1.18847984407941,0.3406
477,-3.59242212818053,1.8792033304478,0.3375
478,-2.50860395746718,2.46456174549892,0.3386
479,-2.85687772917209,2.17677067445736,0.3403
480,-3.5807600737982,1.82921004086803,0.3371
481,-3.362247699435,2.16222236076528,0.3291
482,-3.07645338014848,2.26249617644534,0.3309
483,-2.4817628645271,2.08149750230716,0.3328
484,-2.91330737167509,2.03464516917711,0.3269
485,-2.98313513921634,2.27894448654432,0.3369
486,-3.10482467444348,1.86766152383028,0.3336
487,-2.56391025118748,2.20606322523282,0.342
488,-2.63161525172808,2.1398797850868,0.3406
489,-3.10687445907033,2.24665653777837,0.3417
490,-2.5962408238423,1.1776168121948,0.3295
491,-2.16065266618694,1.71910623088466,0.3369
492,-2.81524136763329,1.3689038348063,0.3354
493,-3.37513531312825,2.22395358584491,0.336
494,-2.73305654746896,1.894285879003,0.3285
495,-2.4766768787271,2.42295290144805,0.3386
496,-3.40187090703717,2.15800210078128,0.3369
497,-2.96712634483187,2.22068732329776,0.3361
498,-2.97779337474965,1.27563286344481,0.3349
499,-3.50020971652135,1.81144104202067,0.3334
500,-2.20565279592168,1.66490471915179,0.3332
501,-2.86130997171586,2.29132938483794,0.33
502,-3.31387525267239,1.77267298699819,0.3382
503,-2.88932625168074,2.1712940366133,0.337
504,-2.61502955787539,1.72110801706144,0.3416
505,-3.32717123153962,1.5540116733732,0.3372
506,-2.81796750315525,2.5751280047829,0.3352
507,-3.04317236816599,1.85165295264484,0.3361
508,-3.28313240127434,1.72546737463002,0.3382
509,-2.60981435591135,1.7500940496629,0.3255
510,-2.64766179846667,1.57558236344459,0.3386
511,-2.93677982175201,2.36719060642969,0.3338
512,-3.25718883052637,2.33431674772722,0.333
513,-2.93826437241518,2.78204738563924,0.3437
514,-2.36880254889078,1.84693247008781,0.3377
515,-3.55819675847608,1.55063920312111,0.3248
516,-3.61989611235108,1.2834052091052,0.3283
517,-2.2191864046469,1.86485981992682,0.3342
518,-2.89116135006629,1.66733093494168,0.3374
519,-2.4998392237571,2.47866981700973,0.3418
520,-2.8406764815535,1.93341191299395,0.3339
521,-2.68503841675123,1.54224390845098,0.3338
522,-2.9042743092598,1.63312310949936,0.3306
523,-2.37868481348771,1.97760720171216,0.3335
524,-3.02564459312662,1.62322676345343,0.3328
525,-2.75513441509577,2.28611680048461,0.3302
526,-2.07910892342906,2.08929010768566,0.3337
527,-2.48968668313757,1.68830633582417,0.3347
528,-2.98015339805914,2.14564363490621,0.3368
529,-3.35046939052448,2.07090968138442,0.3315
530,-2.19523108699035,1.93763221855775,0.3378
531,-2.62543264859616,1.97104490955729,0.3402
532,-3.71564289806443,2.0365154161064,0.3364
533,-3.18572097555904,2.3122657519653,0.3352
534,-2.74931317037435,1.74600687864917,0.3348
535,-2.7646189305958,3.0286587825703,0.3275
536,-2.47398473422249,1.38438745217046,0.335
537,-3.19176063455591,2.34752101543425,0.3288
538,-3.09809309167067,2.08424114646539,0.331
539,-2.39196200941315,2.29348698687085,0.3281
540,-2.3776870225585,1.67946229845249,0.3339
541,-2.89805070679216,1.76878465823533,0.3322
542,-2.39904273862774,1.52117404646374,0.3355
543,-2.95872623967418,2.00592173387934,0.3299
544,-2.44849899788054,2.40857004134564,0.3297
545,-3.44742513469722,1.69111307433096,0.3342
546,-3.54850310292908,1.84981441856166,0.3366
547,-1.73556126985798,1.34494791151529,0.3307
548,-3.27555969806623,2.03275589131563,0.3352
549,-4.05617606946217,2.22852023005601,0.34
550,-2.75683735299865,1.81622860674461,0.3396
551,-2.93172947440018,1.56755001418164,0.3311
552,-3.09482520595614,2.18181219298122,0.3415
553,-3.46025281904999,1.81874459245573,0.3387
554,-2.44481304046537,1.85344949204915,0.3383
555,-3.32142070115681,1.34313451345531,0.337
556,-3.07429618270059,1.87241716344995,0.34
557,-2.00034625868554,1.58090395828448,0.3301
558,-3.90397897126426,1.4425558414884,0.3296
559,-2.82452702403312,1.64741106649865,0.3375
560,-2.12839802532937,1.43665241233683,0.3288
561,-2.3243181959294,1.652698111392,0.3325
562,-3.15532972448932,2.30709658780385,0.3321
563,-2.55174560689693,1.63019375419715,0.3322
564,-2.68208688347362,1.30628141591198,0.3362
565,-2.28165887972944,2.70939840069454,0.3431
566,-2.80133014466348,2.26728058877175,0.3388
567,-3.0812367187277,2.46806263157685,0.3381
568,-2.89023220074735,2.07252535592248,0.3269
569,-2.85618314472385,1.51595649356065,0.3386
570,-3.34971440942125,1.93257587902141,0.3366
571,-2.77054960936024,2.14900282776621,0.3344
572,-2.53635200643916,2.17562414471579,0.3335
573,-2.52488240415579,1.80802984996503,0.3368
574,-2.96122172506222,1.76070567871365,0.3358
575,-2.61949528374406,1.71719286669217,0.3377
576,-2.60664314309604,2.07608170093746,0.338
577,-2.53412747289152,1.59822847137028,0.3326
578,-2.86418396778081,2.48474005115371,0.3329
579,-2.86491498874624,2.56632975768435,0.3359
580,-2.4255234646791,2.07796416985551,0.3331
581,-2.95380763611732,2.16281428029829,0.3393
582,-3.02414704291763,2.2526130334285,0.3252
583,-2.42722885806911,3.02197293751674,0.3326
584,-3.47605865338185,1.45918000391191,0.3336
585,-2.29688441918201,3.11995672584906,0.3384
586,-2.70832421194648,1.83776050640287,0.3387
587,-3.44250265517688,1.39508321831291,0.3338
588,-3.07157865481773,1.89567581768286,0.3386
589,-3.0003006698675,2.12218890361193,0.3401
590,-2.92524471052674,1.9857784708752,0.3395
591,-3.2267191342379,1.61129608710689,0.3296
592,-2.74583773450117,1.9788634032943,0.3265
593,-3.20936768619619,1.69489816580875,0.3395
594,-2.40646473778828,2.39351673745582,0.3344
595,-3.15739275946283,1.89233468476849,0.3392
596,-2.98585369859901,2.61867400455324,0.3365
597,-3.31143899312988,1.69021048009227,0.3318
598,-2.71864887018663,2.25469006606227,0.3345
599,-2.63619284562408,2.33152686960121,0.3413
600,-2.17141458874546,1.43908228990143,0.3443
601,-2.76204318973855,2.02374438876477,0.327
602,-1.83375828848176,2.19942717191586,0.332
603,-2.96628950346697,2.61374716355516,0.331
604,-2.91873573818624,1.78382500406196,0.333
605,-3.39375962393121,1.4038894936482,0.3281
606,-3.40070143313941,2.55909192815868,0.3325
607,-3.13171268822789,1.79740284696677,0.3369
608,-2.65001815075379,1.77823878029147,0.338
609,-2.74832842361805,1.75357847045023,0.349
610,-3.28688135766736,1.94461417994393,0.3272
611,-2.72475485492078,1.26273400645429,0.3278
612,-2.78804900665397,1.99385356983446,0.3455
613,-3.22095342567686,2.324782808664,0.3365
614,-2.96893819157127,1.40071274310586,0.3304
615,-3.24545734038524,1.87115609003248,0.3373
616,-2.67328710939233,3.00252957897091,0.327
617,-2.4327607454201,2.17277357390321,0.3361
618,-2.56775027471184,2.15087461533563,0.3345
619,-2.52196141182662,2.04150670717884,0.3402
620,-2.7532425330804,1.83089365206464,0.3265
621,-2.92031898284251,2.27111894336255,0.3354
622,-3.34279457776172,1.22047191638672,0.3367
623,-3.67245408733174,2.09911430357334,0.3301
624,-3.50420617849838,1.95432296739073,0.3331
625,-3.8812696823077,2.57097664746851,0.3409
626,-2.88096950712394,2.37944601617074,0.3335
627,-1.929852237873,1.80071991572976,0.3207
628,-2.59172092824951,1.99688376079066,0.3417
629,-1.36158967210629,2.31573397452847,0.3359
630,-2.03834583180673,2.24100542858432,0.3317
631,-3.39824535829717,1.70152515694277,0.3366
632,-2.5530725269234,1.83990487464755,0.3416
633,-3.37345205968726,1.74322536184687,0.343
634,-2.33358345538718,1.97231976116684,0.3299
635,-3.89379994116518,1.83807471043168,0.3209
636,-2.61350751183219,1.22954245314779,0.3364
637,-2.84675043433401,1.57148052410814,0.3317
638,-1.99274830465262,1.83162507482755,0.3466
639,-3.75374356207681,1.93414717460149,0.3306
640,-3.29027642110497,1.83308422299273,0.3321
641,-1.96740543296368,1.96927968706473,0.3356
642,-3.12263134083167,2.53167036564611,0.3296
643,-3.17104217626309,1.64549844160117,0.3299
644,-2.73296153196841,1.6749983743487,0.319
645,-2.48520464352354,2.60816713949795,0.3381
646,-2.98155608701869,1.62754782427785,0.3354
647,-3.17310213370181,1.59017983719108,0.3284
648,-3.23737330044915,2.66212169071938,0.3282
649,-2.69348382760616,1.64449851662228,0.337
650,-2.66715987536421,1.27781114848437,0.3345
651,-3.5533119880357,2.143336893511,0.3366
652,-3.67841571447107,2.15135667126176,0.3332
653,-4.15580224024069,2.20517987504604,0.3334
654,-3.20581172709392,1.90292568865361,0.3447
655,-2.68391384695891,1.84947942515206,0.3353
656,-2.04431132564252,2.44264297919204,0.3262
657,-3.19949052871868,1.63651430280347,0.3276
658,-2.41855477769816,1.73172886778159,0.329
659,-2.97612004283892,1.77986995947924,0.3332
660,-2.90561751410583,1.52646425491208,0.3343
661,-2.83755462192321,1.61254597203092,0.3447
662,-2.92899327270183,2.07305831285569,0.3328
663,-2.53491943478168,1.46587354066637,0.338
664,-1.9366534062621,1.74795804084249,0.3345
665,-3.20375324084572,2.0666266598635,0.3281
666,-3.16742442348837,1.54160195097752,0.3344
667,-3.46776708156274,2.26079133740695,0.3257
668,-2.82202264217893,2.00108582543306,0.3305
669,-2.36322437346322,2.71711032494006,0.3349
670,-3.13771177687342,1.75993234977843,0.3315
671,-3.15968877220883,1.79242645823821,0.3342
672,-3.09662802068812,1.89923096853821,0.3366
673,-2.69589414109355,2.49975456236996,0.3282
674,-2.4393461693727,1.63108152736289,0.3337
675,-2.21568285886445,1.63531861230889,0.3368
676,-2.85771207023234,1.30323986421288,0.3433
677,-2.92215432479993,1.53966031135544,0.333
678,-2.01676066014804,1.62221127692508,0.333
679,-2.67677597848802,2.48934051438482,0.339
680,-2.95388033885201,1.80493821665498,0.3303
681,-3.22305895613435,1.96184059932125,0.3286
682,-2.60835545465363,1.63987344141335,0.3295
683,-3.91635198239355,1.5916956134066,0.338
684,-2.78505926626651,2.02982591984926,0.3366
685,-2.65859538283244,1.43352347478595,0.3482
686,-3.78438353012797,3.30356673822306,0.3434
687,-2.85154583698266,1.78466022357488,0.3288
688,-2.81405452246596,1.86824835508761,0.3369
689,-2.55621253973722,1.63951562645763,0.3382
690,-3.5103145650092,2.23383702136238,0.335
691,-2.31971797679607,2.04857050154818,0.3392
692,-2.56524745047082,1.86050088930673,0.336
693,-3.1876507384512,2.60289783537515,0.3294
694,-3.27943788631816,1.61324554260149,0.3349
695,-3.42643257151018,1.74502204435829,0.33
696,-3.21941816781644,1.95371023726134,0.3372
697,-2.88316511736234,2.35809032953462,0.332
698,-2.30970200674072,1.04373402293479,0.3388
699,-3.13987309495859,1.88992280390075,0.3353
700,-2.88759588337305,2.20960278496595,0.3353
701,-2.46778381019276,2.11463601076145,0.3288
702,-2.67751438862528,1.64373043781192,0.3371
703,-2.70102400648528,1.77641182378395,0.3269
704,-2.78436135651175,2.76683661064349,0.3326
705,-2.94628858445705,1.60065208573399,0.3365
706,-3.24303356373181,1.80943335959481,0.3415
707,-3.00736558940078,2.00995337177953,0.3284
708,-2.85005863966377,1.86939500249081,0.3319
709,-3.11416189136009,1.95231097621532,0.336
710,-3.27245209095732,1.49547655021702,0.3299
711,-2.71833113938662,1.76699964447116,0.3317
712,-2.46357164935613,1.52970812240864,0.335
713,-3.1131817655263,2.06983426165949,0.3335
714,-2.90204016262546,1.32065186756852,0.3398
715,-2.13772861638991,1.34138838376606,0.3386
716,-3.30024231790134,2.3840585417572,0.3359
717,-2.57356175625722,1.37845778113793,0.3372
718,-3.38555481732151,2.19739880043842,0.339
719,-2.12172209846706,2.47382703343744,0.3331
720,-2.35628158383271,1.92565283618704,0.3358
721,-3.62888773210581,1.3555419558612,0.3303
722,-2.64188958371356,2.11837104918085,0.3339
723,-3.30183467789918,1.73489567187128,0.3249
724,-2.35423688642821,1.80562987405138,0.3348
725,-3.48318600590335,1.61437512734889,0.3322
726,-3.03525986792252,1.9841771967821,0.3386
727,-3.30584075668559,2.09635584943435,0.3302
728,-3.158434579647,2.31148089362518,0.3383
729,-2.18758237314234,2.21032720566118,0.3315
730,-2.38653017513399,1.60857233877261,0.3333
731,-3.03388515700794,1.7103786473451,0.3404
732,-2.11410912674626,2.09557686418689,0.3381
733,-2.93567962326986,1.23825647338258,0.336
734,-2.13927562861833,1.19465633337798,0.3329
735,-2.66556572730274,1.46165821799079,0.3304
736,-3.56344567258889,1.55955253799915,0.334
737,-2.26589764152336,1.72355511341852,0.3401
738,-2.84539473528279,1.79041477560393,0.3339
739,-2.86100332711678,1.49657463804987,0.3363
740,-3.14539895932018,1.47864452868978,0.3282
741,-3.43032245979975,1.72180893582575,0.3295
742,-2.65332711406895,1.28955979436011,0.332
743,-2.86575772388776,1.70709352437245,0.3331
744,-2.87799239581269,1.71181200991747,0.3273
745,-2.53850146616865,2.0394580783277,0.3429
746,-2.07037469569338,1.8345953135399,0.3177
747,-3.10278779929345,1.93070085874353,0.3303
748,-2.53046720835658,1.6028579319583,0.3293
749,-3.07229304003481,1.99043300429773,0.3355
750,-3.27470729153536,1.51206799580294,0.3328
751,-3.37230806976826,2.55243021491309,0.3318
752,-3.26564336724743,2.13917547725578,0.3379
753,-2.17586416154808,2.20832480785793,0.3232
754,-2.63861003777432,1.90930160455307,0.3318
755,-3.15158605488348,2.50161252284154,0.3315
756,-2.16654590474654,1.79159978395116,0.3351
757,-3.66743065035661,1.7983132440609,0.3253
758,-3.45142308252827,1.83378796166659,0.3383
759,-2.44675098217288,2.33322364163907,0.3433
760,-2.61108846289521,1.5582061997065,0.3321
761,-3.33396731288697,1.79547489748712,0.3272
762,-2.58092425147576,1.45787088618055,0.3378
763,-2.82571225955785,2.12733365958331,0.3354
764,-3.26272969408237,2.50588115795914,0.3357
765,-3.02619059167741,2.65540487381792,0.3317
766,-3.43287747445963,2.21521941206827,0.3331
767,-2.32914648870111,1.55660205868975,0.3313
768,-2.45959540327892,1.94847938244384,0.3372
769,-3.59404763121436,2.03851998045691,0.3325
770,-2.78880550903758,1.58459737845418,0.3371
771,-2.5768364255284,1.5301357280645,0.3463
772,-3.6453850468094,1.80709223278977,0.3326
773,-3.08256991598884,2.02577036071985,0.325
774,-2.6685135737302,2.51549922655164,0.326
775,-2.90810486483612,1.31357957438344,0.3279
776,-3.35478665953025,1.94650617157446,0.3367
777,-3.46545613971796,1.95704556804483,0.3354
778,-3.10419820017091,2.2028770983861,0.3362
779,-2.28556138990913,2.72486605244757,0.3417
780,-1.79818389249689,1.98767340424677,0.3321
781,-3.20120042693914,1.8561032727662,0.3344
782,-2.64465897717485,2.21646817546482,0.3341
783,-3.17652359282792,1.73698408474573,0.337
784,-2.85286338356086,1.63205073773361,0.3319
785,-2.82330260350814,2.44656376068013,0.327
786,-2.57196609645803,2.0861798858887,0.3371
787,-3.35777334454309,1.64843865720441,0.3322
788,-2.55564177422812,2.16616636851491,0.3344
789,-2.54483744120024,2.11010863451093,0.3324
790,-2.81680452959041,2.09977683187561,0.3363
791,-3.27049758759271,2.74278972882433,0.3317
792,-2.80599988634356,1.67558229272071,0.3331
793,-3.01730357447571,1.41981197291802,0.3264
794,-2.36100472183684,2.06067017691254,0.3339
795,-2.47185387042263,1.76755060187307,0.3393
796,-2.89662581599121,1.91144910714687,0.3287
797,-2.42111653002211,1.97584983972724,0.3392
798,-2.76010312052433,1.74293853849707,0.3398
799,-2.6051441959099,1.94298747426037,0.3387
800,-3.33948904883658,1.53853839511165,0.3346
801,-2.05565689075555,1.56192192524255,0.3359
802,-3.30942661750141,1.75823128692989,0.3384
803,-3.44970744878903,2.18772550398897,0.3296
804,-2.9162776564428,1.15285987429698,0.3345
805,-2.21198764755422,1.87028344175261,0.3383
806,-3.28372465838863,1.91033966393502,0.3338
807,-3.15005148428922,1.86388665470498,0.3401
808,-2.23745374509067,1.71448580076411,0.3382
809,-2.87591870987647,1.69974843970178,0.3355
810,-2.67944162929694,2.1836732044421,0.3318
811,-3.19711243314211,2.20217413227561,0.3358
812,-2.41816198712629,1.35320196181343,0.3314
813,-3.03234781259789,2.44279287129768,0.342
814,-2.38242790740709,2.81364755795852,0.33
815,-2.75035383976669,2.13367845389702,0.3351
816,-3.00782821342349,3.13908171619589,0.3362
817,-2.65149703962976,2.18606019375387,0.3333
818,-2.67172976864216,1.50378237051566,0.332
819,-2.48457741402386,1.66374805811714,0.3331
820,-3.0017804836794,2.17390935314744,0.3344
821,-2.95133926184986,1.98513013715302,0.3348
822,-3.5666647147332,2.17801964906632,0.3243
823,-2.69456412982955,1.78766946463056,0.3306
824,-2.97954235479124,2.40961937249129,0.3285
825,-2.6914716786268,1.45488050640132,0.3305
826,-2.54221697369162,1.74730039206827,0.329
827,-2.93937492025314,1.95986982598904,0.3379
828,-2.83232954710922,1.75111259275505,0.3355
829,-3.31975676838967,2.02745397951263,0.3446
830,-2.16415898408496,2.12023826817548,0.3306
831,-2.33154788092086,2.01228640929921,0.3386
832,-2.48670677160932,1.97934746104802,0.3365
833,-2.81152363646957,2.72295588390839,0.3361
834,-2.66677800635815,1.72890579602061,0.343
835,-2.97207868989638,1.7825039145747,0.3312
836,-2.93996246496194,1.45045594596671,0.3329
837,-2.95004447382203,1.52727683550111,0.3354
838,-2.7774145999346,2.39115043707669,0.3298
839,-3.16553722469028,1.97001228811667,0.3387
840,-3.0361492693217,1.37663045139169,0.3329
841,-3.10876094622928,2.27673507404544,0.341
842,-3.09340997603766,1.92173764347594,0.3356
843,-2.97082510985317,2.2698097896001,0.3336
844,-2.58509258839748,1.48174034307073,0.3274
845,-2.91665274741284,2.31922726351636,0.3277
846,-2.42368147258073,1.85874463978476,0.3412
847,-2.24244319894976,1.29229237671019,0.336
848,-2.81276168354137,1.78857194022523,0.3378
849,-3.24128622463258,2.40150033355441,0.3396
850,-3.06256112976831,1.7540528533575,0.3305
851,-2.12442392438543,2.00371586081447,0.3313
852,-3.09984983776247,1.90771917131582,0.3301
853,-2.473216168002,1.40148810122036,0.3319
854,-3.50799369186492,1.75264808061614,0.3286
855,-3.05488433383256,1.74418411148171,0.3342
856,-1.8601833744483,2.51408950019927,0.33
857,-2.82843947656327,1.80898083889749,0.3222
858,-2.63281242144964,2.01574215170159,0.3344
859,-2.28356802264459,1.70831129719667,0.3295
860,-2.99286138497679,2.59163717188345,0.3294
861,-3.33074187250527,2.08345747888217,0.3294
862,-2.91128461256321,1.34720268634448,0.3289
863,-3.16899654746349,1.72311892905487,0.3445
864,-2.82074079649333,1.8858784875272,0.3378
865,-3.22768475493439,1.09089500229882,0.3286
866,-2.51114587996212,1.75638157966077,0.3392
867,-2.51403320898284,1.63806319436491,0.327
868,-3.18319217474023,1.98740778616274,0.3345
869,-3.06466901455221,1.68698441839411,0.3404
870,-3.21233129477727,1.76191139748466,0.3292
871,-3.0120022432255,1.89987314930028,0.3289
872,-2.83598334080599,1.68143006831507,0.3361
873,-2.8738747131228,1.65401785446372,0.34
874,-2.73668424866582,1.9352108318312,0.3282
875,-2.68697625846494,1.534422405543,0.3354
876,-2.90862360751483,2.04469151730478,0.3337
877,-2.49103317147333,1.69905906667985,0.3394
878,-3.04038125068509,0.980146001461328,0.3349
879,-2.878741424471,2.0638812053018,0.3296
880,-2.6980688332928,1.85361161261724,0.3299
881,-2.63926228054819,3.04810330655726,0.3294
882,-2.40383095788424,1.3935473130492,0.3315
883,-3.00376843490707,1.88946337069609,0.3429
884,-2.45363573079093,2.57762850461504,0.3314
885,-2.5715343967692,2.53947320988945,0.3312
886,-2.87319666081294,1.79269401653966,0.3311
887,-1.88007589810065,1.53688109933909,0.3305
888,-3.05672439178069,1.8415915789013,0.3269
889,-2.90026303500845,2.24481669586212,0.3388
890,-2.44195850720807,1.86197687624284,0.3404
891,-2.66018325116611,1.47384248550883,0.3326
892,-2.43554129588178,1.70428847779837,0.3375
893,-3.09238668378541,1.8966434993619,0.333
894,-2.32705207444555,1.42906348434154,0.3374
895,-3.21497193872759,1.26404193338102,0.3334
896,-3.47194654670881,2.19109593251551,0.3293
897,-2.25643473965348,1.411388703867,0.3376
898,-2.54429031026768,1.71367122421191,0.3398
899,-3.4161790728758,1.81394775721444,0.3342
900,-3.09043816915481,1.61573307415451,0.3283
901,-2.71563468863978,1.66012442567112,0.3357
902,-2.87611545090452,2.1364594680135,0.3244
903,-4.45583346843143,1.66983104631798,0.3439
904,-2.63082485373144,2.11448147893427,0.3248
905,-3.38781894407009,2.19263662190966,0.335
906,-3.19473492027041,1.50120965044475,0.3323
907,-3.11165164180506,1.64990170650355,0.33
908,-3.45472485729298,2.05177673997337,0.3314
909,-2.27766465264489,1.64085936090031,0.3322
910,-2.99522872910767,1.84369788086478,0.3372
911,-2.67922945096221,1.50470776522737,0.3422
912,-3.02038765916265,1.67359245269518,0.3355
913,-2.6115998872349,2.51069173825395,0.3376
914,-2.75260336893502,1.24719231477075,0.33
915,-3.2508179164141,1.69666536023362,0.3337
916,-3.22472251066217,1.4342813678616,0.337
917,-3.72966453152955,1.93864310666584,0.3333
918,-3.14597332010882,1.63466804793078,0.3303
919,-2.88496796150491,1.69520874591029,0.3325
920,-2.39322661918315,1.8777044078771,0.3407
921,-2.4328291767684,1.73081269491194,0.3286
922,-2.47774096430934,2.04700920979497,0.3285
923,-2.92404100574124,1.32243719389084,0.3333
924,-2.61863711509474,1.42279995009267,0.3322
925,-1.86542495208567,1.39725954793645,0.3352
926,-1.98562666916091,2.47334764823793,0.3393
927,-2.72983158742653,2.3040290153446,0.3386
928,-2.58649221275015,1.70923528914514,0.3326
929,-2.79440209489504,1.96039118216617,0.3372
930,-3.54299377225515,1.77718001256806,0.3403
931,-2.58166572523176,1.84648592632089,0.3372
932,-3.80274974369113,1.60467055604964,0.3424
933,-1.75625977214738,2.18007773487385,0.3269
934,-3.29761229084486,2.04104464941365,0.3376
935,-2.98428460527972,1.5692839064259,0.3442
936,-2.5888636639684,2.2136160933799,0.3284
937,-2.08431328626509,1.70745469505106,0.3386
938,-3.29925956255814,2.66958164339005,0.3379
939,-3.83859427946149,2.92043774388204,0.3355
940,-3.7985384580549,1.99291173693723,0.3322
941,-2.85457088444529,1.81494398466215,0.3291
942,-3.39502146576931,2.6229130158669,0.3403
943,-2.72196683750601,1.82406733368713,0.3303
944,-2.65618780152951,2.68783532958916,0.3386
945,-2.59884260055399,2.01602221322066,0.3328
946,-2.2261866686889,1.65175861865263,0.3377
947,-2.62362599265701,1.81983554093282,0.3352
948,-3.11765380242605,2.14226063756569,0.3295
949,-3.41259713890623,1.54880053209749,0.3295
950,-2.69690023515867,2.25112134363133,0.3257
951,-3.15354791306147,1.58598220848857,0.3416
952,-3.46204855917239,1.52189322417029,0.337
953,-3.48833364093078,1.97398752050394,0.3359
954,-2.84244488761993,2.14817200090856,0.3323
955,-2.36526472926117,2.88900925829325,0.3346
956,-3.4935077863212,1.13185679937917,0.3348
957,-2.54133778160452,2.37666023066049,0.3381
958,-2.94180859061629,2.05651918885976,0.3359
959,-3.04067077209466,2.02232226889446,0.3356
960,-2.95627594675707,1.52411486407726,0.325
961,-3.12441010326669,1.3795099523376,0.3309
962,-2.45545549356354,1.81832219199254,0.3278
963,-2.4108732283531,1.93987671761357,0.3343
964,-1.90427615208846,1.74926697144247,0.3379
965,-2.78010519016538,1.62065636632142,0.328
966,-2.99394286925109,2.07893511004493,0.3289
967,-3.15437304781896,2.11232851607481,0.3327
968,-3.40496467673496,1.87528191692694,0.3334
969,-3.35234124972254,1.47136728142861,0.3336
970,-2.26159536026102,1.8510123847969,0.3342
971,-2.50393710003086,2.12365230913389,0.3338
972,-2.65711847175803,2.33673714970526,0.3315
973,-3.93002808079896,1.97315730448768,0.3368
974,-1.92065332810449,2.18956110225657,0.337
975,-3.06158683299509,2.00011546652766,0.3305
976,-2.99627827738321,1.67851335425306,0.342
977,-2.52647994325692,1.60172040173611,0.3324
978,-3.22938705048859,2.37490929065059,0.3393
979,-3.18432347273279,1.9944786947805,0.3324
980,-3.52791459021251,2.8053731928957,0.3272
981,-3.13004898897334,1.65804876634097,0.3326
982,-2.40273095965112,1.91156215004317,0.336
983,-2.90364505040812,2.09765572298222,0.3405
984,-3.19049370747863,2.96672061540955,0.3268
985,-2.96088234452938,1.3714719129688,0.3346
986,-2.44093922504563,2.41735863081658,0.3365
987,-2.98751799603339,1.58279315469548,0.3357
988,-2.22874462071271,2.75522296377265,0.3341
989,-2.03182273317013,2.00728031414036,0.3281
990,-2.72645651961951,1.87817437957018,0.3421
991,-3.0975487552047,3.17141295830206,0.3242
992,-2.31213502474373,2.05016615516594,0.3272
993,-2.84362869766401,2.41274213129361,0.3403
994,-2.58339073177916,1.5630716291644,0.3302
995,-2.18336463131761,2.45129172938102,0.3289
996,-2.93454381802646,2.21179430733551,0.3228
997,-2.6012834848681,1.82777793950848,0.3474
998,-2.40018102801028,2.15953765861517,0.329
999,-2.37263518436643,2.05419147967084,0.3323
1000,-2.23532687789937,1.59943648147075,0.3401
