"Lot","freq_12a","freq_12b","freq_4b","unc_serofreq_CRR"
1,0.541047317608745,0.125865511649055,0.3330871707422,0.3305
2,0.252633268965527,0.449132462381341,0.298234268653132,0.3299
3,0.0163354782634079,0.326872928919832,0.65679159281676,0.3388
4,0.217033318957451,0.202756018718949,0.5802106623236,0.3393
5,0.116634474751473,0.486931960159928,0.396433565088598,0.3367
6,0.420906440392431,0.551809604389574,0.0272839552179956,0.3339
7,0.0263092351525221,0.432620769117914,0.541069995729564,0.3273
8,0.345305776903302,0.193407914924002,0.461286308172696,0.3397
9,0.0917950024675871,0.295102032982566,0.613102964549847,0.3371
10,0.123543923412205,0.0566002008230382,0.819855875764757,0.3327
11,0.512908699293318,0.289272899161231,0.197818401545452,0.3349
12,0.926978721539717,0.0178476430985978,0.0551736353616854,0.3365
13,0.979837752524004,0.0139375419204934,0.00622470555550279,0.3388
14,0.470227949585996,0.257123549913807,0.272648500500197,0.3253
15,0.331578526670809,0.56251023401241,0.105911239316781,0.3399
16,0.828854610217444,0.0384465704517157,0.13269881933084,0.336
17,0.541217455682511,0.0292457168880616,0.429536827429428,0.3214
18,0.0159612971451941,0.842682139814852,0.141356563039954,0.3355
19,0.747171478142647,0.0698975539053377,0.182930967952016,0.3349
20,0.163095475889934,0.00541612861846342,0.831488395491602,0.3321
21,0.3807261107643,0.045110633857512,0.574163255378188,0.3345
22,0.532873419004299,0.0413807338242211,0.42574584717148,0.3376
23,0.163877310092741,0.239897585201844,0.596225104705414,0.3316
24,0.608828519179015,0.332223464380356,0.0589480164406286,0.3309
25,0.276916299258514,0.460836721785518,0.262246978955968,0.3377
26,0.0300294475154166,0.225743371975907,0.744227180508676,0.3326
27,0.214357647120321,0.194233878707713,0.591408474171967,0.3307
28,0.301587287274498,0.450587484686858,0.247825228038644,0.3281
29,0.410378799616962,0.286531127025037,0.303090073358001,0.3349
30,0.354096408830126,0.155083575993822,0.490820015176052,0.3369
31,0.393499676513726,0.389737191115367,0.216763132370907,0.3315
32,0.543212494607022,0.102514252967722,0.354273252425256,0.3362
33,0.261484102556259,0.435615870099945,0.302900027343796,0.3352
34,0.619857312358418,0.243418190029611,0.136724497611972,0.3324
35,0.580497916879652,0.316743331291191,0.102758751829157,0.3319
36,0.423895683118146,0.0984180472576134,0.47768626962424,0.3375
37,0.0184452910931997,0.630764273128825,0.350790435777975,0.3407
38,0.0570948121731966,0.185595365225215,0.757309822601588,0.3408
39,0.0388168768161423,0.563806802712381,0.397376320471477,0.3383
40,0.0925508002342423,0.715352658217251,0.192096541548506,0.3424
41,0.115209071856014,0.821516770791205,0.0632741573527819,0.3333
42,0.755225476598354,0.0754654246881196,0.169309098713527,0.3355
43,0.280312285082081,0.131188509134175,0.588499205783744,0.3274
44,0.484935062481844,0.115611017048322,0.399453920469834,0.3365
45,0.00706610604497625,0.934557677074547,0.0583762168804764,0.3273
46,0.657039862657671,0.192982008229637,0.149978129112692,0.3337
47,0.482620231696435,0.0115526720051441,0.505827096298421,0.3345
48,0.030995877161977,0.627369619434085,0.341634503403938,0.3341
49,0.79841700247429,0.174571609873181,0.0270113876525287,0.3298
50,0.406684185146028,0.547858799926795,0.0454570149271769,0.3334
51,0.595888434940346,0.192799879928201,0.211311685131453,0.3372
52,0.381501174129882,0.173433321295885,0.445065504574233,0.3287
53,0.486376300389247,0.461419644260397,0.0522040553503558,0.327
54,0.148690096262719,0.428557181892544,0.422752721844737,0.3298
55,0.0916378997957103,0.505948284493035,0.402413815711254,0.3372
56,0.00289522884811914,0.275644336846516,0.721460434305365,0.3361
57,0.381607064370887,0.117951477527295,0.500441458101819,0.3304
58,0.499158945954873,0.241899461053471,0.258941592991655,0.3317
59,0.152826453390994,0.584618353239255,0.262555193369751,0.3396
60,0.582325042474302,0.381315642503216,0.0363593150224818,0.34
61,0.0314319037891389,0.950357370262024,0.0182107259488368,0.3263
62,0.555868234882017,0.0532394097760553,0.390892355341928,0.329
63,0.842762985198953,0.0233468118654252,0.133890202935622,0.3398
64,0.379915155083668,0.580385321178199,0.0396995237381329,0.3322
65,0.00718982096957416,0.574893949592891,0.417916229437535,0.323
66,0.0721877400235553,0.773253731995772,0.154558527980673,0.329
67,0.108528541383807,0.026281260054628,0.865190198561565,0.3377
68,0.048817981736178,0.349417534802063,0.601764483461759,0.3366
69,0.782952218583205,0.00635146938909056,0.210696312027704,0.3419
70,0.12064242070634,0.588481051957553,0.290876527336107,0.3404
71,0.342174182213435,0.266147328342252,0.391678489444313,0.3377
72,0.117487358470195,0.433512096083728,0.449000545446078,0.3301
73,0.418204251163573,0.440448262134767,0.14134748670166,0.3328
74,0.259698851252733,0.62753394508437,0.112767203662897,0.3214
75,0.36462722630201,0.113801656271705,0.521571117426284,0.3275
76,0.275250576307915,0.316147042916859,0.408602380775226,0.3329
77,0.543322226211468,0.0702773296077859,0.386400444180746,0.3358
78,0.455623949320425,0.0873967724487263,0.456979278230848,0.3337
79,0.235724855956957,0.544984166786483,0.219290977256561,0.3351
80,0.357260706505293,0.213108556487736,0.429630737006971,0.337
81,0.483388484386956,0.340437943799979,0.176173571813065,0.3352
82,0.234235928537059,0.651504328305076,0.114259743157865,0.3342
83,0.557215764825847,0.342737728039003,0.10004650713515,0.3372
84,0.735853834832363,0.0132768740258384,0.250869291141798,0.336
85,0.453791525655113,0.239671984531419,0.306536489813467,0.3327
86,0.659989346219979,0.334431312515411,0.00557934126460996,0.3423
87,0.0752428836836177,0.327007930529872,0.59774918578651,0.3289
88,0.434278220206727,0.237986342550207,0.327735437243065,0.331
89,0.16027811246218,0.564546588001619,0.275175299536201,0.3305
90,0.837217444453891,0.0766828235078837,0.0860997320382254,0.3338
91,0.821585433050184,0.0589937849945166,0.1194207819553,0.3293
92,0.575210122661694,0.312732717194899,0.112057160143407,0.331
93,0.314652691033907,0.359636083153717,0.325711225812376,0.3374
94,0.622026296243937,0.293648637791148,0.0843250659649156,0.3341
95,0.135177950426436,0.665942483160805,0.198879566412759,0.3286
96,0.737184060250348,0.0349373123206958,0.227878627428956,0.3305
97,0.255633872275013,0.482395489445444,0.261970638279543,0.3382
98,0.654609100062779,0.337439480892755,0.0079514190444666,0.3247
99,0.295490950592025,0.107506909455195,0.597002139952781,0.3325
100,0.676384327911599,0.174003182708476,0.149612489379925,0.3361
101,0.58134035399825,0.300443984092298,0.118215661909452,0.3352
102,0.331742069496593,0.362908381910809,0.305349548592598,0.3367
103,0.22953883155961,0.449228367357373,0.321232801083017,0.3316
104,0.139406001214506,0.386341815338777,0.474252183446717,0.3308
105,0.15360090810267,0.46752586394576,0.378873227951569,0.3377
106,0.350241838029645,0.382025493247936,0.267732668722419,0.3347
107,0.513765265779656,0.0567163668268762,0.429518367393468,0.3241
108,0.224470664710781,0.547574654200358,0.227954681088861,0.3367
109,0.0959431657258752,0.418801602977383,0.485255231296742,0.3384
110,0.168764570642112,0.609409901417286,0.221825527940602,0.3405
111,0.143105378245002,0.752074885568942,0.104819736186056,0.3338
112,0.105606168754927,0.1174155380734,0.776978293171673,0.3352
113,0.109743568195555,0.688208126153517,0.202048305650928,0.3368
114,0.0832281029217862,0.636919843549969,0.279852053528245,0.3329
115,0.758568544795409,0.171188856070122,0.070242599134469,0.3389
116,0.0243289604804463,0.476931843075771,0.498739196443783,0.3375
117,0.119674500062265,0.653065201577839,0.227260298359896,0.3344
118,0.0202960801329174,0.68607439696141,0.293629522905673,0.338
119,0.44324678825995,0.126640208648985,0.430113003091065,0.3374
120,0.474261128114633,0.0108092899878678,0.514929581897499,0.3306
121,0.544759739296764,0.0957920121910334,0.359448248512202,0.3394
122,0.336862606594123,0.456386884144945,0.206750509260932,0.3349
123,0.73424358224302,0.0643399691282307,0.201416448628749,0.3375
124,0.401006286009928,0.0434838677168511,0.555509846273221,0.3376
125,0.16691909962867,0.0860287570079429,0.747052143363387,0.336
126,0.191087449412242,0.165729778786389,0.643182771801369,0.3356
127,0.0336707894799647,0.574433365358744,0.391895845161291,0.3315
128,0.343540033339935,0.529989946494907,0.126470020165158,0.3356
129,0.231053910161024,0.359754622715499,0.409191467123477,0.3368
130,0.0215780838047641,0.75401217301148,0.224409743183756,0.3321
131,0.152435423084953,0.683018950936302,0.164545625978745,0.3357
132,0.138960322623219,0.806656060261868,0.054383617114913,0.3405
133,0.458697661471376,0.0970795079031034,0.44422283062552,0.3316
134,0.734244526749213,0.151453354365752,0.114302118885035,0.3359
135,0.1394137827608,0.832849869594643,0.0277363476445568,0.3333
136,0.256608962423731,0.458880543652433,0.284510493923836,0.336
137,0.451886403002299,0.141097487520831,0.40701610947687,0.3381
138,0.335927944447072,0.526966680089026,0.137105375463902,0.3316
139,0.106399674972563,0.617811991642768,0.275788333384669,0.3451
140,0.413181766607837,0.570372571250493,0.0164456621416706,0.3354
141,0.120090827117097,0.586650478672651,0.293258694210252,0.3312
142,0.194819785484508,0.378447575063574,0.426732639451918,0.3435
143,0.0875293790412272,0.765131676521503,0.14733894443727,0.332
144,0.165905696090637,0.669047124201081,0.165047179708282,0.3394
145,0.00860137411150778,0.590427625116514,0.400971000771978,0.3406
146,0.210294069148869,0.319662344839561,0.47004358601157,0.3328
147,0.40782356534762,0.0243430547984114,0.567833379853969,0.3355
148,0.131471077072533,0.194814908788415,0.673714014139052,0.3393
149,0.066493044262922,0.703284361965685,0.230222593771393,0.3338
150,0.343855868658683,0.512523564175756,0.143620567165562,0.3225
151,0.0487237168298112,0.361048252470474,0.590228030699715,0.3279
152,0.224258088093734,0.328715307081355,0.447026604824911,0.3252
153,0.0260302344651756,0.884313224787154,0.0896565407476706,0.3398
154,0.727444034410195,0.1490101098015,0.123545855788305,0.3283
155,0.894721713442723,0.0351015768912967,0.0701767096659802,0.3343
156,0.115948492764582,0.134021974972183,0.750029532263235,0.3374
157,0.431413889147846,0.205461941818404,0.363124169033749,0.3341
158,0.747916550445933,0.122262645156864,0.129820804397203,0.3289
159,0.538877730911775,0.0810646244897038,0.380057644598521,0.3291
160,0.501900965083074,0.264041134273576,0.23405790064335,0.3355
161,0.221723810304785,0.594968642583261,0.183307547111954,0.3375
162,0.205127721742751,0.41464352672134,0.380228751535909,0.3288
163,0.0882045060564225,0.665983078956736,0.245812414986842,0.3333
164,0.771067788200144,0.161747632398228,0.0671845794016281,0.3323
165,0.485054772677966,0.235342142860152,0.279603084461882,0.3292
166,0.210817761839558,0.451736571618082,0.33744566654236,0.3423
167,0.00787392373443496,0.320959658367744,0.671166417897821,0.3353
168,0.0483054714870674,0.85539817859122,0.0962963499217129,0.326
169,0.124013532090579,0.309857064326054,0.566129403583367,0.3385
170,0.210895324731929,0.745553462428348,0.0435512128397232,0.3464
171,0.468133739466652,0.0641140770153093,0.467752183518039,0.3315
172,0.0716658240804771,0.574530008627853,0.35380416729167,0.3313
173,0.0360930139981362,0.0289718835772426,0.934935102424621,0.3383
174,0.827290434764791,0.078685398652762,0.0940241665824472,0.3331
175,0.37356922172811,0.537924728163387,0.0885060501085027,0.3383
176,0.418669096086966,0.420130609115274,0.16120029479776,0.3329
177,0.283160987293489,0.398725779732677,0.318113232973834,0.3331
178,0.24943618728291,0.342915961704307,0.407647851012783,0.3345
179,0.0222286303570864,0.482433444103418,0.495337925539495,0.3317
180,0.241881404741035,0.636905508902007,0.121213086356958,0.3382
181,0.507821955384879,0.152271415320357,0.339906629294764,0.339
182,0.433466290730675,0.491877866627667,0.0746558426416578,0.3285
183,0.449373449339768,0.107050819181791,0.443575731478441,0.3361
184,0.0760533461201651,0.188334890987859,0.735611762891976,0.3374
185,0.0215032597742134,0.644421394405761,0.334075345820026,0.3265
186,0.835944951733192,0.159757617735347,0.00429743053146142,0.3439
187,0.027465882293755,0.130134539208701,0.842399578497544,0.3319
188,0.148740999732629,0.417540772083076,0.433718228184295,0.328
189,0.0315400830863294,0.101952300649961,0.86650761626371,0.3281
190,0.484987180629735,0.203986097886809,0.311026721483456,0.331
191,0.162710018921474,0.167700917145796,0.669589063932729,0.3296
192,0.676121979283761,0.251715629281308,0.0721623914349313,0.3343
193,0.742044713551258,0.175469206678211,0.082486079770531,0.344
194,0.725234833520535,0.0954662311661496,0.179298935313315,0.3357
195,0.193734127562395,0.342440626113921,0.463825246323683,0.3243
196,0.138587894040619,0.506171971746009,0.355240134213371,0.342
197,0.32965306779929,0.554675962286263,0.115670969914447,0.3357
198,0.373800934616297,0.61962920862733,0.00656985675637345,0.3383
199,0.635965917373963,0.222239077667655,0.141795004958382,0.3337
200,0.78098985313066,0.122906183881992,0.0961039629873481,0.3379
201,0.463667880504522,0.367619324023716,0.168712795471761,0.3354
202,0.467489924531683,0.178277769744626,0.354232305723691,0.3316
203,0.309504548593848,0.32383504858435,0.366660402821802,0.3336
204,0.0981862177488173,0.855755846834191,0.0460579354169918,0.3347
205,0.719476432621848,0.0515216703584789,0.229001897019673,0.3343
206,0.550482566754407,0.235690227595063,0.21382720565053,0.3318
207,0.0748068473942639,0.297088451501982,0.628104701103754,0.3347
208,0.143390122595881,0.718431408822069,0.13817846858205,0.3316
209,0.191246418367843,0.0486594063847015,0.760094175247455,0.3375
210,0.393846387833694,0.114968182420982,0.491185429745324,0.3308
211,0.242647941009576,0.15176992610427,0.605582132886153,0.3356
212,0.141760607858982,0.0704965349232833,0.787742857217735,0.3301
213,0.790275060244762,0.074788107825747,0.134936831929491,0.3358
214,0.3907090328886,0.479225445260481,0.130065521850919,0.3378
215,0.269422402493074,0.1831330457078,0.547444551799126,0.3298
216,0.0506896377036628,0.228645648378421,0.720664713917916,0.3353
217,0.024319595407296,0.633025705811314,0.34265469878139,0.3369
218,0.127442499383002,0.743501161619142,0.129056338997857,0.3302
219,0.0529864157740237,0.942270575686766,0.00474300853921074,0.3326
220,0.527820185807657,0.292514947796278,0.179664866396066,0.3327
221,0.170471636824793,0.574336350924208,0.255192012250999,0.3416
222,0.451345172144828,0.376911416118451,0.171743411736721,0.3336
223,0.612498136800105,0.23229305329677,0.155208809903125,0.3318
224,0.736070166262007,0.13498840709124,0.128941426646753,0.329
225,0.349938855071677,0.365208890011289,0.284852254917033,0.3407
226,0.931304030324996,0.0141169778239558,0.0545789918510479,0.3312
227,0.187310945022421,0.423629313706356,0.389059741271223,0.3326
228,0.358557851633862,0.0630424519120716,0.578399696454066,0.3393
229,0.315677758222842,0.0235404312178746,0.660781810559283,0.3351
230,0.230576281407436,0.622110329662725,0.147313388929839,0.3386
231,0.205768579786835,0.62080168881772,0.173429731395444,0.3303
232,0.027155603668886,0.932055548130194,0.0407888482009203,0.3367
233,0.0274305509915381,0.835436548293588,0.137132900714874,0.3424
234,0.122943911924251,0.713739334235823,0.163316753839925,0.3364
235,0.101412548644752,0.678523329636434,0.220064121718813,0.3266
236,0.101736768421943,0.521998623242677,0.37626460833538,0.3283
237,0.309346979893686,0.0716275304370741,0.61902548966924,0.3293
238,0.62747197612889,0.112170705248389,0.260357318622721,0.3398
239,0.141176671180442,0.826769511798682,0.0320538170208765,0.33
240,0.375888045213982,0.58693337781632,0.0371785769696985,0.3311
241,0.154384350598916,0.0690497411232078,0.776565908277876,0.3341
242,0.738533200558885,0.00533624896076018,0.256130550480354,0.3342
243,0.838406307713272,0.082919191129366,0.078674501157362,0.3334
244,0.211618276629127,0.0296023939460101,0.758779329424862,0.3353
245,0.224435823696619,0.00786407931372122,0.76770009698966,0.3322
246,0.296609827074058,0.0839314078449336,0.619458765081008,0.336
247,0.0516259383541116,0.751762456631867,0.196611605014021,0.3398
248,0.344932755503668,0.450259009941579,0.204808234554753,0.3318
249,0.861541402406701,0.059188531328572,0.0792700662647268,0.3365
250,0.654064015403492,0.0583631722364035,0.287572812360105,0.3265
251,0.757261944442621,0.202323711707066,0.0404143438503132,0.3352
252,0.18235546152956,0.289528732691107,0.528115805779333,0.3366
253,0.504350919837404,0.167640755311203,0.328008324851392,0.3354
254,0.163678098289827,0.829974173385811,0.00634772832436173,0.3329
255,0.120062204111522,0.173871858615176,0.706065937273303,0.3333
256,0.633848028892567,0.35530274236914,0.0108492287382921,0.3328
257,0.434047415131634,0.507914376235948,0.0580382086324182,0.3392
258,0.236081399624896,0.755787413562022,0.00813118681308179,0.3368
259,0.0280818687842568,0.300360246759799,0.671557884455944,0.3257
260,0.135900168631232,0.407247974113556,0.456851857255212,0.3334
261,0.350832793479522,0.332408584225669,0.316758622294809,0.3343
262,0.095009600662793,0.0117541971994164,0.893236202137791,0.3381
263,0.325313510598453,0.557745241062608,0.11694124833894,0.3324
264,0.00243335895165918,0.36749031495415,0.630076326094191,0.3325
265,0.45881709646907,0.103560195325703,0.437622708205227,0.333
266,0.193626705606712,0.0994500007848929,0.706923293608395,0.3397
267,0.630273048348933,0.110651598719404,0.259075352931663,0.3336
268,0.932269478365344,0.0292541429343173,0.0384763787003387,0.3432
269,0.0164375327991616,0.780003222821958,0.20355924437888,0.3275
270,0.038574776669285,0.880777051164654,0.0806481721660614,0.3283
271,0.255471060366918,0.0578676403716875,0.686661299261395,0.3324
272,0.100837620121112,0.562232211739991,0.336930168138897,0.3307
273,0.637346045132657,0.0404204546305183,0.322233500236824,0.338
274,0.589251980603656,0.366141589153294,0.0446064302430507,0.3293
275,0.131583875958364,0.0612102966771602,0.807205827364476,0.3395
276,0.00938314572433,0.27747624443836,0.71314060983731,0.34
277,0.0715683947996417,0.102110483869477,0.826321121330881,0.3306
278,0.467080659689136,0.213599218339713,0.31932012197115,0.3418
279,0.209693596568437,0.400661509790938,0.389644893640625,0.3335
280,0.0959263013458738,0.607062903544834,0.297010795109292,0.3336
281,0.0174388473557306,0.669757957429357,0.312803195214912,0.3321
282,0.136805345716688,0.801422183700197,0.0617724705831149,0.327
283,0.361005137295747,0.305414772414438,0.333580090289815,0.3385
284,0.717210074067501,0.160593277506955,0.122196648425544,0.3317
285,0.210140754029288,0.451344894895358,0.338514351075353,0.3255
286,0.189838996378008,0.64338317079013,0.166777832831863,0.3294
287,0.354310374182985,0.597304408774973,0.0483852170420423,0.3323
288,0.0997618148708697,0.0821803515084993,0.818057833620631,0.3421
289,0.117025551884729,0.810712066096771,0.0722623820185,0.331
290,0.475141936484508,0.240771540678097,0.284086522837395,0.3407
291,0.19113302603102,0.201078241713767,0.607788732255214,0.3373
292,0.511737703435789,0.103693984613473,0.384568311950738,0.3352
293,0.0441116631845273,0.0267382737299475,0.929150063085525,0.3274
294,0.218699782884768,0.51027292575798,0.271027291357251,0.3369
295,0.652486662512904,0.0396797152986591,0.307833622188437,0.3322
296,0.021234578554532,0.954365440301538,0.02439998114393,0.3317
297,0.287707569320669,0.0356477761050084,0.676644654574322,0.3263
298,0.282951492821505,0.539971971526951,0.177076535651544,0.3303
299,0.62541269287997,0.0178801300405592,0.356707177079471,0.3352
300,0.700370346288296,0.138324860782324,0.161304792929381,0.335
301,0.375663662829882,0.121473953245323,0.502862383924795,0.33
302,0.590395290130664,0.173373909228007,0.236230800641329,0.3353
303,0.226909066248594,0.283999327220799,0.489091606530607,0.3406
304,0.0210896553839153,0.60298994508795,0.375920399528135,0.3347
305,0.303168391399071,0.220608213240469,0.47622339536046,0.332
306,0.185732393547924,0.791819171884998,0.0224484345670784,0.3305
307,0.0887577211991124,0.533404893656878,0.37783738514401,0.3308
308,0.302396407185526,0.579318187274655,0.118285405539819,0.3327
309,0.140481378978028,0.0880084394761879,0.771510181545784,0.334
310,0.820704157410712,0.0783019487724089,0.100993893816879,0.3369
311,0.556209061090857,0.425859799370146,0.0179311395389978,0.3386
312,0.229875112351449,0.521749302297651,0.2483755853509,0.3379
313,0.203813943193292,0.260160657576507,0.536025399230202,0.337
314,0.0887785041713386,0.716626955735831,0.194594540092831,0.3305
315,0.213073880184595,0.558622071731404,0.228304048084001,0.3288
316,0.188336442552475,0.0629247348642173,0.748738822583308,0.3432
317,0.9975386873869,0.000371157329558066,0.00209015528354235,0.3309
318,0.315128178251721,0.449056303634502,0.235815518113777,0.332
319,0.146307997556404,0.283226715805769,0.570465286637827,0.3338
320,0.839457998026436,0.135916658743977,0.0246253432295866,0.3243
321,0.241849389726791,0.547322952856098,0.210827657417111,0.3285
322,0.595251691721445,0.116115740348167,0.288632567930388,0.3285
323,0.241018577916578,0.756901645926809,0.0020797761566133,0.3307
324,0.205337009010029,0.224671332595984,0.569991658393987,0.3248
325,0.477822758166369,0.131432019092954,0.390745222740676,0.3332
326,0.0167158167330516,0.782384643587488,0.20089953967946,0.3333
327,0.415711337905147,0.549808630825849,0.0344800312690039,0.3395
328,0.175244041556981,0.0984792129767451,0.726276745466274,0.3313
329,0.68376769937136,0.0861776901288673,0.230054610499773,0.3341
330,0.403222330473849,0.293358707585802,0.303418961940349,0.335
331,0.749244491150544,0.0381495299512358,0.21260597889822,0.3383
332,0.00590162114471597,0.880645392795905,0.113452986059379,0.3309
333,0.497933530786328,0.391984896719328,0.110081572494343,0.3388
334,0.326317531659545,0.430850788816418,0.242831679524036,0.3327
335,0.157320510871936,0.108997635925258,0.733681853202806,0.3258
336,0.205816458575884,0.30790317539323,0.486280366030885,0.3342
337,0.638605062189108,0.0308570276267134,0.330537910184178,0.3361
338,0.481639087750753,0.41585853979477,0.102502372454478,0.3312
339,0.451333584883427,0.478710230547868,0.0699561845687053,0.3409
340,0.465989017146843,0.491661170412523,0.0423498124406339,0.3315
341,0.487743300966678,0.389898849642346,0.122357849390977,0.3344
342,0.750805839794624,0.190163539406139,0.0590306207992365,0.3286
343,0.282147594130905,0.310187139471864,0.407665266397231,0.3308
344,0.0102202708368229,0.647245523454555,0.342534205708622,0.3349
345,0.575362303886384,0.257348951262732,0.167288744850884,0.3312
346,0.604438447848264,0.270294853249182,0.125266698902554,0.3328
347,0.206505729212816,0.00198926705877098,0.791505003728413,0.3324
348,0.140234795012172,0.21141315186166,0.648352053126168,0.3352
349,0.0119857724207443,0.0410790318901066,0.946935195689149,0.3338
350,0.379476400412639,0.607131897513356,0.0133917020740045,0.3348
351,0.285481177485884,0.232634841514,0.481883981000117,0.329
352,0.279459539252164,0.386727739685055,0.333812721062781,0.3322
353,0.383665892105904,0.33448653902093,0.281847568873166,0.3367
354,0.0546229876905876,0.112790129785375,0.832586882524037,0.3369
355,0.452014982379409,0.285989617715868,0.261995399904723,0.3379
356,0.158025095673353,0.694011851290645,0.147963053036002,0.3347
357,0.135384253653829,0.733548365576829,0.131067380769343,0.3318
358,0.530262323140613,0.411451170104179,0.0582865067552081,0.3292
359,0.852548311299953,0.0463272398001993,0.101124448899848,0.3389
360,0.386474608414852,0.547356645535241,0.0661687460499069,0.3342
361,0.018127568016836,0.326505450070322,0.655366981912842,0.326
362,0.564328470796219,0.0741182962477784,0.361553232956002,0.3379
363,0.441009068826987,0.55861468337606,0.000376247796952755,0.3354
364,0.0209832752678184,0.826586160351841,0.15243056438034,0.34
365,0.0820718142345705,0.268408508649483,0.649519677115946,0.3335
366,0.889412597641182,0.012462522739709,0.0981248796191089,0.3334
367,0.715441692994698,0.122986225340946,0.161572081664356,0.3332
368,0.302195637947096,0.669922404997304,0.0278819570556004,0.3376
369,0.395684260851099,0.34159624198397,0.262719497164931,0.3281
370,0.0604050066184572,0.451864401418396,0.487730591963146,0.3306
371,0.418256045619955,0.154127425348354,0.427616529031692,0.3338
372,0.560188345902878,0.141739965319265,0.298071688777857,0.34
373,0.186926192585438,0.117255295250272,0.69581851216429,0.3352
374,0.158840108688718,0.467957806262519,0.373202085048764,0.3357
375,0.77331419499963,0.156757275805699,0.0699285291946704,0.3291
376,0.613700587719305,0.155791238110944,0.230508174169751,0.3367
377,0.0476877920618502,0.275918815520487,0.676393392417663,0.334
378,0.684914840253654,0.149254727487294,0.165830432259053,0.3345
379,0.358306667226752,0.499865232229674,0.141828100543574,0.3371
380,0.581106452562683,0.403939782881335,0.0149537645559824,0.3347
381,0.276906713059628,0.573011177190202,0.15008210975017,0.3317
382,0.394006102424073,0.262934387139372,0.343059510436555,0.3363
383,0.0779043170549226,0.336574081598129,0.585521601346949,0.3326
384,0.114125777947996,0.731892647494158,0.153981574557846,0.3355
385,0.163153184994564,0.0356937400846685,0.801153074920768,0.3316
386,0.323298429638103,0.337083693149345,0.339617877212552,0.3331
387,0.292635025317325,0.627159860050701,0.0802051146319745,0.3373
388,0.181009416167387,0.509695580741464,0.309295003091149,0.3301
389,0.037106877732057,0.882922284158558,0.0799708381093847,0.3247
390,0.31060258075203,0.450419654636824,0.238977764611146,0.329
391,0.40808217850305,0.266135143697268,0.325782677799683,0.3398
392,0.00173201172014931,0.911148861211278,0.0871191270685724,0.3286
393,0.130703726764746,0.198136341484784,0.671159931750471,0.3345
394,0.512075146207736,0.267417755550489,0.220507098241775,0.3355
395,0.282856304975701,0.37100205441058,0.34614164061372,0.3378
396,0.627084963916087,0.103169907666135,0.269745128417779,0.3315
397,0.648824030347997,0.0356119952377781,0.315563974414225,0.3426
398,0.240952442813489,0.299446878764247,0.459600678422264,0.325
399,0.153311931469711,0.327796307503347,0.518891761026941,0.3388
400,0.736515999929691,0.237040931312837,0.0264430687574724,0.3336
401,0.40971565880137,0.314240207353665,0.276044133844965,0.348
402,0.0667355545689521,0.799596280967436,0.133668164463612,0.3304
403,0.427842550690962,0.210635476611136,0.361521972697902,0.3397
404,0.24633268780469,0.353177383495157,0.400489928700153,0.3413
405,0.0608986195142058,0.391316409886018,0.547784970599776,0.3378
406,0.236334871931376,0.522347857457374,0.24131727061125,0.3414
407,0.350138289494042,0.24702088583698,0.402840824668978,0.3292
408,0.0397409511712385,0.904627258922442,0.0556317899063194,0.3356
409,0.592321643310917,0.227559051945822,0.180119304743262,0.3287
410,0.181289358170362,0.663192223233333,0.155518418596305,0.3428
411,0.48201023585668,0.181334414332044,0.336655349811276,0.3365
412,0.310668211871998,0.578689496918891,0.110642291209111,0.3317
413,0.0171048901926706,0.36443430658236,0.61846080322497,0.3394
414,0.724955107154912,0.0530471954325697,0.221997697412519,0.3298
415,0.18522128913556,0.375259827648984,0.439518883215456,0.3337
416,0.947592821560724,0.0459334206985826,0.00647375774069375,0.3398
417,0.0279477646393141,0.345304908713475,0.62674732664721,0.3317
418,0.428030319562395,0.352123125350368,0.219846555087237,0.3294
419,0.0847873326803939,0.860333701886388,0.0548789654332179,0.3406
420,0.372852393711194,0.519723716302154,0.107423889986652,0.3385
421,0.0767417910590733,0.0327615350912089,0.890496673849718,0.3331
422,0.234620785318942,0.0943376858481447,0.671041528832913,0.3304
423,0.326103562812724,0.0628532810506689,0.611043156136607,0.3325
424,0.335986849909205,0.499118962669426,0.164894187421369,0.3318
425,0.464849506896211,0.27980072083118,0.255349772272609,0.3317
426,0.121054163873345,0.308248514917274,0.570697321209381,0.3406
427,0.472355383759331,0.424853840525475,0.102790775715194,0.3365
428,0.124621810998151,0.325349711619965,0.550028477381883,0.3323
429,0.223067144552708,0.255005660094177,0.521927195353115,0.3325
430,0.31332691106925,0.407580828694098,0.279092260236652,0.3298
431,0.366157881088525,0.429878071534002,0.203964047377472,0.3323
432,0.081069420449688,0.283686099981713,0.635244479568599,0.3401
433,0.0862991568245724,0.11915069481969,0.794550148355737,0.3336
434,0.706716953403703,0.239179204479137,0.0541038421171596,0.3316
435,0.221136534864278,0.513501459885672,0.26536200525005,0.33
436,0.199130374714067,0.536191815128372,0.264677810157561,0.339
437,0.079641552577405,0.683862191885618,0.236496255536976,0.3304
438,0.279779020703546,0.645051982452501,0.0751689968439524,0.3349
439,0.839375869520383,0.141687405304909,0.018936725174708,0.3361
440,0.123958719676986,0.0150434948537307,0.860997785469283,0.3332
441,0.239038806350784,0.236730069617496,0.524231124031721,0.333
442,0.911176282346503,0.00579997404875297,0.0830237436047439,0.3233
443,0.00502246045367384,0.990272995192897,0.0047045443534288,0.34
444,0.704144181581749,0.147575445949947,0.148280372468304,0.332
445,0.289717668852145,0.579019146480497,0.131263184667358,0.3373
446,0.662364063268938,0.116738563049256,0.220897373681806,0.3317
447,0.429408262546458,0.0753379779590166,0.495253759494526,0.3276
448,0.000769813913910356,0.250800268097606,0.748429917988484,0.34
449,0.19388272783786,0.739436561192636,0.0666807109695037,0.3364
450,0.486614456064052,0.140091280804591,0.373294263131357,0.3297
451,0.010489134406023,0.856566780384019,0.132944085209958,0.3354
452,0.432249882867307,0.0797752985295313,0.487974818603161,0.3365
453,0.362383960850074,0.0768764674112898,0.560739571738636,0.3308
454,0.175388890258823,0.103234757497121,0.721376352244055,0.336
455,0.323189140940625,0.541830160506026,0.134980698553349,0.3367
456,0.369710115453048,0.203085006880707,0.427204877666245,0.3324
457,0.153849145091713,0.299882630663861,0.546268224244426,0.3301
458,0.190710682876588,0.188673001889808,0.620616315233605,0.3316
459,0.348079671355833,0.389450994105697,0.26246933453847,0.3409
460,0.280275624261279,0.0422388627596374,0.677485512979084,0.3329
461,0.154681854866823,0.172440116229471,0.672878028903707,0.333
462,0.321841160283502,0.664972511915154,0.0131863278013432,0.3433
463,0.358501689500005,0.0275891321675264,0.613909178332469,0.3326
464,0.703154526286917,0.0047485375753751,0.292096936137708,0.3304
465,0.438209565000788,0.525579960675464,0.0362104743237474,0.3291
466,0.371257329943252,0.14520488470219,0.483537785354558,0.3283
467,0.92867109608087,0.0314138328679416,0.0399150710511882,0.341
468,0.0657801788857655,0.726567684605617,0.207652136508617,0.341
469,0.265416553817884,0.663383065466273,0.0712003807158434,0.3338
470,0.0247566420704615,0.561472920667992,0.413770437261546,0.3284
471,0.630946738824884,0.128573824513156,0.24047943666196,0.343
472,0.569214900811313,0.100553688913771,0.330231410274916,0.3355
473,0.219115659786365,0.64114948445664,0.139734855756996,0.3372
474,0.810485767503714,0.0151460985951149,0.174368133901171,0.3288
475,0.373884111338015,0.577332640706372,0.0487832479556129,0.3299
476,0.242576110894413,0.00705545896993752,0.750368430135649,0.3411
477,0.0184934477159926,0.217236739436499,0.764269812847508,0.3365
478,0.373140476290208,0.563654384856612,0.0632051388531794,0.3384
479,0.328973302525594,0.653589600839674,0.0174370966347328,0.3406
480,0.0198308847511416,0.188182712421535,0.791986402827323,0.3365
481,0.0574328186143464,0.526017565445171,0.416549615940483,0.3285
482,0.141844299759316,0.604754744883492,0.253400955357192,0.3313
483,0.328417097676517,0.23375557379287,0.437827328530612,0.3335
484,0.372746943685629,0.623690560881382,0.00356249543298877,0.3275
485,0.119465819801206,0.400763275044569,0.479770905154225,0.338
486,0.185471136588098,0.34021554002911,0.474313323382793,0.3337
487,0.417641446024802,0.454870288205655,0.127488265769543,0.3431
488,0.474635364777443,0.518684999896643,0.0066796353259148,0.341
489,0.0937133704473983,0.42508691340489,0.481199716147712,0.342
490,0.586492221784965,0.0052328665639781,0.408274911651057,0.3292
491,0.775512238364814,0.109595207898762,0.114892553736425,0.3365
492,0.55722446124993,0.0441303037301725,0.398645235019898,0.3358
493,0.0354391665079657,0.385307783684959,0.579253049807075,0.3365
494,0.424370950241499,0.315322477738374,0.260306572020127,0.3281
495,0.260782984735417,0.349039610170292,0.390177405094291,0.3384
496,0.0687475099549079,0.72744377434991,0.203808715695183,0.337
497,0.152912061529096,0.439519555740139,0.407568382730764,0.3363
498,0.246556300102888,0.014179668653506,0.739264031243606,0.3338
499,0.0657980061425717,0.418337184948626,0.515864808908803,0.3329
500,0.548166132873473,0.0666934476941802,0.385140419432347,0.3331
501,0.24836505909578,0.61820878719994,0.133426153704279,0.3305
502,0.161296446419463,0.433227624332649,0.405475929247889,0.3371
503,0.209726211016514,0.446667755386074,0.343606033597412,0.3372
504,0.169874197621763,0.0547108575369354,0.775414944841301,0.3413
505,0.189541634203149,0.212746377087476,0.597711988709374,0.3385
506,0.174632149568611,0.606501994759365,0.218865855672024,0.3345
507,0.402851624369657,0.58578645876906,0.0113619168612826,0.335
508,0.276887296783126,0.56114766579595,0.161965037420923,0.337
509,0.472840101239791,0.167693597932483,0.359466300827726,0.3256
510,0.443779111312935,0.0815546862723407,0.474666202414725,0.3381
511,0.180004306960187,0.619927152836872,0.20006854020294,0.3337
512,0.0583265968872405,0.504783132006613,0.436890271106146,0.3329
513,0.107440169067632,0.649904637547969,0.242655193384399,0.3439
514,0.470472386499194,0.145880802568591,0.383646810932215,0.337
515,0.0767962771883546,0.212030040112161,0.711173682699484,0.3252
516,0.117934515629043,0.072173979131775,0.809891505239182,0.3272
517,0.690241102093191,0.175432424035194,0.134326473871615,0.3363
518,0.259942633018098,0.128936228113798,0.611121138868105,0.3368
519,0.231503208500222,0.352342308359177,0.416154483140601,0.3427
520,0.262878140908955,0.280804988039567,0.456316871051478,0.3334
521,0.77654938227887,0.131880995724035,0.0915696219970949,0.3336
522,0.14733973256623,0.065203916024641,0.787456351409129,0.3316
523,0.5214045240727,0.23834088021506,0.24025459571224,0.3339
524,0.234858291084374,0.138032615134766,0.62710909378086,0.333
525,0.144144727662155,0.275848107892023,0.580007164445822,0.3319
526,0.498761689746465,0.184330097652887,0.316908212600648,0.3343
527,0.628615472500976,0.138610413317816,0.232774114181208,0.3349
528,0.269137905725437,0.691120038531643,0.03974205574292,0.337
529,0.0707903063300183,0.507262175098432,0.42194751857155,0.3302
530,0.760909451111199,0.229531501888612,0.00955904700018879,0.3375
531,0.410624033665194,0.297228688693965,0.292147277640841,0.3401
532,0.0126677207983967,0.397312922750505,0.590019356451099,0.3359
533,0.11786569635852,0.774467224397128,0.107667079244352,0.3343
534,0.251861567992844,0.119608569243027,0.628529862764129,0.3337
535,0.150188719692971,0.770977455212465,0.0788338250945641,0.3286
536,0.801097757840331,0.0343705345650295,0.164531707594639,0.3357
537,0.07425361953879,0.526038284251041,0.399708096210169,0.3293
538,0.209382435350246,0.662074339055623,0.128543225594132,0.3308
539,0.358671302596341,0.330679903693593,0.310648793710067,0.3271
540,0.767337052578674,0.132655243549943,0.100007703871382,0.334
541,0.215023601145428,0.159355362294091,0.625621036560481,0.3321
542,0.541116400468986,0.0463784751666196,0.412505124364394,0.3359
543,0.300850587861307,0.529698442824153,0.16945096931454,0.3302
544,0.445433492610853,0.550945941368049,0.0036205660210974,0.3309
545,0.0798444853377643,0.264077684399454,0.656077830262781,0.3336
546,0.059381671210592,0.529303323639588,0.41131500514982,0.3366
547,0.833813192136249,0.00895441141730401,0.157232396446447,0.3321
548,0.158554295578167,0.78870383386044,0.0527418705613928,0.3347
549,0.00137074166470252,0.45028441947614,0.548344838859158,0.3397
550,0.482650606308526,0.297072689663385,0.220276704028089,0.3386
551,0.402813742518265,0.141277737554773,0.455908519926962,0.3296
552,0.190985579556137,0.73264217758775,0.0763722428561132,0.342
553,0.125969304271257,0.694277948305476,0.179752747423267,0.3389
554,0.467060096569434,0.168863526080221,0.364076377350346,0.338
555,0.0780062522217261,0.0228240888277759,0.899169658950498,0.3367
556,0.268227132318439,0.452947530956746,0.278825336724815,0.3407
557,0.70134623263959,0.0432847503004318,0.255369017059979,0.3302
558,0.00676309668067861,0.060660530688842,0.932576372630479,0.3273
559,0.720968374636572,0.27746646161073,0.00156516375269783,0.3367
560,0.957909846231271,0.0322767716378559,0.00981338213087336,0.3303
561,0.63344661522866,0.0895213941786184,0.277031990592722,0.3315
562,0.0711694995371886,0.417655955380076,0.511174545082735,0.3308
563,0.779858203542648,0.151879153255329,0.0682626432020235,0.3332
564,0.864341596245967,0.0313771574495222,0.104281246304511,0.3371
565,0.386452998376225,0.538702466170857,0.0748445354529187,0.3449
566,0.204940566232418,0.422761066722075,0.372298367045507,0.339
567,0.118580667085184,0.722322799068232,0.159096533846584,0.3371
568,0.351627147770197,0.604914928236403,0.0434579239933999,0.3272
569,0.493453157202821,0.108601922381293,0.397944920415886,0.3388
570,0.113180855057482,0.565267697279801,0.321551447662717,0.3355
571,0.201688221134108,0.305984547163266,0.492327231702626,0.3345
572,0.404042951049198,0.391325233945347,0.204631815005455,0.3346
573,0.454294742700831,0.165893466863164,0.379811790436005,0.336
574,0.140114165725843,0.119372407397265,0.740513426876892,0.3364
575,0.513893352550961,0.164523243009931,0.321583404439108,0.3362
576,0.205240396152366,0.184998387767188,0.609761216080447,0.3393
577,0.63731194646509,0.103707672175328,0.258980381359582,0.3319
578,0.193312794243385,0.662084310887306,0.144602894869309,0.3323
579,0.162300807276764,0.627447093757753,0.210252098965483,0.336
580,0.285653171247164,0.18145785318002,0.532888975572815,0.3338
581,0.0864207924210756,0.213907372775708,0.699671834803216,0.3396
582,0.0949580522152835,0.34056212308246,0.564479824702257,0.3256
583,0.245482313652694,0.611657991936219,0.142859694411087,0.3336
584,0.291552451459282,0.344728121744933,0.363719426795785,0.3331
585,0.264746535220532,0.570315198216145,0.164938266563323,0.339
586,0.395776484793624,0.233942540731546,0.37028097447483,0.34
587,0.272040093564709,0.184720474019966,0.543239432415326,0.3333
588,0.25525357752909,0.45942413435262,0.28532228811829,0.3382
589,0.242623480970288,0.627744300501944,0.129632218527769,0.3392
590,0.302297098105487,0.461723383128043,0.23597951876647,0.3395
591,0.105486163026225,0.109009445792653,0.785504391181121,0.3288
592,0.300761290833951,0.289362508964922,0.409876200201127,0.3263
593,0.177593662899897,0.247640242226899,0.574766094873204,0.3392
594,0.409062196857966,0.458209958855603,0.132727844286431,0.335
595,0.181845724322457,0.420234247281409,0.397920028396134,0.3396
596,0.144598325353075,0.822351487688531,0.0330501869583933,0.3359
597,0.109636337229907,0.214711737390556,0.675651925379537,0.3317
598,0.308347127838467,0.510160192281924,0.181492679879609,0.3365
599,0.355195211778954,0.562475452472841,0.0823293357482042,0.3409
600,0.963945612476158,0.0348547663310096,0.00119962119283202,0.344
601,0.392277058129831,0.439737111972793,0.167985829897376,0.3267
602,0.682253460744153,0.226770170240073,0.0909763690157742,0.3343
603,0.134049121881683,0.715626924563048,0.15032395355527,0.332
604,0.516325054632888,0.424019251570764,0.0596556937963472,0.3328
605,0.0403118894816849,0.024299634848739,0.935388475669576,0.3273
606,0.0440971725249842,0.90572219655662,0.0501806309183958,0.3319
607,0.164259750641804,0.261242706494591,0.574497542863605,0.3358
608,0.435203898358837,0.185676522660473,0.37911957898069,0.3386
609,0.272535251652778,0.132192983806544,0.595271764540678,0.3494
610,0.0490157007066414,0.203023601046618,0.747960698246741,0.3255
611,0.587647358707652,0.0155953013404449,0.396757339951903,0.3281
612,0.421135855894798,0.465704705060204,0.113159439044998,0.3455
613,0.0760194143243995,0.571408435264249,0.352572150411352,0.3368
614,0.747208009225742,0.110014363419939,0.142777627354319,0.3308
615,0.103264013820272,0.299983371620948,0.59675261455878,0.3377
616,0.156253165091267,0.628552292254768,0.215194542653965,0.3287
617,0.383337981007652,0.301822623416733,0.314839395575615,0.3379
618,0.253287974400534,0.248457439763098,0.498254585836368,0.3362
619,0.540680172380289,0.379337319365382,0.0799825082543291,0.3402
620,0.200698679361002,0.128485899077847,0.670815421561151,0.3273
621,0.194824410834568,0.545416716173099,0.259758872992333,0.3371
622,0.165056223599351,0.0187888732341998,0.81615490316645,0.3363
623,0.0293361602305533,0.870039695358066,0.10062414441138,0.3303
624,0.0612898793657817,0.602020790109339,0.336689330524879,0.3331
625,0.0019760523349249,0.392411426888566,0.605612520776509,0.3403
626,0.186365135073034,0.568253133287777,0.245381731639189,0.3347
627,0.743327212323441,0.101292277319336,0.155380510357223,0.3214
628,0.540831062630901,0.391102580928209,0.0680663564408903,0.3424
629,0.720906752741081,0.182364660258454,0.0967285870004647,0.3372
630,0.664402984912861,0.314919585920921,0.0206774291662181,0.3331
631,0.0713641746495654,0.202072165930701,0.726563659419734,0.3364
632,0.680212639901274,0.290613051474454,0.0291743086242721,0.341
633,0.068635692304621,0.20626789256784,0.725096415127539,0.3433
634,0.509805961044013,0.212405810251692,0.277788228704294,0.331
635,0.0127792026308853,0.576870317987566,0.410350479381549,0.3209
636,0.917398804971047,0.0147140769715831,0.0678871180573703,0.3359
637,0.731553964015965,0.209055349006307,0.0593906869777278,0.3316
638,0.766602097804721,0.125439074495611,0.107958827699669,0.3463
639,0.0130943979356477,0.392501083175143,0.594404518889209,0.3302
640,0.145903219634886,0.439091607474582,0.415005172890532,0.331
641,0.792318515368639,0.185577129017486,0.0221043556138749,0.3359
642,0.0843055376915961,0.63525757204732,0.280436890261084,0.3303
643,0.413479052831252,0.416407442693366,0.170113504475381,0.3301
644,0.645239833462092,0.224031739927081,0.130728426610827,0.3184
645,0.217115950613297,0.38505010864888,0.397833940737824,0.3401
646,0.485637757250113,0.258496080834774,0.255866161915113,0.3347
647,0.354704290415367,0.279401587868775,0.365894121715858,0.3277
648,0.0579328001566728,0.750052411409751,0.192014788433577,0.3282
649,0.518002794244695,0.145146874271767,0.336850331483538,0.3377
650,0.966953990794764,0.0263747167805185,0.00667129242471741,0.3343
651,0.0428710289671044,0.81430572983641,0.142823241196485,0.3372
652,0.0168216916371091,0.58213213575801,0.401046172604881,0.3338
653,0.00153637757130541,0.807715587603639,0.190748034825056,0.3338
654,0.0750128154848601,0.209791132297851,0.715196052217289,0.3451
655,0.555570337353398,0.321918739550873,0.122510923095729,0.3347
656,0.508536964246192,0.340278380160124,0.151184655593684,0.3274
657,0.299030219129931,0.31989773074768,0.38107205012239,0.3278
658,0.366223762654137,0.083772272151939,0.550003965193924,0.3291
659,0.363678675495018,0.342908455304024,0.293412869200958,0.3325
660,0.532530199956629,0.140736207248109,0.326733592795263,0.3327
661,0.536966713951687,0.182598415900039,0.280434870148274,0.3454
662,0.221354429267823,0.421405664949535,0.357239905782641,0.3342
663,0.797737617108828,0.064667258032363,0.137595124858809,0.3389
664,0.767868059109467,0.0875703199783225,0.144561620912211,0.3343
665,0.110360383151433,0.467380062801977,0.42225955404659,0.3288
666,0.162249228165572,0.0989397947495911,0.738810977084837,0.3331
667,0.0490560199216975,0.823489609250671,0.127454370827631,0.3257
668,0.371311373742764,0.454614148859173,0.174074477398062,0.3314
669,0.339570618159167,0.547870377039797,0.112559004801036,0.3367
670,0.298784010980203,0.424093332037005,0.277122656982792,0.3309
671,0.174082909406386,0.297068452860939,0.528848637732675,0.3348
672,0.281766911322103,0.551452469537482,0.166780619140415,0.3366
673,0.162860827672868,0.382978804838544,0.454160367488589,0.3296
674,0.632840980727973,0.100048710610772,0.267110308661255,0.3343
675,0.803622759828719,0.0879233838230394,0.108453856348241,0.3374
676,0.359088766606305,0.0192071782960691,0.621704055097626,0.343
677,0.617388827329917,0.182579853762112,0.200031318907971,0.332
678,0.755291826630117,0.0581046709231251,0.186603502446758,0.3331
679,0.238903431566234,0.530595824234027,0.230500744199739,0.3385
680,0.360648961955125,0.351224249134051,0.288126788910825,0.3309
681,0.131998418327719,0.460229813014538,0.407771768657743,0.3283
682,0.615248677927038,0.140304696898287,0.244446625174675,0.3295
683,0.0182470638832466,0.411086934067284,0.57066600204947,0.3378
684,0.444030080387787,0.532694355466926,0.0232755641452871,0.336
685,0.411878113241292,0.0351851262608159,0.552936760497892,0.3488
686,0.00257748762307758,0.639682079588664,0.357740432788258,0.3436
687,0.338252861537999,0.234716988328746,0.427030150133255,0.3292
688,0.204375538663482,0.170087743559018,0.6255367177775,0.3373
689,0.608786620524014,0.124804845857871,0.266408533618115,0.3375
690,0.0322772196029764,0.613128907774397,0.354593872622626,0.3352
691,0.591646288617684,0.29135173247755,0.117001978904766,0.3397
692,0.482849006283406,0.22632945124202,0.290821542474575,0.3362
693,0.069332430422616,0.708403411423311,0.222264158154073,0.3293
694,0.371744517648157,0.466272517122211,0.161982965229632,0.3344
695,0.0771254114703496,0.2869732408712,0.635901347658451,0.3296
696,0.0774891793426927,0.261425186268702,0.661085634388605,0.3364
697,0.19418943046904,0.571912152364858,0.233898417166102,0.331
698,0.976052469472153,0.00114965277423574,0.0227978777536108,0.3395
699,0.255137483370062,0.554538388834669,0.190324127795269,0.3357
700,0.226864728271936,0.516960371115052,0.256174900613012,0.3361
701,0.385765556897599,0.288388645451575,0.325845797650827,0.33
702,0.439359844629304,0.118331425608685,0.442308729762011,0.3368
703,0.595944897743278,0.283003776502778,0.121051325753944,0.3278
704,0.16561121845635,0.675136467591175,0.159252313952475,0.3332
705,0.366832886228135,0.156457040348127,0.476710073423738,0.3361
706,0.184839341664364,0.436063370550373,0.379097287785262,0.3415
707,0.279656807141245,0.56552706543378,0.154816127424975,0.3304
708,0.236100911560316,0.215361655345771,0.548537433093912,0.332
709,0.16023540199944,0.384959810448305,0.454804787552255,0.3365
710,0.0389187609155602,0.0262167381600141,0.934864500924426,0.3293
711,0.543030280076918,0.258760903724032,0.19820881619905,0.3331
712,0.906447879487695,0.090998966808696,0.0025531537036086,0.3349
713,0.051754790196384,0.165729754316548,0.782515455487068,0.3341
714,0.744122211602009,0.0507233568489533,0.205154431549038,0.3401
715,0.887861074457565,0.0153340698138114,0.0968048557286237,0.3385
716,0.083316350180432,0.910050971555432,0.0066326782641358,0.3365
717,0.837047245929646,0.0412144098348453,0.121738344235508,0.3369
718,0.0558844589082931,0.598478800175918,0.345636740915789,0.339
719,0.430206418510332,0.339090877023419,0.230702704466249,0.3344
720,0.397305157999344,0.152412850206762,0.450281991793894,0.3367
721,0.0223166639059788,0.0260000944708414,0.95168324162318,0.3293
722,0.453678103754819,0.483967533194693,0.0623543630504883,0.3334
723,0.166308901688046,0.372957821751528,0.460733276560426,0.3244
724,0.725106965323016,0.191659058617061,0.0832339760599231,0.3353
725,0.0684497478352625,0.188505791749465,0.743044460415273,0.3318
726,0.304450063671619,0.626590203322662,0.0689597330057196,0.3399
727,0.109566036607044,0.706862888314427,0.183571075078529,0.3309
728,0.141727819774125,0.847482259386392,0.0107899208394831,0.3375
729,0.634798609292496,0.355779973842469,0.00942141686503528,0.332
730,0.380917921549835,0.0495784618524605,0.569503616597704,0.3338
731,0.51879236684332,0.447448366515751,0.0337592666409291,0.3406
732,0.659761389973371,0.259895450809486,0.0803431592171436,0.3389
733,0.433269055784404,0.0153718056082706,0.551359138607325,0.3353
734,0.976853462796913,0.00457420637110643,0.0185723308319809,0.333
735,0.350626897202392,0.0365554272167455,0.612817675580863,0.3302
736,0.0349546617447743,0.105042460863807,0.860002877391419,0.3323
737,0.412357261895901,0.070091600758748,0.517551137345351,0.3393
738,0.257818935685383,0.180368327493031,0.561812736821586,0.3341
739,0.685486833537254,0.137883277509912,0.176629888952833,0.3372
740,0.509301589995982,0.203842063746567,0.286856346257451,0.328
741,0.0686056392317369,0.237448889141948,0.693945471626315,0.3277
742,0.3491234861068,0.0104172701515282,0.640459243741672,0.3317
743,0.510547712966907,0.276263450303007,0.213188836730085,0.3326
744,0.173514451644835,0.0989618313377352,0.72752371701743,0.3277
745,0.373231650402887,0.268841119903061,0.357927229694051,0.342
746,0.823681148085212,0.151139416270569,0.0251794356442196,0.3181
747,0.196617404062263,0.428828876461545,0.374553719476192,0.3302
748,0.448620349632024,0.0745182249566645,0.476861425411311,0.3279
749,0.216263548823155,0.505420621772976,0.27831582940387,0.3351
750,0.0889201277895719,0.066616800901419,0.844463071309009,0.3324
751,0.0350063773623694,0.635667311173187,0.329326311464444,0.332
752,0.110927884347114,0.678728978263311,0.210343137389574,0.3373
753,0.641267511019341,0.351103077750194,0.00762941123046433,0.3244
754,0.576829969279546,0.362799316963326,0.0603707137571279,0.3324
755,0.0498007994235384,0.394873197189831,0.555326003386631,0.332
756,0.835581232269749,0.153790683499667,0.0106280842305846,0.3349
757,0.032213636112644,0.414898337449509,0.552888026437847,0.3243
758,0.0630054973675077,0.351200076159524,0.585794426472968,0.3385
759,0.466459520284412,0.507966101396869,0.0255743783187195,0.3432
760,0.605322821757501,0.0946876378783449,0.299989540364154,0.3329
761,0.0502423522347241,0.157095259072241,0.792662388693035,0.3267
762,0.767378308519395,0.0649655240268009,0.167656167453804,0.3388
763,0.37233165342337,0.615743956336496,0.0119243902401335,0.3365
764,0.047212790322427,0.541870629582126,0.410916580095447,0.3349
765,0.0392214559213508,0.262861471863273,0.697917072215376,0.3338
766,0.0414603229401151,0.555721766096825,0.40281791096306,0.3334
767,0.863213235622166,0.0783280672514716,0.0584586971263628,0.3315
768,0.572406238135087,0.281494228818485,0.146099533046429,0.3383
769,0.0321961521563984,0.582735685161547,0.385068162682054,0.3316
770,0.40213949187612,0.106869444167864,0.490991063956017,0.3369
771,0.778632276607999,0.0990727069307411,0.12229501646126,0.3464
772,0.0233015671271534,0.276638586889472,0.700059845983375,0.3326
773,0.110476681740498,0.291098526135976,0.598424792123527,0.3252
774,0.273034391295819,0.619642565286413,0.107323043417768,0.3268
775,0.86340052101871,0.0562959731404728,0.0803035058408167,0.3276
776,0.0896509148507855,0.477690573580729,0.432658511568485,0.3369
777,0.0742740950145625,0.629362544455513,0.296363360529925,0.3341
778,0.156973389816797,0.648721711341735,0.194304898841468,0.3355
779,0.391432803106274,0.561290662101867,0.0472765347918592,0.3442
780,0.691279099334977,0.135058423418828,0.173662477246195,0.3332
781,0.242770562875328,0.581803417385841,0.175426019738831,0.3341
782,0.379752654794209,0.498230953121421,0.12201639208437,0.3342
783,0.289458500500271,0.424534679670487,0.286006819829242,0.3367
784,0.664010451963327,0.256230521248326,0.0797590267883465,0.3321
785,0.238832372809104,0.699242769831747,0.0619248573591489,0.3286
786,0.279299395819834,0.24017687721451,0.480523726965656,0.337
787,0.221358493401665,0.429526727189885,0.34911477940845,0.3333
788,0.393984842226513,0.388790022844108,0.217225134929379,0.3338
789,0.453863826717728,0.389478665067156,0.156657508215116,0.3314
790,0.297627132364592,0.453985742542719,0.248387125092689,0.3364
791,0.0394546034687796,0.631250938970496,0.329294457560725,0.3325
792,0.467646376998327,0.194528414785319,0.337825208216354,0.3332
793,0.634639088684174,0.121499073849144,0.243861837466682,0.3264
794,0.531896204617502,0.288338004564522,0.179765790817976,0.3349
795,0.592764151245341,0.17029660854769,0.236939240206968,0.3389
796,0.195250167028165,0.225519864422446,0.579229968549389,0.3282
797,0.468226204528952,0.229935200197824,0.301838595273224,0.3399
798,0.308592319691753,0.14829945108737,0.543108229220877,0.3406
799,0.396226158449387,0.255628223588237,0.348145617962376,0.3388
800,0.15458799915845,0.166596349808717,0.678815651032833,0.333
801,0.74667208794364,0.0451576632836495,0.20817024877271,0.3366
802,0.229695925888464,0.578616578221495,0.191687495890041,0.3368
803,0.0637814926019336,0.860996012399088,0.0752224949989788,0.3304
804,0.455305460191831,0.00632711820246619,0.538367421605703,0.3339
805,0.429431831108937,0.110260511742533,0.46030765714853,0.3376
806,0.138217683454449,0.516567238616287,0.345215077929263,0.3336
807,0.279594361941735,0.58153131151985,0.138874326538415,0.3403
808,0.761989764279381,0.119214623808814,0.118795611911805,0.3383
809,0.582844030936677,0.315947090042662,0.101208879020661,0.3347
810,0.420652297286436,0.557655064102325,0.0216926386112393,0.3319
811,0.102385405075343,0.565137227820704,0.332477367103952,0.3358
812,0.841979230648366,0.0261175690142284,0.131903200337405,0.3322
813,0.146030424155797,0.741903097712363,0.112066478131839,0.343
814,0.282021662470192,0.526686733888563,0.191291603641245,0.3309
815,0.392556941037883,0.550885078419247,0.0565579805428704,0.3345
816,0.0556671727364164,0.575117427548542,0.369215399715041,0.3374
817,0.399378325998381,0.500333415075056,0.100288258926563,0.3328
818,0.690197351619682,0.0926063840326668,0.217196264347652,0.3316
819,0.803024808340064,0.158480257026035,0.0384949346339007,0.3337
820,0.243254204634488,0.703621861697526,0.053123933667986,0.3341
821,0.137943354219609,0.225253703777286,0.636802942003105,0.335
822,0.0266600065402776,0.585463016435682,0.38787697702404,0.324
823,0.586661678971025,0.284913289745404,0.128425031283571,0.3311
824,0.159711466180007,0.661585671987918,0.178702861832075,0.3286
825,0.198975460923321,0.0208144257805019,0.780210113296177,0.3304
826,0.625761581645243,0.192117694870933,0.182120723483824,0.3296
827,0.172341382380122,0.254687041334405,0.572971576285473,0.3383
828,0.259772697950384,0.153069059944974,0.587158242104642,0.3348
829,0.0930904215035722,0.534621473562871,0.372288104933557,0.3427
830,0.551454927519958,0.247561193918539,0.200983878561503,0.331
831,0.510400472395207,0.23468318631562,0.254916341289173,0.339
832,0.400725711832267,0.225224264827478,0.374050023340255,0.3363
833,0.111814274174717,0.459164210520941,0.429021515304342,0.3364
834,0.371179928891029,0.136918881703002,0.49190118940597,0.3421
835,0.163644144487847,0.154725203461066,0.681630652051087,0.3303
836,0.288329428609867,0.0541197488893993,0.657550822500733,0.3335
837,0.707547794972293,0.211775391160472,0.080676813867235,0.3365
838,0.257857328304567,0.619430324088314,0.122712347607118,0.3304
839,0.230654391217003,0.680372124248124,0.0889734845348727,0.3378
840,0.254274238471059,0.0381312930164865,0.707594468512455,0.3326
841,0.132924339449868,0.641869419903044,0.225206240647088,0.3406
842,0.132400861549494,0.273284842839146,0.594314295611361,0.3361
843,0.166198154808242,0.530884479465911,0.302917365725846,0.334
844,0.608557493510501,0.0599906453722335,0.331451861117266,0.3265
845,0.215017878983717,0.649219604319647,0.135762516696636,0.3276
846,0.315919733479107,0.111888911614738,0.572191354906155,0.3419
847,0.790907344445762,0.0112021412684184,0.19789051428582,0.3362
848,0.293064771547915,0.187686746430501,0.519248482021584,0.3367
849,0.0308556391799786,0.281137018330368,0.688007342489653,0.3397
850,0.120960231885952,0.133829789252412,0.745209978861636,0.3306
851,0.501335976147128,0.161413222620294,0.337250801232578,0.3327
852,0.210969037056465,0.428292682702255,0.36073828024128,0.3302
853,0.349408037627237,0.0167138305290668,0.633878131843697,0.3317
854,0.150649316466837,0.796041210378401,0.0533094731547613,0.3276
855,0.228349924280724,0.238641485695257,0.533008590024019,0.3342
856,0.503966006771379,0.290518496881643,0.205515496346978,0.3315
857,0.375701821858995,0.267332313093471,0.356965865047534,0.3214
858,0.425859774965241,0.351463991245033,0.222676233789726,0.3344
859,0.333651175830806,0.0550335606488433,0.611315263520351,0.3295
860,0.123388124223276,0.689545525498631,0.187066350278093,0.3285
861,0.070135068024745,0.479145152257654,0.450719779717601,0.3297
862,0.131584531482506,0.0115316688671711,0.856883799650323,0.3285
863,0.289275474485864,0.393825565164958,0.316898960349178,0.3446
864,0.509873443341023,0.452958759389217,0.0371677972697597,0.337
865,0.164545822455589,0.003100032945468,0.832354144598943,0.3291
866,0.6557568676586,0.194669813829197,0.149573318512203,0.3395
867,0.698892612522881,0.130924328970408,0.170183058506711,0.3266
868,0.148371440953744,0.484635587097876,0.366992971948381,0.3351
869,0.315018380163289,0.272298267097934,0.412683352738777,0.3398
870,0.110189773913607,0.200137686154881,0.689672539931513,0.3276
871,0.0773921519039661,0.118375722048808,0.804232126047226,0.3289
872,0.311710181606691,0.141635600189056,0.546654218204253,0.3352
873,0.204001159244073,0.0914048757299097,0.704593965026018,0.3379
874,0.177390679784331,0.149242699760915,0.673366620454754,0.3296
875,0.410508847157222,0.0671807089318388,0.522310443910939,0.3355
876,0.344182577823291,0.581951028111409,0.0738663940652998,0.3327
877,0.5789397960901,0.133551368548671,0.287508835361229,0.3405
878,0.552823632198569,0.000972552455568931,0.446203815345862,0.3347
879,0.18278155977172,0.300225696892991,0.51699274333529,0.3292
880,0.43533458921767,0.264677542575669,0.299987868206661,0.3291
881,0.196276140808964,0.768400407715295,0.0353234514757413,0.3312
882,0.280304305498377,0.0111692714617129,0.70852642303991,0.3302
883,0.338266983839932,0.490140816102371,0.171592200057697,0.3411
884,0.374415462497282,0.601290086171019,0.0242944513316994,0.3328
885,0.267935743213237,0.514036971060981,0.218027285725782,0.3309
886,0.180235558908401,0.136132876196277,0.683631564895323,0.3309
887,0.681035054439765,0.0285316766726797,0.290433268887555,0.331
888,0.327857719039214,0.478041731634783,0.194100549326003,0.3265
889,0.260468147534749,0.65662797784632,0.0829038746189309,0.3389
890,0.625736297158217,0.231750620745322,0.142513082096461,0.3402
891,0.627390422597315,0.0692420650000583,0.303367512402627,0.3321
892,0.587970186946976,0.124968068541416,0.287061744511608,0.3376
893,0.260438792257917,0.4996400643688,0.239921143373283,0.3335
894,0.854439607961315,0.0375306348519468,0.108029757186738,0.3376
895,0.270722586559965,0.0295959105796092,0.699681502860425,0.3332
896,0.0583385242749536,0.865117689971724,0.0765437857533226,0.3296
897,0.804111371047614,0.0281430984572259,0.16774553049516,0.3379
898,0.667745416567966,0.181013653605825,0.151240929826209,0.3397
899,0.0416518694495566,0.19040587653151,0.767942254018933,0.3343
900,0.386779581952766,0.265456357070021,0.347764060977214,0.3274
901,0.455937666387719,0.143625266332902,0.400437067279379,0.3351
902,0.232354300640534,0.444267361528595,0.323378337830872,0.3237
903,0.000409259104129648,0.231493830404202,0.768096910491669,0.3421
904,0.33667259771254,0.34724016330844,0.316087238979019,0.3235
905,0.0480521516780961,0.51099708020634,0.440950768115564,0.335
906,0.485495563694672,0.261345599459859,0.253158836845468,0.3327
907,0.297127547505667,0.253426842181665,0.449445610312667,0.3303
908,0.0349480627683299,0.358008376271084,0.607043560960586,0.3316
909,0.288034276391737,0.0357582906422018,0.676207432966061,0.3325
910,0.144898799070402,0.178167800359752,0.676933400569846,0.3372
911,0.394828471069658,0.0541030709614133,0.551068457968929,0.3419
912,0.571955205120547,0.412631888619064,0.0154129062603893,0.3351
913,0.318994546030365,0.634850962374245,0.0461544915953903,0.3375
914,0.216693881659403,0.00558613011040881,0.777719988230189,0.3301
915,0.138830576562019,0.223862349788897,0.637307073649084,0.3327
916,0.130621138030819,0.0521760176014124,0.817202844367769,0.337
917,0.0205420385002996,0.533407493571807,0.446050467927894,0.3323
918,0.157349438661335,0.139243475047209,0.703407086291455,0.3306
919,0.520806759790829,0.283735787814733,0.195457452394438,0.3324
920,0.543286667592463,0.192823573501348,0.263889758906189,0.3395
921,0.543870101997928,0.12687470135658,0.329255196645492,0.329
922,0.500305953634685,0.325347288063284,0.17434675830203,0.3308
923,0.283565874340744,0.0207972768566984,0.695636848802557,0.3332
924,0.903052140218784,0.0666146649872784,0.0303331947939379,0.3335
925,0.877693280648849,0.0158310600468996,0.106475659304251,0.3365
926,0.505221887576672,0.328509356805445,0.166268755617883,0.3406
927,0.253459852280697,0.470283516988194,0.276256630731109,0.3389
928,0.609331779591501,0.177284438715988,0.213383781692511,0.3332
929,0.462774172879179,0.477446479177792,0.0597793479430287,0.3359
930,0.123307007647838,0.841542654805451,0.0351503375467114,0.3394
931,0.410630510051364,0.190357808418196,0.39901168153044,0.3368
932,0.0449816232779314,0.560148244277572,0.394870132444497,0.3416
933,0.682273681710744,0.198246186008738,0.119480132280518,0.3276
934,0.0417582402926498,0.229583039553406,0.728658720153944,0.3366
935,0.4660660404791,0.189230132539027,0.344703826981873,0.3424
936,0.367886937550087,0.426757220033858,0.205355842416055,0.3291
937,0.728607049927042,0.0878836550684071,0.183509295004551,0.3388
938,0.0457859130931275,0.743778141802628,0.210435945104245,0.3382
939,0.00321701883070169,0.78060891786653,0.216174063302769,0.3341
940,0.0122699411945067,0.527595332155054,0.460134726650439,0.3321
941,0.126835903153442,0.0986236669098458,0.774540429936713,0.3293
942,0.0404005281566317,0.886146678138576,0.0734527937047924,0.3404
943,0.219961952433476,0.128102221394365,0.65193582617216,0.33
944,0.221063704545389,0.611452905796941,0.16748338965767,0.3397
945,0.470506583876237,0.361790893132473,0.167702522991289,0.3327
946,0.642875783473741,0.0766385548524564,0.280485661673803,0.3387
947,0.673099301236442,0.313011727059996,0.0138889717035615,0.335
948,0.0828979494858334,0.314941160364349,0.602160890149818,0.3284
949,0.0555185180748669,0.0836767182330719,0.860804763692061,0.3289
950,0.205013869343153,0.320993726339737,0.473992404317111,0.3269
951,0.352056171214786,0.256150322121242,0.391793506663972,0.3418
952,0.073575546771415,0.118030506987974,0.808393946240611,0.3352
953,0.0461771048846144,0.446250514428994,0.507572380686392,0.335
954,0.330672596044778,0.594573079164456,0.0747543247907664,0.332
955,0.264171737290807,0.516708102461859,0.219120160247334,0.3356
956,0.0905223480286472,0.00670599196092003,0.902771660010433,0.3351
957,0.371259726410504,0.523247227906993,0.105493045682503,0.3396
958,0.0961773434513349,0.183035543205041,0.720787113343624,0.3362
959,0.214474897341668,0.494024167191918,0.291500935466414,0.3352
960,0.162743130971786,0.0486953920496243,0.78856147697859,0.3258
961,0.260260849791734,0.052581364613069,0.687157785595197,0.3294
962,0.417200693895282,0.138069621222204,0.444729684882514,0.3289
963,0.597312235391924,0.261289636584876,0.1413981280232,0.3347
964,0.687757184799379,0.0745798873476014,0.23766292785302,0.3393
965,0.472429278316548,0.144734672830093,0.382836048853359,0.3288
966,0.247396799573067,0.570002533866441,0.182600666560492,0.3304
967,0.109505294576576,0.438643581519455,0.451851123903969,0.3324
968,0.0986052948898049,0.520522527329131,0.380872177781065,0.3324
969,0.177791153233162,0.14068804712265,0.681520799644188,0.3315
970,0.759961173320431,0.198533455684435,0.0415053709951339,0.3346
971,0.291645982858941,0.238053749541481,0.470300267599578,0.3333
972,0.299682936170322,0.50227364821657,0.198043415613108,0.3308
973,0.00474554441778353,0.42210214298895,0.573152312593266,0.3357
974,0.61521363783496,0.224848296298911,0.159938065866129,0.3374
975,0.0844551197708549,0.195203064028371,0.720341816200774,0.3316
976,0.49410651237484,0.337261388502068,0.168632099123092,0.3423
977,0.609625927008385,0.0998827233230767,0.290491349668538,0.3318
978,0.0969588562747156,0.812383698794343,0.0906574449309411,0.3395
979,0.0964364576087592,0.321940929920592,0.581622612470649,0.3327
980,0.0153432321845474,0.723780848437751,0.260875919377702,0.327
981,0.14130828269096,0.131481199440632,0.727210517868408,0.3315
982,0.671648166990203,0.268453201568855,0.0598986314409422,0.3361
983,0.210501697487472,0.395914699915579,0.393583602596949,0.3405
984,0.0474462637676152,0.731724518985008,0.220829217247376,0.3259
985,0.807738067418579,0.0943137843912388,0.0979481481901824,0.3345
986,0.260775982590601,0.323257709660909,0.41596630774849,0.3368
987,0.151254002255294,0.0659385062950013,0.782807491449705,0.3365
988,0.336290154244197,0.453660173911245,0.210049671844558,0.3335
989,0.73415471762773,0.208063273756132,0.0577820086161384,0.3281
990,0.303058529528877,0.211009114905715,0.485932355565408,0.3434
991,0.0549037956454595,0.764625934498811,0.18047026985573,0.3255
992,0.482298139145497,0.235165131450805,0.282536729403698,0.3279
993,0.208643850354039,0.609644907700918,0.181711241945043,0.3403
994,0.350719183212982,0.0530204899585532,0.596260326828465,0.3318
995,0.425231715402454,0.359656347809708,0.215111936787838,0.3306
996,0.220167782816863,0.572561505236595,0.207270711946542,0.3253
997,0.387950472233599,0.176781213352153,0.435268314414248,0.3471
998,0.428334915167821,0.309918116155573,0.261746968676606,0.3292
999,0.571363936395071,0.312836871812652,0.115799191792277,0.3336
1000,0.817385131159113,0.0786064050701821,0.104008463770705,0.3405
