"Lot","Sample_r","Fac_Freq","Retail_Freq","House_Freq","Unc_Sampler_CRR"
1,6.69588112397143,0.066995174818547,0.0100054307384136,0.00149426648310614,0.3312
2,8.43701303207758,0.072271431889063,0.00856599742281854,0.00101528792124068,0.3294
3,1.51043975651287,0.0258878204658805,0.0171392605062563,0.0113471990076753,0.3393
4,4.49522940400546,0.0566139423207802,0.0125942276205825,0.00280168740873613,0.3398
5,3.87876344489655,0.0524554771497279,0.0135237628937505,0.00348661708451034,0.3366
6,5.66597887377185,0.0628229535980854,0.0110877493541137,0.0019568991697868,0.333
7,2.12459749474213,0.0350249622764779,0.0164854577693686,0.00775933220770812,0.328
8,3.47523927412042,0.0492890059849758,0.0141829100378853,0.00408113195068416,0.3398
9,3.50025652906625,0.0494970747186356,0.0141409848985668,0.00403998529283199,0.338
10,6.79671920330497,0.0673544095504406,0.00990984143021371,0.00145803307945912,0.3323
11,5.40329488652479,0.0615869630514154,0.0113980384829646,0.00210946074984544,0.3351
12,7.57445488176169,0.0698847135857965,0.00922636871916286,0.00121809012835746,0.3353
13,9.977335397118,0.0757132691442553,0.00758852600726697,0.000760576416971905,0.3375
14,9.30474685045169,0.0743208991517542,0.00798741764244197,0.000858423960459949,0.3244
15,7.50952811090392,0.0696884573360025,0.00928000485607265,0.00123576404788977,0.3382
16,3.51121317403275,0.0495876851311705,0.0141226643537047,0.00402216090385772,0.3358
17,8.79821000863681,0.0731627691999586,0.00831564251457261,0.000945151628161809,0.3214
18,1.63560236206581,0.0279189572126733,0.0170695261025491,0.0104362322398397,0.3376
19,9.70531447045389,0.0751686427646957,0.00774510120136069,0.000798026815611105,0.3334
20,2.76973938159226,0.0426650084248733,0.0154039794171343,0.00556152666186192,0.332
21,8.30573848379729,0.0719327301926379,0.00866060619810787,0.00104272560651926,0.3336
22,8.96548469714006,0.0735565391624187,0.00820441299575057,0.000915110925164786,0.3372
23,3.19521106432541,0.046842718492203,0.0146602892732824,0.00458820684397496,0.3322
24,9.45187882041722,0.0746388914215001,0.00789672538546209,0.000835466211056811,0.3297
25,4.42014993791468,0.0561458332578906,0.0127022463143815,0.00287371389948237,0.3373
26,1.22148801682168,0.0208486494143716,0.0170682390062409,0.0139733167834529,0.3341
27,7.4790499243869,0.0695954522734726,0.00930538677734228,0.00124419369725027,0.3303
28,2.81115115268319,0.0430986057316641,0.0153313014458605,0.00545374496537727,0.3297
29,4.21749885633541,0.0548317201308038,0.0130010041492808,0.0030826337106769,0.335
30,9.02490022638091,0.0736936541444365,0.00816559211691014,0.000904784752416553,0.3361
31,8.72669734549173,0.0729908462313862,0.00836408590119076,0.000958448032520768,0.3317
32,8.50861481935787,0.0724527707938023,0.00851522513734735,0.00100077689707782,0.3352
33,5.58783428464434,0.0624635312331808,0.0111784867000859,0.00200050433328078,0.335
34,6.86662845450104,0.0675989497789916,0.0098445620331592,0.00143368206076537,0.3319
35,6.51038838759554,0.0663135104640086,0.0101857994509756,0.00156454559153229,0.3314
36,6.67065936810221,0.0669040958828571,0.0100296075981303,0.00150354066137599,0.3369
37,1.29422868700628,0.0221631554750472,0.0171246053325502,0.0132315142636512,0.3418
38,3.00300611465028,0.0450292948269745,0.014994739640155,0.00499324312628022,0.3404
39,1.45967518477445,0.0250379843456828,0.017153120507116,0.0117513270664847,0.3402
40,3.13107885296969,0.0462504365623328,0.0147714058745171,0.00471767290705793,0.3423
41,3.53180468938849,0.0497571314764204,0.0140883021153232,0.00398898108880493,0.3335
42,9.09754653469007,0.0738593928588241,0.00811860566771371,0.000892395069017395,0.3357
43,7.70432039169502,0.0702697931790509,0.00912082956139769,0.001183859068378,0.3272
44,5.06943200751301,0.05989437434329,0.0118148096777953,0.00233059831166204,0.336
45,1.04651529021189,0.0175659968337315,0.0167852271228402,0.0160391608988739,0.3299
46,6.22119267209363,0.0651933869605467,0.0104792425499027,0.00168444269487255,0.3334
47,6.43976716748369,0.066046608459979,0.0102560553421043,0.00159261275685404,0.3346
48,1.81380725712073,0.0306569668446116,0.0169019981170861,0.00931851940206512,0.3349
49,9.78155234557018,0.0753237188732464,0.00770058945780305,0.000787256376672202,0.3287
50,5.47790527423844,0.0619461733462678,0.0113083688463159,0.00206436005739221,0.3332
51,9.00587999370182,0.0736499147088412,0.00817798091472989,0.000908071273484555,0.3372
52,5.5077441816465,0.06208798737132,0.0112728524280805,0.00204672767221926,0.3287
53,8.64450356462947,0.0727905206469954,0.00842043965888693,0.000974080188171899,0.3271
54,2.87033161247848,0.0437076481638632,0.0152273862622174,0.00530509652474227,0.3299
55,2.50064497896726,0.0396900140176789,0.0158719107876202,0.00634712680973017,0.3368
56,1.06469944779528,0.0179146911752914,0.0168260547259492,0.0158035723234305,0.336
57,8.22017827813537,0.071707516751641,0.00872335298887299,0.00106121214086999,0.3279
58,7.9397022736501,0.0709434007985408,0.00893527217437162,0.0011253913391722,0.3306
59,6.33940758137847,0.0656600400795393,0.0103574410126919,0.00163381844119253,0.3397
60,9.32047936609504,0.0743552796477132,0.00797762397481338,0.000855924213923316,0.3401
61,2.02588771602302,0.0336911841819105,0.0166303314420845,0.00820891074591796,0.3264
62,3.81125155733991,0.0519526242168279,0.0136313815646135,0.00357661554466576,0.3275
63,7.82054820283875,0.0706062400781483,0.00902829804853312,0.00115443288812618,0.339
64,7.13558239149326,0.068506844485312,0.00960073624361524,0.00134547339192115,0.3314
65,1.3236465227087,0.022686064038667,0.0171390651880703,0.012948370198561,0.3253
66,1.54427530458034,0.0264458726094726,0.017125102325365,0.0110894102072161,0.3303
67,2.96681361631677,0.0446746201699385,0.015058114848954,0.00507551764159973,0.3386
68,2.23579525860539,0.0364710332581309,0.0163123314255887,0.00729598623255145,0.3376
69,7.27378181866556,0.068954021754791,0.00947980341915744,0.00130328399386835,0.3419
70,3.59517903756211,0.0502718214344657,0.0139831204257786,0.00388940864409928,0.341
71,4.06790036772937,0.0538113769944671,0.0132282927628593,0.00325187235847744,0.3383
72,1.57225906717125,0.0269023712691771,0.0171106478766116,0.0108828425504941,0.3301
73,7.24534061475261,0.0688630251430792,0.00950445656107093,0.00131180258685401,0.3318
74,6.30651136738318,0.0655314288932626,0.0103910744111533,0.00164767393663875,0.3208
75,2.84366519385576,0.0434347431433815,0.0152742113372664,0.00537131142240971,0.3277
76,6.09945466792164,0.0646995479567803,0.0106074315622099,0.00173907867829507,0.3307
77,8.99356346408138,0.0736215140553841,0.00818602263156476,0.000910209024960819,0.335
78,8.93024274940533,0.0734745367169916,0.00822760800336411,0.000921319636458034,0.333
79,6.90664653354161,0.0677373058528114,0.0098075535679798,0.00142001672162462,0.3352
80,6.63306284272275,0.0667674029125961,0.0100658480849232,0.00151752641631711,0.3373
81,7.67114331817068,0.0701723481978036,0.00914757361286497,0.00119246548180075,0.3359
82,6.49379927842901,0.0662511881145719,0.0102022229628569,0.00157107149842873,0.3341
83,2.40416345666721,0.0385526422966468,0.01603578250461,0.0066700050947616,0.3372
84,7.63120116773155,0.0700541892913656,0.00917996888715095,0.00120295202359078,0.3356
85,9.71478102808679,0.0751880041613081,0.00773954697938421,0.000796677450269656,0.3315
86,9.96333337903698,0.0756858162058257,0.0075964351815297,0.000762439124792585,0.3418
87,2.5579260626717,0.0403470493268176,0.0157733446308749,0.00616645839027886,0.3293
88,5.6571950874934,0.0627828917286118,0.0110978834488859,0.0019617289623652,0.3319
89,4.25702922725724,0.0550940487070829,0.0129419005052449,0.0030401248885912,0.3301
90,8.05934194434714,0.071274296841975,0.00884368690820559,0.00109732121670413,0.3331
91,7.43229783233674,0.0694516817148247,0.00934457731398377,0.00125729317161202,0.3286
92,9.37822841524216,0.0744806982680454,0.00794187291780972,0.00084684148926273,0.331
93,6.03595620573102,0.0644364300387114,0.0106754303448276,0.00176863946340291,0.3377
94,7.77337076299428,0.0704705900006596,0.00906564116768239,0.00116624324814662,0.3338
95,2.78466699464945,0.0428220195062131,0.0153777882915597,0.00552230780955392,0.3286
96,9.23094590451661,0.0741583892249418,0.00803367173765548,0.000870297781045893,0.3301
97,8.28413755392027,0.0718762085038169,0.00867636589035188,0.00104734691256376,0.3365
98,9.44595776130841,0.0746262457860989,0.00790033659601734,0.00083637221292455,0.3249
99,8.62561481439369,0.0727440662698444,0.00843349347671488,0.000977726650005491,0.3321
100,5.86984283520537,0.0637294375231461,0.0108570943570956,0.00184963970278358,0.3356
101,9.61150030629081,0.0749751320492531,0.00780056491286602,0.000811586606074442,0.3336
102,4.08201512737852,0.0539095578855185,0.0132066041411609,0.00323531484549941,0.3366
103,3.7793914219446,0.0517117264351877,0.0136825537929015,0.00362030609305386,0.3323
104,4.06921530494094,0.0538205407352353,0.0132262701041857,0.0032503244761038,0.33
105,1.74501794725331,0.0296210674021748,0.0169746491426057,0.00972749258500413,0.339
106,8.43024615704548,0.0722541713225821,0.00857082580704913,0.00101667562813527,0.3347
107,8.81386874208087,0.0732001242606279,0.00830510714450985,0.000942277152921283,0.3245
108,4.39076219065883,0.0559599091521415,0.0127449191557662,0.00290266669027998,0.337
109,1.92980079584778,0.0323456835550452,0.0167611515264379,0.00868543093282049,0.3395
110,5.20910760217346,0.0606200043488274,0.0116373108367994,0.00223403157038719,0.3401
111,2.539959884946,0.0401424023116027,0.0158043450014787,0.0062222813419806,0.3346
112,3.8392014173558,0.0521620486380976,0.0135866923788603,0.00353893711266077,0.3358
113,5.34062705354812,0.0612800531732062,0.0114743180077504,0.00214849640177127,0.338
114,2.25071240708907,0.0366606143511081,0.016288449042018,0.00723701926141887,0.3334
115,6.46199950202997,0.0661310821250345,0.010233842033609,0.00158369588706934,0.3398
116,1.79482295786799,0.0303736798264905,0.0169229392199052,0.00942875125689691,0.3391
117,2.29816799372458,0.0372569574024428,0.0162115900596377,0.00705413620932209,0.3357
118,1.41181187829375,0.0242228453479849,0.0171572754985314,0.0121526640782105,0.3387
119,8.915264240772,0.073439530762177,0.0082375046637785,0.000923977623243749,0.3373
120,8.86459282929823,0.073320423626957,0.00827115526216013,0.000933055293281296,0.3305
121,5.9362114319657,0.0640152092456513,0.0107838492579523,0.0018166214902459,0.3389
122,8.02276007202966,0.071173916686915,0.00887150008823695,0.00110579152418708,0.3348
123,8.07524018905871,0.0713177053378654,0.00883165127824867,0.0010936704136943,0.3388
124,7.28534519714792,0.0689908677888349,0.00946981452791606,0.00129984431370847,0.3383
125,2.30668487282866,0.0373629046494461,0.0161976631873553,0.00702205289424399,0.3366
126,2.47751341977762,0.0394208804971256,0.0159114700176534,0.00642235472495709,0.3366
127,1.93723923709453,0.0324515457264678,0.0167514394221844,0.00864706800348945,0.3318
128,7.49188910151739,0.0696347003051259,0.00929467846647947,0.00124063214771785,0.3359
129,5.97453811822203,0.0641782221422238,0.0107419554235471,0.00179795579356748,0.336
130,1.53780111867306,0.0263396103233116,0.0171280993383849,0.0111380458307668,0.3334
131,4.18720112758782,0.0546286317378561,0.0130465745669415,0.00311582228065969,0.3351
132,2.39590744238277,0.0384534835122683,0.0160496531844426,0.00669877846720195,0.3414
133,8.39715691713872,0.0721694607624721,0.00859451138934574,0.00102350253474533,0.3306
134,9.17242787543475,0.0740280708571481,0.0080707171386332,0.000879888863476146,0.3364
135,4.44535349212284,0.0563040693343572,0.0126658249865006,0.0028492278530705,0.3337
136,6.21020369484089,0.065149370594876,0.0104906978573019,0.00168926791660909,0.3359
137,9.54418422310404,0.0748344193648637,0.0078408397842645,0.000821530641171388,0.3385
138,6.1859972465178,0.0650520225726389,0.0105160122095524,0.00169997039935187,0.3315
139,2.72272922287206,0.0421652238949471,0.0154863816573244,0.00568781556653977,0.3459
140,8.53530220925086,0.0725197578898315,0.00849644876208742,0.000995447911953097,0.3358
141,5.18290440484672,0.0604858487146553,0.0116702613033134,0.00225168368770223,0.3313
142,4.13563674173015,0.054278874446687,0.0131246716857388,0.00317355524804824,0.3448
143,1.67103451126209,0.0284775663190691,0.017041878026541,0.0101983998006539,0.3334
144,4.3402434004969,0.0556366776473651,0.0128187920615225,0.00295347308403371,0.3398
145,1.05601018227334,0.0177482751726716,0.0168069167045944,0.0159154873567725,0.3422
146,6.64608817711775,0.0668148865739174,0.0100532651378233,0.00151265900630635,0.3317
147,5.69386179528665,0.0629495631671558,0.0110556886398727,0.00194168545661304,0.3339
148,3.39353833886539,0.0485978805714809,0.0143207106325869,0.00421999376537912,0.3416
149,4.95063814798463,0.0592562476079472,0.0119694160301475,0.00241775215080508,0.3331
150,5.9427847341483,0.0640432710741685,0.0107766432639171,0.00181339956704011,0.3219
151,1.87005259481492,0.0314847986057207,0.0168363171672382,0.00900312494628235,0.329
152,7.32550075917342,0.0691181505509182,0.00943527996558658,0.00128800477616102,0.3253
153,1.69053983059456,0.0287820347102008,0.0170253514228519,0.0100709555106218,0.3399
154,5.32705840928992,0.0612129655489638,0.0114909506984594,0.00215709117782905,0.3284
155,7.19226546188071,0.0686917914305613,0.00955078643782413,0.00132792462798317,0.3336
156,2.70522039475571,0.041976989546307,0.0155170313027666,0.0057359582726966,0.3375
157,8.84682700984925,0.073278411829215,0.00828301624386162,0.00093626971960004,0.3328
158,9.87677888491796,0.0755147330419605,0.0076456842784314,0.000774107061372662,0.3282
159,4.70696462358767,0.0578829520877345,0.0122972991548885,0.00261257522380005,0.3284
160,6.17321718089236,0.0650004095705974,0.010529422125596,0.00170566202630732,0.3354
161,3.18423989556381,0.046742280017336,0.0146792583317783,0.00460997249366452,0.3384
162,4.03912602649978,0.0536099614896508,0.0132726637242631,0.00328602366877989,0.3287
163,1.6797211641029,0.0286134267150052,0.0170346289172864,0.0101413432665678,0.3363
164,9.03147232942539,0.0737087339814287,0.00816131980400124,0.000903653303283773,0.3319
165,7.72526979507971,0.07033099930131,0.00910401852192972,0.00117847256645045,0.3285
166,3.56510421815957,0.0500288432787064,0.0140329258886387,0.00393618952768875,0.3424
167,1.30961958967824,0.022437361882623,0.0171327323288861,0.0130822205653593,0.3361
168,1.64752379239304,0.028107704888555,0.0170605760100911,0.0103552835405858,0.3266
169,4.64968826476834,0.0575468958657939,0.0123765062492122,0.00266179269328475,0.3383
170,4.14505885930033,0.0543431750926906,0.0131103506457477,0.0031628864850331,0.346
171,6.59830842828122,0.0666400457273297,0.0100995651312239,0.00153062943949934,0.3306
172,2.04859988188255,0.0340023552216545,0.0165978508162406,0.00810204616481188,0.3323
173,1.62413171420852,0.0277365787408897,0.0170777890107309,0.0105150271134588,0.3384
174,9.46703385307337,0.0746712010485072,0.00788749699297484,0.000833153986284125,0.3319
175,6.16399358320655,0.064963065896426,0.0105391196501914,0.00170978757649986,0.3388
176,5.74077583946288,0.0631606807477026,0.0110021158313703,0.00191648587909325,0.3334
177,2.95610339219985,0.0445688315490461,0.0150768852221638,0.00510025639223126,0.3328
178,4.26522389514046,0.055148058546974,0.0129296983939827,0.00303142313553902,0.3362
179,1.30595148425363,0.022372135702623,0.017130908745365,0.013117569030641,0.3338
180,5.79725934736826,0.0634117353892248,0.0109382264255628,0.00188679266704333,0.3373
181,6.78200786486175,0.0673024836286309,0.00992368115308915,0.00146323645605083,0.3384
182,8.09300794259412,0.0713660644410367,0.00881823729165415,0.00108961184200044,0.3278
183,5.43289272002294,0.0617302570354097,0.0113623184216214,0.002091393849863,0.3359
184,3.52841484680446,0.0497293120667786,0.0140939527311581,0.00399441486987349,0.3384
185,1.95731918660202,0.0327358803715393,0.0167248554020308,0.00854477671118413,0.3279
186,9.69076610254007,0.0751388291538474,0.00775365212190526,0.00080010724021839,0.3441
187,1.47059606496687,0.0252220849270365,0.0171509264358087,0.0116625678827687,0.3326
188,2.73108338927408,0.0422546358357434,0.0154717486846766,0.0056650590551133,0.3282
189,2.34562619138369,0.0378431974318464,0.0161335158904934,0.00687812744833661,0.3288
190,9.65010978981084,0.075055134185184,0.00777764562476084,0.000805964470266746,0.3295
191,4.00043223618623,0.0533364068163763,0.0133326609894595,0.00333280510762258,0.3293
192,9.48896098833461,0.0747178036791718,0.00787418177512028,0.000829825497733684,0.3341
193,9.63291907496937,0.0750195765123388,0.00778783418904382,0.000808460460264853,0.3423
194,6.17992165958718,0.0650275047440467,0.0105223833449679,0.00170267261052478,0.3362
195,3.28590644712281,0.0476593625711128,0.0145041751303797,0.00441405601887411,0.3242
196,2.68658796422952,0.0417754133595027,0.0155496168060454,0.00578786811118052,0.3429
197,5.98405201791483,0.0642184615217099,0.0107316014849896,0.00179336701166062,0.3353
198,8.09153529993934,0.0713620624542161,0.0088193476032603,0.00108994736800152,0.337
199,7.76180593783315,0.070437147631054,0.0090748400817037,0.00116916606191743,0.3335
200,7.6802752906431,0.0701992330397724,0.00914019750376609,0.00119008722446468,0.3364
201,6.14903893248295,0.0649023512833404,0.0105548772736642,0.00171650844783352,0.3341
202,6.99088549074787,0.0680247576691772,0.00973049233308213,0.00139188266578819,0.3313
203,5.99229434206197,0.0642532506531977,0.0107226459491788,0.00178940574963297,0.3325
204,2.1098948643629,0.0348293372536942,0.0165076174372372,0.00782390521729709,0.3351
205,9.53463424994214,0.0748143291596823,0.00784658616140795,0.000822956178046951,0.3343
206,7.58842467339686,0.0699266114134155,0.00921490486142149,0.00121433700116003,0.3316
207,2.15239115004009,0.0353919131066666,0.0164430675651159,0.00763944209899286,0.3357
208,2.74601750594215,0.0424138273983021,0.0154455779347809,0.00562471939867755,0.3317
209,4.95617722634412,0.0592864444709761,0.0119621316517586,0.00241358028687411,0.3385
210,6.38197927082214,0.0658250768306221,0.0103142103785214,0.00161614601690687,0.332
211,6.02847030677297,0.0644051553901949,0.0106834988169115,0.00177217407953533,0.3356
212,3.42079514206829,0.0488304524219361,0.0142745912555325,0.00417288690573319,0.3311
213,9.62887882132945,0.0750112049135656,0.00779023251880627,0.000809048765007791,0.3346
214,6.56138632273534,0.0665036828001802,0.010135614568181,0.00154473674763836,0.3381
215,8.70614533255785,0.0729410315431001,0.00837810865278425,0.000962321249273561,0.3297
216,1.69451770828827,0.0288438633111682,0.017021871869551,0.0100452605400894,0.3356
217,1.36974261285411,0.0234952475830675,0.0171530383610617,0.0125228186668736,0.338
218,5.13770244718553,0.0602522996023479,0.0117274793979855,0.00228263110184785,0.3311
219,2.6770289845618,0.041671490274596,0.0155663201687065,0.00581477460964231,0.3326
220,4.30828479718952,0.055429798710864,0.0128658622445348,0.0029863072777658,0.3325
221,7.0990788653444,0.0683865893317075,0.0096331637708028,0.00135695967794203,0.3415
222,4.0934080472535,0.0539885105393605,0.0131891348031097,0.00322204252565514,0.3338
223,9.04365772973001,0.0737366482141436,0.00815340987217402,0.00090156108466717,0.3309
224,4.32010129092122,0.0555065097130598,0.012848427843511,0.0029741033782037,0.3309
225,2.85608562922128,0.043562163673419,0.015252401128217,0.00534031647096504,0.3408
226,8.5964607701425,0.0726720555203891,0.00845371804322029,0.000983395174975034,0.3309
227,3.17083042599377,0.0466190270089775,0.0147024661510767,0.00463678726889622,0.3326
228,5.55368595802085,0.0623043090944049,0.0112185509885417,0.00202001896998504,0.3387
229,5.88933646130725,0.0638138371430511,0.0108354884395391,0.00183984876916576,0.3347
230,6.10924819657113,0.0647397874479567,0.0105970138002074,0.00173458557571046,0.3384
231,6.54872675164719,0.0664566734707788,0.0101480296844059,0.00154961873800176,0.3298
232,1.51403033661703,0.0259473574080967,0.0171379375832547,0.0113194149210696,0.3367
233,1.45297171735833,0.0249246322572683,0.0171542446143302,0.0118063169498705,0.3436
234,4.20600386720709,0.0547548769188948,0.0130182659473524,0.00309516261952392,0.337
235,2.61688375593489,0.0410095847369626,0.0156711526234041,0.00598847869641253,0.3257
236,2.36070316405455,0.0380273519679918,0.0161084851950125,0.00682359622348534,0.3284
237,8.32198145852354,0.071975083651331,0.0086487916381516,0.00103927071710708,0.3289
238,6.70320045842021,0.0670215130497214,0.00999843484697411,0.00149159120467815,0.3391
239,5.42615118109528,0.0616977113849267,0.0113704372262759,0.00209548846812277,0.3307
240,9.15872169955145,0.0739973583340857,0.00807944173450644,0.000882158231197497,0.3305
241,4.53626607801649,0.0568656965655681,0.0125357938858897,0.00276346088838137,0.3351
242,7.89121285456559,0.0708071249961025,0.0089729077520873,0.00113707587381779,0.3327
243,9.5830318785347,0.0749158152198689,0.00781754836772221,0.000815769838482219,0.3338
244,6.92977393854479,0.0678167328754447,0.00978628357531757,0.00141220819930132,0.3342
245,4.7413254023043,0.0580820681129622,0.0122501754645935,0.00258370274662859,0.3321
246,6.40628529988066,0.0659186020425383,0.0102896763033276,0.00160618452373942,0.3362
247,1.25119604891911,0.0213891857595005,0.0170949914507629,0.0136629199441055,0.3413
248,7.44480877217976,0.0694902869309274,0.00933405935026875,0.00125376750913319,0.3318
249,4.597456818101,0.057235833200447,0.0124494553108361,0.00270790043352237,0.3359
250,5.44289930705796,0.0617784648781926,0.0113502861972998,0.00208533826495404,0.3279
251,9.96986807980202,0.0756986360956767,0.00759274199916794,0.000761568953409734,0.3347
252,4.43224669811386,0.0562219200181268,0.0126847451975207,0.00286192219465553,0.3368
253,9.34794775314326,0.0744150876975584,0.00796058018965031,0.000851585866745303,0.3344
254,3.91417089119088,0.0527151493471055,0.0134677689892755,0.00344077184253394,0.3334
255,3.78916095268773,0.0517858428883902,0.0136668364144462,0.00360682393413561,0.3335
256,9.55347969075432,0.074853943565378,0.00783525437729462,0.000820146651369074,0.3327
257,7.92049799511419,0.0708895799725332,0.00895014177344176,0.00112999735357079,0.3402
258,8.85297516033635,0.0732929655700573,0.00827890785217934,0.000935155436702343,0.336
259,2.21381100376486,0.0361897595214937,0.016347266979859,0.0073842197694647,0.3257
260,5.22301022720872,0.0606908203665834,0.0116198930743848,0.00222475020513116,0.333
261,9.11305068470468,0.0738944961957975,0.00810864536502818,0.000889783854559013,0.3331
262,1.99229527019174,0.0332261718917602,0.016677333118681,0.00837091437609845,0.3397
263,7.01186266807583,0.0680955515452819,0.0097114782146708,0.00138500690535284,0.3306
264,1.02974233532953,0.0172429087755546,0.0167448770279379,0.0162612300703159,0.3339
265,7.7581166189746,0.0704264632906989,0.0090777783770937,0.00117010078900999,0.3326
266,3.98076941899466,0.0531961924844512,0.0133632940985278,0.00335696260998273,0.3393
267,5.00531805692334,0.0595524299782727,0.0118978313268025,0.00237703802065994,0.3339
268,6.81235625798535,0.0674094242129053,0.00989517013792238,0.0014525326866638,0.3421
269,1.48152541709249,0.0254056268695643,0.0171482895780642,0.0115747521981215,0.3282
270,1.75858751334902,0.0298274782479789,0.01696104289469,0.00964469653397556,0.3303
271,4.68153242703271,0.057734379367987,0.0123323677167352,0.00263425874090373,0.3325
272,3.42570409703301,0.0488721241894619,0.014266300534185,0.00416448710399155,0.3313
273,9.75182207765616,0.0752634741290602,0.0077178883627817,0.000791430391297365,0.337
274,8.50514590844978,0.0724440397607011,0.00851767160028715,0.00100147271921872,0.3287
275,2.44023789935,0.0389824939716591,0.0159748744095987,0.00654644139977247,0.3402
276,1.4444170935615,0.0247795942487989,0.0171554285526349,0.0118770600466482,0.341
277,1.60373967952956,0.02741048853448,0.0170916071257403,0.0106573450441495,0.3315
278,8.79320542089059,0.0731508085485712,0.00831901508575952,0.000946073097075101,0.3409
279,6.01886884715478,0.0643649627532898,0.0106938636457773,0.00177672315468918,0.3331
280,3.56320104217483,0.0500133903315756,0.0140360843352946,0.00393917833127024,0.3353
281,1.77727833835245,0.030110120977688,0.0169417025616822,0.00953238566863268,0.333
282,3.29479435322224,0.0477381028209748,0.0144889476256046,0.00439752715110571,0.3278
283,3.95683548051748,0.0530244138323221,0.0134007122847037,0.00338672465678335,0.3389
284,9.91362967461231,0.0755878641929913,0.00762464068902667,0.00076910686996434,0.3306
285,4.81480558561045,0.0585017478602459,0.0121503863074107,0.00252354660876099,0.3249
286,4.81631611268641,0.0585102888314993,0.0121483489585288,0.00252233214645721,0.3294
287,7.11370701825176,0.068434888593843,0.00962014438017455,0.00135233913281668,0.3322
288,3.79033852918749,0.0517947617020273,0.013664943461694,0.00360520395644535,0.3426
289,4.9808291606335,0.0594203061285041,0.0119298020896076,0.00239514380133654,0.3307
290,7.69104327925551,0.0702308726531004,0.00913151442568643,0.00118729203492018,0.3407
291,2.04279895010823,0.0339231247908337,0.0166061984656083,0.00812913990617065,0.3386
292,6.13473645774648,0.0648440896854378,0.0105699878278484,0.00172297341550856,0.3355
293,2.21672442906653,0.0362271640303559,0.0163426556568474,0.00737243449955094,0.3293
294,5.90134205888188,0.0638656240218153,0.0108222203330332,0.00183385748954258,0.3372
295,7.15186692578462,0.0685601993864077,0.00958633600119539,0.00134039630500307,0.3327
296,1.15680517207202,0.0196544885743785,0.0169903187233976,0.0146872776277143,0.3333
297,6.42909039733186,0.0660058928775495,0.0102667545170842,0.00159692178559894,0.3266
298,5.41529403853952,0.0616451824476347,0.0113835337488452,0.00210210815291486,0.3302
299,7.86627267907537,0.0707365372175241,0.00899238306417809,0.00114315679497079,0.3355
300,7.07422243904578,0.068304181607505,0.00965536243679642,0.00136486554105285,0.3342
301,3.84764266651822,0.0522249506772938,0.0135732330685876,0.00352767505847164,0.3307
302,7.18184039128316,0.0686579379850696,0.00955993648486007,0.00133112628017511,0.3336
303,4.35529553412693,0.0557334678288666,0.0127967131948117,0.00293819629334912,0.3399
304,1.3633733663985,0.0233841826043092,0.0171517085346042,0.0125803458959392,0.3366
305,7.46770108440635,0.0695606761717513,0.00931487152277749,0.00124735462995811,0.331
306,5.27629328331701,0.0609599259184129,0.0115535514508188,0.00218970986456529,0.3304
307,4.04403387747775,0.0536444362249958,0.013265080820355,0.00328016065696966,0.331
308,5.24700141962292,0.0608124376544786,0.0115899411475381,0.00220886945145349,0.3317
309,2.75894812688907,0.0425509995706683,0.0154229067070746,0.00559014015405398,0.3341
310,9.1698503129743,0.0740223006171342,0.0080723564824609,0.000880314967741558,0.3362
311,9.29742460458446,0.0743048664512612,0.00799198376017185,0.0008595911341116,0.3379
312,4.8416866125206,0.0586532280433701,0.0121142140616233,0.00250206488588004,0.3375
313,5.71535596189788,0.0630465842367113,0.0110310861925345,0.00193007859284261,0.3388
314,3.22070306311292,0.047074702110549,0.0146162813485357,0.00453822692192199,0.3301
315,7.05485506896884,0.0682396763784127,0.00967272547930411,0.0013710735918375,0.3284
316,5.92313772147312,0.0639592681026471,0.0107982071513846,0.00182305522159952,0.3434
317,9.90009059720323,0.0755610461995168,0.00763235906354865,0.000770938304918622,0.3289
318,3.69829165179282,0.0510878549408974,0.0138139064603332,0.00373521283905142,0.3311
319,6.46674867211445,0.0661490731511234,0.010229108398223,0.00158180082710379,0.3344
320,8.04315084701544,0.0712299544493668,0.00885597644557394,0.0011010581069557,0.3241
321,5.75517425309005,0.0632250000368085,0.010985766417561,0.00190885035525424,0.3277
322,9.39245983860339,0.0745114186806581,0.00793311017146043,0.000844625402480299,0.3297
323,2.87425541464449,0.0437475951971494,0.0152204967499593,0.0052954572764863,0.333
324,2.55259462967725,0.0402864561406664,0.0157825514761662,0.00618294471541756,0.3252
325,4.93082826863811,0.0591478914679273,0.0119955285898172,0.00243276138131056,0.3335
326,1.33174468934466,0.0228291234590288,0.0171422673142123,0.0128720372991672,0.3346
327,8.33277774628717,0.0720031647288222,0.00864095586383599,0.00103698383983494,0.3391
328,3.63133598479093,0.0505609398925276,0.0139235091724619,0.00383426629504335,0.3324
329,7.99760815952741,0.071104495134754,0.00889072003984696,0.00111167237285258,0.3328
330,7.94889445418585,0.0709690924315213,0.00892817143824941,0.00112319662686525,0.334
331,8.76125619723671,0.0730742014113213,0.00834060775832224,0.000951987656855972,0.3379
332,1.13348825057014,0.0192183332265672,0.0169550352347283,0.014958280534624,0.3322
333,7.56335022560973,0.0698513260904938,0.00923550067190796,0.00122108594689114,0.3388
334,6.57930984189222,0.0665700164869695,0.0101180850403336,0.00153786419601477,0.3331
335,4.84903243847727,0.0586944349129158,0.0121043601290792,0.00249624234992337,0.3261
336,8.16427745410218,0.0715584244630651,0.00876482026307304,0.00107355737385788,0.3328
337,7.95781114742672,0.0709939710340698,0.00892129377272628,0.00112107382387569,0.3361
338,6.64065137883532,0.0667950831429609,0.0100585137409631,0.00151468781707485,0.3317
339,2.16135191479139,0.0355094284913128,0.0164292673711769,0.00760138469757831,0.3419
340,3.93214895881177,0.0528459477164816,0.0134394572204739,0.0034178403110484,0.3307
341,4.8551858292988,0.0587288908274201,0.0120961159659468,0.00249138063736971,0.3345
342,9.56992351941904,0.0748884084566395,0.00782539257546603,0.000817706908481237,0.3272
343,6.26686046500178,0.0653751384430013,0.0104318803343554,0.00166461027696624,0.3301
344,1.42406771071441,0.0244328533234901,0.0171570868011837,0.0120479431364794,0.3365
345,8.26690407243581,0.0718309523967928,0.00868897857860689,0.00105105593369329,0.3317
346,7.93721410650876,0.0709364387447432,0.00893719607318809,0.00112598651784627,0.3321
347,3.47171415993851,0.0492595550616468,0.0141888279945603,0.00408698047733619,0.3323
348,2.58267122674943,0.0406267976998051,0.0157305340606355,0.00609080005914421,0.3358
349,1.16841458147718,0.0198705374589135,0.0170064100310971,0.0145551162238977,0.3349
350,9.14079676990467,0.073957083329598,0.00809087929545657,0.000885139392016146,0.3348
351,4.50839760068548,0.0566950396314841,0.0125754302643724,0.00278933478769937,0.3299
352,4.97511208741786,0.0593893390191821,0.0119372866330748,0.00239940054079674,0.3331
353,5.62567346304446,0.0626384219027769,0.0111343863653399,0.00197920950060161,0.3366
354,2.32761808455782,0.0376219275495184,0.0161632734335218,0.00694412607495804,0.3381
355,8.15341802265192,0.0715292802242969,0.00877291953209972,0.00107598058970197,0.3369
356,3.80666592854634,0.0519180951753219,0.0136387316748722,0.00358285490003072,0.3337
357,4.32648128722422,0.0555478208155525,0.0128390294855963,0.00296754536382927,0.3316
358,8.24364335924317,0.0717696385258754,0.00870605815878774,0.0010560934988807,0.3292
359,9.78734037061129,0.0753354136496732,0.00769723038098122,0.000786447603691591,0.3398
360,3.86077032614779,0.0523224570097083,0.0135523360857145,0.00351026736657416,0.336
361,1.3811868241427,0.0236942089894368,0.0171549630906331,0.012420450869332,0.3276
362,9.56623506020219,0.0748806859346248,0.0078276025482738,0.000818253210276892,0.3361
363,6.24856705824356,0.0653025588778676,0.0104508054837494,0.00167251233544208,0.3372
364,1.141157604245,0.0193621194178597,0.0169670861814655,0.0148683110188719,0.3404
365,2.14810463134083,0.0353355619330669,0.0164496465477153,0.00765774921189363,0.3344
366,9.9898039383674,0.0757376635940559,0.00758149649996369,0.000758923453026517,0.3329
367,5.81645143536688,0.0634962728928751,0.010916668624926,0.00187686061617351,0.3331
368,5.29402060810872,0.0610486561741147,0.0115316242027105,0.00217823560887689,0.3375
369,7.87605477470416,0.0707642636736528,0.0089847348320798,0.00114076591505387,0.3278
370,2.79241058510565,0.0429031502597813,0.0153641984057148,0.00550212726153717,0.3312
371,6.62253912657965,0.0667289405474638,0.0100760356823935,0.0015214762026778,0.3348
372,8.94520828553685,0.073509420848437,0.00821774278496024,0.000918675398341163,0.3381
373,4.62284722189792,0.0573875998766422,0.0124139079493701,0.00268533813762368,0.3356
374,3.45861264381488,0.0491498084412644,0.0142108450708292,0.00410882817312394,0.3364
375,6.82726316805393,0.067461699409557,0.00988122147176385,0.0014473180875757,0.3285
376,8.59043553050049,0.0726571259476779,0.00845790946101714,0.000984572834635356,0.3363
377,1.27454941109288,0.02181054056739,0.0171123538856671,0.0134261988878044,0.3345
378,9.32512438462465,0.0743654129710153,0.00797473684036104,0.000855188253950785,0.3337
379,8.97658056604001,0.0735822532485711,0.00819713617086508,0.000913169119416841,0.3366
380,4.10604576322483,0.0540757825587758,0.0131697953888136,0.00320741563739177,0.3342
381,3.58046145850909,0.0501532013786095,0.0140074685790622,0.0039121964421019,0.3323
382,8.83836724968534,0.073258360310408,0.00828867575207583,0.000937806216682263,0.3359
383,2.38247008411074,0.0382914654677139,0.0160721705271721,0.00674601147538484,0.3334
384,3.07603613949823,0.0457319937776637,0.014867183512715,0.00483322784209557,0.3366
385,2.98191390468669,0.0448231234546659,0.0150316625118576,0.00504094450488066,0.3319
386,5.70205432550586,0.0629866020454704,0.011046299885942,0.00193724914835181,0.3329
387,7.23549084013607,0.0688313877520693,0.00951302258172368,0.00131477225137981,0.3372
388,8.01643176659243,0.071156481191822,0.00887632842935913,0.0011072667600503,0.3298
389,3.38232128691976,0.0485015798103203,0.0143397317096656,0.00423961253034144,0.3251
390,6.41930078154337,0.0659684754872189,0.0102765827201757,0.00160088817612702,0.3291
391,6.94426104469574,0.0678662893015246,0.00977300376018599,0.00140734970895873,0.3383
392,1.07937985600997,0.0181949774052489,0.0168568806467339,0.0156171903272746,0.3298
393,2.2046392732833,0.0360717478135045,0.016361746001097,0.0074215070916023,0.335
394,3.64661599419871,0.0506821497772777,0.0138984060449212,0.00381131604397933,0.3354
395,6.00179610005254,0.0642932728212801,0.0107123387315203,0.00178485549207953,0.3381
396,8.8099780179013,0.0731908523070318,0.00830772246631181,0.000942990147016378,0.3299
397,9.43917311596265,0.0746117403521425,0.00790447843635435,0.000837412169397236,0.3424
398,3.24895347244199,0.0473295401958633,0.0145676263440883,0.00448379038593586,0.3258
399,4.05402112590941,0.053714437230326,0.0132496688009431,0.00326827818342237,0.3385
400,8.82801134373853,0.0732337737402871,0.00829561391447802,0.000939692258139413,0.3336
401,6.28500850590947,0.0654468453642712,0.0104131673493735,0.00165682629380414,0.3474
402,2.43646234208206,0.0389377648523854,0.015981270951683,0.00655921114628282,0.3316
403,7.31597937772051,0.0690880640157264,0.00944344706959148,0.00129079738774959,0.3409
404,3.91637687952095,0.0527312367351437,0.0134642906843005,0.00343794560597739,0.3421
405,1.9828704502352,0.033094674135531,0.0166902856067099,0.00841723452216967,0.3389
406,4.29966238214192,0.055373660296891,0.0128786065917357,0.00299525996395096,0.3413
407,7.97684980613785,0.0710469496574596,0.00890664251980675,0.00111656139156005,0.3287
408,1.66073580279597,0.0283159382550949,0.0170502365321582,0.0102666760742153,0.3369
409,9.84104774962924,0.075443406236469,0.00766619654287434,0.000779002067453962,0.3289
410,3.10327663750434,0.045989752799449,0.0148197399624785,0.00477551365655772,0.3427
411,3.94065151480236,0.0529075634684438,0.0134260954742397,0.00340707505441853,0.3375
412,3.20306327877962,0.0469143821128251,0.0146467234736304,0.00457272373314176,0.3311
413,1.25706729971454,0.0214954141588646,0.0170996526309655,0.0136028139741194,0.339
414,9.95367314125365,0.0756668399006446,0.00760190121042236,0.000763728234044152,0.329
415,5.038490493363,0.0597300628420674,0.0118547535061835,0.00235283831969105,0.3338
416,6.65444290795084,0.066845272998504,0.0100452094823199,0.00150954927726823,0.3399
417,1.40052047186391,0.0240285804830213,0.0171568934305132,0.0122503696127195,0.3331
418,6.07032719501387,0.0645793316578269,0.0106385256647899,0.00175254567390177,0.3288
419,2.88440860621817,0.043850714078029,0.0152026706561255,0.00527063697679719,0.3417
420,8.69409318627044,0.0729117340811582,0.00838635295470482,0.000964603527363659,0.3381
421,2.63747204636806,0.041237731015584,0.0156353243904028,0.00592814790660378,0.3351
422,6.23389226360736,0.0652441185490351,0.0104660324224597,0.00167889209179295,0.3299
423,3.01796836474258,0.0451746643130394,0.0149685678752609,0.00495981603058904,0.3337
424,5.96764680657024,0.0641490192603011,0.0107494664713861,0.00180129066277032,0.3308
425,4.69490100648138,0.0578126051474326,0.0123139135559241,0.00262282709239759,0.3329
426,4.38351771951769,0.0559138397984414,0.0127554725168519,0.00290987132550142,0.34
427,9.1851219430794,0.0740564511772994,0.00806265302042046,0.000877794880719611,0.3355
428,4.02789879482076,0.0535309092778982,0.0132900333411382,0.00329949534934369,0.3329
429,5.72876868963102,0.0631068736312229,0.011015783155191,0.00192288845160207,0.3333
430,7.40747995877569,0.069374813363941,0.0093655080742746,0.00126433120661761,0.3302
431,9.2026998380234,0.0740956486435766,0.00805151205056484,0.000874907602364459,0.3323
432,3.04496679452714,0.0454351377511844,0.0149213902210189,0.00490034579287951,0.341
433,3.99147277580574,0.0532726187184662,0.0133466070572691,0.00334378005486329,0.3344
434,7.41696438564965,0.0694042347050465,0.00935749871461293,0.00126163457555733,0.3321
435,6.71038137586135,0.0670473127936631,0.0099915800664991,0.00148897350341978,0.3311
436,6.99819659713493,0.0680494665298585,0.00972385750890709,0.0013894804717101,0.3391
437,2.00458454276202,0.0333969540518316,0.0166602871265362,0.0083110922842799,0.3307
438,4.78577430805028,0.0583369242986536,0.0121896521949486,0.00254705955825038,0.3346
439,8.98879528959049,0.0736105027822608,0.00818913996934669,0.000911038654849573,0.335
440,6.11898277612752,0.064779695043387,0.0105866771346566,0.00173013677632159,0.3332
441,6.39786536045605,0.0658862609851247,0.0102981631017675,0.00160962485478647,0.3341
442,6.41184097138257,0.0659399082422366,0.0102840835473838,0.00160392055780607,0.3225
443,1.23483010186022,0.0210920322902881,0.0170809184668512,0.0138326061545791,0.3416
444,6.5222588841985,0.0663579662601441,0.0101740773309244,0.0015599008735414,0.3322
445,4.75872340584407,0.0581821857020613,0.0122264272873286,0.00256926621797637,0.3391
446,5.10970614037872,0.0601062835649422,0.0117631585679577,0.00230212036559227,0.3319
447,9.82159209751757,0.0754043945054478,0.00767741052130504,0.000781686965318538,0.327
448,1.01697340409225,0.0169960318966617,0.0167123661526157,0.0164334348227456,0.3418
449,6.21469896015315,0.065167389674737,0.0104860090718105,0.00168729155491581,0.3363
450,7.25419822816784,0.0688914214025662,0.0094967657673129,0.00130914064774757,0.3296
451,1.21033926849579,0.0206445003982258,0.017056788072226,0.014092567692548,0.3366
452,8.24684439269407,0.0717780919885976,0.00870370393458451,0.00105539810382444,0.3358
453,9.09037058553402,0.0738431138095629,0.00812322370301088,0.000893607540702223,0.3303
454,3.43468428551219,0.0489481879953305,0.0142511462266848,0.00414918666230761,0.3369
455,7.64317528190976,0.070089709093404,0.00917023442590618,0.00119979381443871,0.336
456,6.73002928785188,0.0671177004175464,0.00997286899459679,0.00148184629933163,0.3319
457,4.28087067603041,0.0552508333376735,0.0129064476642651,0.0030149118347656,0.3299
458,6.04872896709573,0.0644896670937044,0.0106616890002048,0.00176263295284066,0.3324
459,5.90960123516386,0.0639011656478143,0.0108131095661047,0.00182975282693585,0.3394
460,5.09090494147059,0.0600076322122153,0.0117872230776482,0.00231534927742006,0.3329
461,4.61689641977544,0.0573521246133251,0.0124222246718965,0.00269060068549268,0.3323
462,6.68072464980814,0.0669405024678897,0.0100199463346857,0.00149982926402655,0.3431
463,8.07213181173243,0.0713092284863443,0.008834001989747,0.00109438277220737,0.3316
464,9.25674274448492,0.0742154260206902,0.00801744502026991,0.00086611945925003,0.3311
465,1.91115726348036,0.0320790800124197,0.0167851597696368,0.008782720339335,0.3305
466,8.66662614386179,0.0728447284885267,0.00840520027970972,0.000969835336172055,0.3273
467,9.94026610871148,0.0756404545874072,0.00760949996309628,0.000765522761651968,0.3411
468,3.30136493567005,0.0477961677637356,0.014477698980599,0.00438536764723365,0.3418
469,5.23799455872504,0.0607668664825805,0.0116011702191175,0.0022148114300335,0.3339
470,1.19302915540081,0.0203261358905036,0.0170374175672805,0.0142808057038275,0.3292
471,9.10728342797025,0.0738814493613258,0.00811234765511101,0.000890753836670593,0.3427
472,5.59470119583211,0.062495389436751,0.011170460628587,0.00199661433874407,0.3345
473,8.51542587158782,0.0724698978039485,0.00851042553793442,0.000999412791124154,0.3361
474,9.75882662980049,0.0752776943418626,0.00771380589055527,0.00079044399323579,0.328
475,4.48742157925549,0.0565657169793586,0.0126053939841203,0.00280905053414028,0.3281
476,4.20132472460647,0.0547235242275187,0.0130253022117077,0.00310028456867916,0.34
477,1.50149853635859,0.025739234353972,0.0171423639322316,0.0114168369246666,0.3378
478,8.00927101574,0.0711367269050067,0.00888179795204921,0.00110893961942285,0.3383
479,5.52353281013761,0.0621626050113266,0.0112541388180471,0.00203748926726603,0.3409
480,1.52691454660567,0.0261603754300674,0.0171328352907646,0.0112205593488194,0.3362
481,2.22765513845696,0.0363671475334456,0.0163253040857285,0.00732847010468444,0.3301
482,3.86522611708613,0.0523554650486231,0.0135452528423078,0.00350438821222679,0.3311
483,8.16369741915236,0.0715568692795559,0.00876525250821773,0.00107368659789547,0.3324
484,5.07793385724653,0.0599392921504365,0.0118038741416254,0.00232454271234363,0.3269
485,4.55430700148316,0.056975473728703,0.0125102400233775,0.00274690310058224,0.338
486,3.67291456705169,0.050889427954885,0.0138553257980446,0.00377229732549061,0.3333
487,7.66433761090646,0.0701522806396379,0.0091530780872453,0.00119424254931311,0.343
488,7.21161307665845,0.0687544274480489,0.00953384862959213,0.00132201333158735,0.3398
489,3.65554616448376,0.0507527239691148,0.0138837595493154,0.00379799869146943,0.3429
490,7.45492238313053,0.0695214240122555,0.00932557315010724,0.00125092826871139,0.3295
491,9.42469403660297,0.0745807291296396,0.00791333159888142,0.000839638036858085,0.3374
492,5.8433917165196,0.0636142917287768,0.010886535562717,0.00186305079153605,0.3356
493,2.17365640483261,0.0356701709887899,0.0164102159428168,0.00754959059137983,0.336
494,6.47976224920759,0.0661982750607537,0.010216158018583,0.00157662544174863,0.3285
495,8.18577440111851,0.0716159429625415,0.00874882930474554,0.00106878456161094,0.3379
496,2.0629996656701,0.0341983048355302,0.016576980309118,0.00803537711855786,0.3376
497,4.67091473478288,0.0576720477220262,0.0123470564111479,0.00264339152226503,0.3366
498,4.58844484652835,0.0571817112025337,0.0124621114811477,0.00271597717701164,0.3345
499,1.73175438174,0.0294183215469999,0.0169875831452735,0.00980946450858984,0.3342
500,9.3122991060412,0.0743374146426809,0.00798271337681322,0.000857222613439742,0.3336
501,5.48602506434056,0.061984867251883,0.0112986846623774,0.00205953938049235,0.3299
502,2.45349450121378,0.0391390688008641,0.0159523768166187,0.00650190037463987,0.3377
503,5.26948256044136,0.0609257305448879,0.0115619949105183,0.00219414236177866,0.3373
504,7.33226979162358,0.069139504671955,0.00942948181625017,0.00128602493964726,0.3417
505,2.39401873949729,0.038430758004831,0.0160528225492925,0.00670538717364569,0.3383
506,5.82757551898924,0.0635450962135511,0.0109042081061822,0.00187113973395122,0.3351
507,4.10217645061063,0.0540490965300167,0.0131757122543988,0.00321188335339343,0.3361
508,2.60980500717741,0.0409307612317485,0.0156834557061474,0.00600943582490464,0.3378
509,7.36454872407299,0.0692409329160588,0.00940192474926894,0.00127664641806717,0.3257
510,7.10251981283422,0.0683979638275194,0.00963009827919447,0.0013558706674486,0.3386
511,4.90295963836461,0.0589944950733381,0.0120324251930852,0.00245411467370321,0.3341
512,2.73761613563076,0.0423243735466354,0.0154603024857185,0.00564735949810452,0.3338
513,4.88962155869394,0.0589206783030392,0.0120501510384328,0.00246443429083119,0.3437
514,8.71649499911442,0.0729661402353597,0.0083710413695841,0.000960367827943982,0.3374
515,1.57702294452442,0.0269796314553091,0.0171079511233397,0.0108482575873358,0.3252
516,1.43965407894924,0.0246986538791152,0.0171559642279775,0.0119167267184761,0.3288
517,9.26894933075597,0.074242327577933,0.00800978891227554,0.000864152842620217,0.3356
518,5.25527902417071,0.0608542273907651,0.0115796377529865,0.00220342967513771,0.3369
519,8.05421048236452,0.0712602580574112,0.00884757832110825,0.00109850348963202,0.3434
520,5.65286911157379,0.0627631301460402,0.0111028804855109,0.00196411419871348,0.3338
521,6.83506963053928,0.0674890087372845,0.0098739314133307,0.00144459851136171,0.334
522,5.15221725904476,0.0603275897132457,0.0117090539237918,0.00227262425768953,0.3302
523,8.66973574343091,0.072852330861498,0.00840306244820651,0.00096924089694124,0.3327
524,4.23155973306042,0.0549253712233206,0.0129799352220408,0.00306741155527851,0.3319
525,6.31156809134246,0.0655512605828462,0.0103858913718704,0.00164553265077131,0.3306
526,9.59921241784305,0.0749495632745312,0.00780788673195883,0.000813388264796131,0.3335
527,8.11371087909793,0.071422208466269,0.00880265633450938,0.00108491126510143,0.3352
528,4.56545907301782,0.0570430601787804,0.012494485059763,0.00273674232096532,0.3368
529,2.27971493133088,0.0370262857491903,0.016241629705682,0.00712441256688189,0.3317
530,9.34155161916418,0.0744011859308713,0.00796454261176884,0.00085259311691107,0.3379
531,7.25928418215574,0.0689077030628427,0.00949235507713374,0.00130761585287805,0.3395
532,1.28090028000576,0.0219245814911276,0.0171165404780995,0.013362898537287,0.3376
533,3.14386792145902,0.0463695489583394,0.0147492038841186,0.00469141969465236,0.3357
534,6.36163810129301,0.0657464167476575,0.010334825040471,0.00162455406546475,0.3348
535,6.24041912762611,0.0652701348780372,0.0104592549864301,0.00167605008133626,0.3288
536,8.19140638605598,0.0716309740577291,0.00874464904825924,0.0010675393987466,0.3348
537,3.10952302471385,0.0460485304720802,0.014808872648987,0.00476242579047946,0.3291
538,3.71219226822862,0.0511958908302805,0.0137912821133885,0.00371513141477701,0.3316
539,8.62087408937421,0.0727323823265131,0.00843677585039323,0.000978645061153614,0.3274
540,8.68204506541509,0.0728823833110655,0.00839461011339279,0.000966893174378085,0.3333
541,5.19871481631999,0.060566902434395,0.0116503606322588,0.0022410078344143,0.3325
542,8.58378350308607,0.0726406244562941,0.00846254153895867,0.00098587546341496,0.3356
543,4.73382286354597,0.0580387494035746,0.0122604396228083,0.00258996586400031,0.3301
544,8.33543518228759,0.072010068131911,0.00863902922368456,0.00103642209851768,0.329
545,1.90478333487059,0.0319875133402406,0.0167932555659481,0.00881635998095761,0.3337
546,1.60225449024071,0.0273866452797943,0.0170925689062541,0.0106678240007218,0.3371
547,9.9313339932654,0.0756228443662988,0.00761457065260113,0.00076672183794893,0.3316
548,2.64664748305059,0.0413388785651287,0.0156193368515706,0.00590155544007975,0.3357
549,1.03879962748592,0.0174175457670782,0.0167669926963988,0.0161407380718627,0.3408
550,6.29230307001341,0.0654755851635079,0.010405662987776,0.00165371293658203,0.3394
551,4.94021412211168,0.0591993006237233,0.0119831446897728,0.00242563265347913,0.331
552,3.74148536982923,0.0514220546228669,0.0137437540281532,0.00367334164633672,0.3423
553,1.85826299320208,0.0313126874046124,0.0168505144423372,0.00906788463418794,0.3393
554,8.36007954608602,0.072073927731486,0.00862120119003284,0.00103123434920773,0.3374
555,2.41350139377173,0.0386644427516645,0.016020062325815,0.00663768513544525,0.3375
556,3.8870349631391,0.0525163861362479,0.0135106544279284,0.00347582528998337,0.341
557,9.72516059458721,0.0752091983776798,0.00773346595628862,0.000795201876727144,0.33
558,1.10080460740183,0.0186020332089272,0.0168985786249864,0.0153511154580568,0.3297
559,5.77040439942549,0.0632927941873544,0.0109685196749219,0.00190082339393994,0.3371
560,9.5025132472713,0.0747465216274403,0.00786597394630354,0.000827778266824547,0.3304
561,8.90841775346384,0.0734234993724606,0.00824203594896653,0.000925196390319907,0.3327
562,3.33662130103889,0.0481056350240566,0.0144174692552249,0.00432097860513443,0.3314
563,7.74189406872727,0.070379391381208,0.00909072001714666,0.00117422428367599,0.3327
564,6.85710466255108,0.0675658495243796,0.00985340793956071,0.00143696332846915,0.3355
565,9.06559063317184,0.0737867437139848,0.00813920975473922,0.000897813510898792,0.3438
566,5.9513895262843,0.0640799402432348,0.0107672233451072,0.00180919486072182,0.3393
567,3.83340076662041,0.0521187306248562,0.0135959514274332,0.00354670754642217,0.3378
568,5.26536563150235,0.0609050316319116,0.0115671039571346,0.00219682824834222,0.3277
569,5.5332846372074,0.0622085481729924,0.0112426076465838,0.00203181444362816,0.3383
570,2.2892418430713,0.0371455685807486,0.0162261443425799,0.00708799919575581,0.3373
571,6.19492983100889,0.0650880081098654,0.0105066578452698,0.00169600917716266,0.3346
572,7.83310834250669,0.0706421462193517,0.00901840535461627,0.00115131885839974,0.3345
573,7.90618070473522,0.0708493261862656,0.00896125813869041,0.00113344969883161,0.3363
574,4.71184827365167,0.0579113650018584,0.0122905835753869,0.00260844213599045,0.3356
575,7.2921262683894,0.0690124349763023,0.00946396598691166,0.00129783353148134,0.337
576,7.38680778068188,0.0693104920265718,0.00938301010185129,0.00127023883393716,0.3383
577,7.85651745999604,0.0707088349072149,0.00900002262672379,0.00114554860630684,0.3314
578,5.46878662722767,0.0619026269547692,0.0113192616889772,0.00206979398914954,0.3336
579,5.46071831576363,0.0618640145786137,0.0113289151722089,0.00207461995237978,0.3366
580,8.4607486874382,0.0723318071527863,0.00854910242874586,0.00101044278048807,0.3333
581,4.77954893926554,0.0583014129371729,0.0121980993767441,0.00255214446629739,0.3391
582,4.24721086777071,0.0550291702618391,0.0129565430055332,0.00305060036078072,0.3263
583,8.44542489563278,0.0722928586750225,0.00856000255385681,0.00101356683170355,0.3336
584,1.80572559593152,0.0305366114423835,0.0169109921857371,0.00936520600020251,0.3344
585,9.01528814705065,0.0736715680118058,0.00817184839908943,0.000906443395462944,0.3387
586,6.66847262655594,0.0668961758432523,0.0100317088469181,0.0015043488079967,0.3387
587,1.92216587495152,0.0322367242259054,0.0167710417950888,0.00872507519441411,0.3346
588,3.90214766205242,0.0526272818488718,0.013486747915939,0.0034562372016556,0.3379
589,4.41464394453424,0.0561111158490009,0.012710224551285,0.00287910524857198,0.34
590,4.99368020217819,0.0594897462224568,0.0119130068033808,0.00238561668370042,0.3396
591,2.91536206566147,0.0441628970174378,0.0151483404197405,0.00519604086167031,0.3293
592,6.38728346164641,0.065845529662998,0.0103088472679159,0.00161396426662715,0.3258
593,3.01479730933183,0.0451439160249173,0.0149741131469042,0.00496687226718501,0.3399
594,8.54911723457393,0.072554307496449,0.00848676015378855,0.000992706021092657,0.3349
595,3.32586913407757,0.0480116294278108,0.0144358143667991,0.00434046373589589,0.3392
596,4.52589963804372,0.0568023698185127,0.0125505146736009,0.00277304308034231,0.3372
597,2.46196850841073,0.039238768900455,0.0159379653989907,0.00647366745128641,0.3318
598,6.58846861648909,0.0666038122246575,0.010109149197124,0.00153437009198521,0.3355
599,7.18850027053128,0.0686795730484105,0.00955408923471246,0.00132907962372607,0.3412
600,9.40583428630838,0.074540222205884,0.00792489214001873,0.000842550687029923,0.3435
601,6.25866958814231,0.0653426780593747,0.0104403463290622,0.00166814147671935,0.3269
602,9.88867342055519,0.0755383856117609,0.00763887959478389,0.000772487801943713,0.3336
603,4.67486294765561,0.0576952468873697,0.0123415910869223,0.00263998992593172,0.3317
604,5.04150853161607,0.059746147952253,0.0118508473361844,0.00235065501959699,0.3331
605,2.10678225566959,0.0347877876830439,0.0165122843565945,0.00783767962358621,0.3282
606,2.07713188532856,0.0343896118858166,0.0165562967516513,0.00797074892961474,0.333
607,3.48532697204663,0.0493731034163742,0.0141659889624019,0.00406446484821004,0.3367
608,7.09164410110656,0.0683619850350628,0.00963979354581482,0.00135931716374637,0.3389
609,6.3649321156044,0.0657591791094498,0.0103314816112859,0.00162318802834629,0.3484
610,2.58741943128477,0.0406801986192366,0.0157223054474153,0.00607644251925882,0.3273
611,6.53986298350315,0.0664236814955059,0.0101567390116674,0.00155305073474595,0.3272
612,6.06691393514001,0.0645651913435687,0.0106421801980085,0.00175413403120295,0.3455
613,2.937946664799,0.0443886145599142,0.0151087203494046,0.00514261219593593,0.3378
614,4.66049324982311,0.0576106927151151,0.0123615011602692,0.00265240190203867,0.3298
615,2.80083220765623,0.0429911397363815,0.0153494163694858,0.00548030557758058,0.3375
616,6.92047041359311,0.067784828159237,0.0097948295575536,0.00141534158405109,0.3272
617,8.41609111472615,0.0722179963022058,0.00858094278183866,0.00101958767613911,0.3382
618,7.63378622269561,0.0700618646353284,0.00917786568702057,0.00120226915180495,0.3353
619,7.92867368611507,0.0709125168778312,0.00894380569628125,0.00112803301666254,0.3396
620,6.32748406859045,0.0656135336206479,0.010369608664264,0.00163882019328007,0.3264
621,5.0261931800812,0.0596643917050192,0.0118706921058007,0.00236176598878934,0.3359
622,2.31772481111391,0.0374997541018211,0.016179554156733,0.00698079171398999,0.3368
623,1.34232241660054,0.0230154075341611,0.0171459607986345,0.0127733550349677,0.3315
624,1.72154183476884,0.0292615442442265,0.0169972890889146,0.00987329424451481,0.334
625,1.12563334447728,0.019070738620009,0.016942229646604,0.0150512862200895,0.3418
626,5.33027320220065,0.0612288811545711,0.0114870061687067,0.00215505016965438,0.3341
627,9.80739053767663,0.0753758400999028,0.0076856162513703,0.000783655572993122,0.323
628,7.48105977654317,0.0696016028245529,0.00930370895348121,0.00124363515750174,0.3414
629,9.99806721464684,0.0757538036684793,0.0075768448083148,0.000757830953288148,0.337
630,9.67442280143895,0.0751052521477746,0.00776327990715928,0.00080245406537376,0.3322
631,2.08168594726711,0.0344510495119355,0.0165495902766523,0.00795008982905375,0.3371
632,7.73829564559041,0.0703689299158097,0.00909359542962264,0.00117514189766122,0.3407
633,2.18228710030788,0.0357824909639846,0.0163967843456236,0.00751357799957227,0.3437
634,8.86655063736276,0.0733250453294357,0.00826985017380392,0.000932702074576284,0.3305
635,1.11288066653395,0.0188304090430031,0.0169204206787508,0.0152041644603722,0.322
636,7.34041375908861,0.0691651574987979,0.00942251482938007,0.00128364900653093,0.3355
637,5.60271667509386,0.062532508959138,0.0111611049755769,0.00199208805706563,0.3317
638,9.73478850556398,0.0752288255875919,0.00772783358822787,0.000793836823862272,0.3455
639,1.22893776342855,0.0209846709102645,0.0170754545386583,0.0138944827368803,0.3311
640,2.57304973965068,0.0405183149805709,0.0157471946057567,0.00612005060107953,0.3327
641,9.77286312195146,0.0753061414522189,0.00770563759181983,0.000788472886160832,0.3355
642,3.55540475028031,0.049949991711154,0.0140490310441352,0.00395145757822019,0.3303
643,3.237577757844,0.0472272058288986,0.0145872035704707,0.00450559172984459,0.3314
644,6.48416236407496,0.0662148790903376,0.010211786098571,0.00157488130697476,0.3195
645,8.13582802178804,0.0714819466107552,0.00878606902939983,0.00107992315052265,0.3381
646,4.55771248049918,0.0569961344656014,0.0125054256295164,0.00274379432292465,0.3354
647,3.23131428336422,0.0471706982053309,0.0145979914266402,0.00451766375737423,0.3282
648,2.84511841160711,0.0434496795947846,0.0152716594914028,0.00536767096550347,0.3295
649,6.77536004302325,0.0672789654408751,0.00992994689782632,0.00146559693282299,0.3369
650,6.96692457164312,0.0679435125398059,0.00975229627378924,0.00139979931941321,0.334
651,1.59316424522921,0.0272404330828706,0.0170983206310605,0.0107323025119739,0.3375
652,1.3367178263294,0.022916786899974,0.0171440721808154,0.0128254982787898,0.3343
653,1.01870353306457,0.0170295282989286,0.016716863882565,0.0164099400266882,0.3346
654,3.03396800632169,0.0453293084059064,0.0149406019811206,0.00492444282536591,0.3442
655,6.84462817620672,0.067522385622602,0.00986501879785423,0.00144127899191763,0.335
656,9.66662694229581,0.0750892038870078,0.00776788059943216,0.000803577157347844,0.3269
657,3.06286742338538,0.045606546955464,0.0148901472545799,0.00486150564039818,0.3278
658,8.48283639336843,0.0723877564162587,0.0085334377629691,0.00100596514741699,0.3289
659,4.6072030580875,0.0572942144972185,0.012435791037394,0.0026992061952998,0.3327
660,5.14313398425421,0.060280506500778,0.0117205786754395,0.00227887873645179,0.3341
661,5.67501476114592,0.0628640766706702,0.0110773415253596,0.00195194937662555,0.3445
662,4.96789365603775,0.0593501733480893,0.0119467479493966,0.00240479140186044,0.3328
663,7.84199679878168,0.0706675034183313,0.009011417019363,0.00114912276178983,0.3377
664,9.79911525494954,0.0753591709318749,0.00769040561022189,0.000784806118729695,0.3341
665,3.03493555361801,0.0453386336785041,0.0149389115114669,0.00492231589354768,0.3287
666,3.26104853732372,0.0474379306630973,0.0145468336702614,0.00446078416305931,0.3342
667,1.83454435778409,0.0309641676732256,0.016878396830168,0.00920032091813525,0.3264
668,5.79276663906663,0.0633918900538388,0.0109432839269446,0.00188912908266366,0.3307
669,8.7450242812247,0.0730351141763202,0.00835161936978544,0.000955013857161736,0.335
670,3.45408337401412,0.0491117622434547,0.0142184646186985,0.00411642195022487,0.3319
671,3.30733670967049,0.0478488339934121,0.0144674819027359,0.00437436014919005,0.3341
672,3.732165315622,0.0513503171202266,0.01375885384961,0.00368656066547174,0.3378
673,6.75364044017252,0.0672018933840533,0.00995046952519383,0.00147334902018261,0.3292
674,8.38522820058861,0.0721387963286556,0.00860308087066632,0.0010259805296727,0.334
675,9.27968599314522,0.0742659435223813,0.00800306643751099,0.000862428582542852,0.3365
676,5.50940123888641,0.0620958322938414,0.0112708858188721,0.0020457551247711,0.3429
677,5.0184083787743,0.0596227098764746,0.0118808007193382,0.00236744398275534,0.3327
678,9.70173710037582,0.0751613183479737,0.00774720213198337,0.000798537628038103,0.3323
679,6.89982028462365,0.0677137880320428,0.00981384807702078,0.00142233386844743,0.3389
680,4.76308973566117,0.0582072384576351,0.0122204790772339,0.00256566215533154,0.3304
681,2.93316227656836,0.0443409419572936,0.0151171117641572,0.00515386137511744,0.3289
682,7.37393040732969,0.0692702885711143,0.00939394390029224,0.0012739398640045,0.3303
683,1.09473538516043,0.0184869651412732,0.016887154093922,0.0154257862884804,0.3389
684,6.07631242089183,0.0646041001236217,0.010632122848308,0.00174976566572716,0.3363
685,7.02204389344854,0.0681297993745879,0.00970227478044561,0.00138168814203763,0.3485
686,1.19804090520251,0.0204184846762756,0.0170432283134976,0.0142259151916159,0.3455
687,5.56402966050338,0.0623526785879909,0.0112063886054752,0.00201407779779184,0.3284
688,5.85773620643001,0.0636768248568486,0.0108705517989955,0.00185575987308252,0.3368
689,7.71168410015921,0.070291335650041,0.00911491377721111,0.00118196150916282,0.3369
690,1.71086978574283,0.029097088899816,0.0170071908115336,0.00994066933279163,0.3355
691,8.92560437355284,0.0734637062773392,0.00823067023842297,0.000922141503695929,0.3394
692,7.65819013517932,0.0701341309238314,0.0091580555830884,0.00119585116345168,0.3366
693,3.13501666358416,0.0462871654229526,0.0147645675892625,0.00470956590462989,0.33
694,2.62272319485969,0.041074461032626,0.0156609973607312,0.00597127344259027,0.3353
695,1.97234747773455,0.0329473165469022,0.0167046207216721,0.00846941064404079,0.3297
696,2.94545618139324,0.0444632854249487,0.0150955514822553,0.0051250300641427,0.3367
697,5.31481708393199,0.0611522440952883,0.0115059922344584,0.00216488960066826,0.3322
698,8.95886002395558,0.0735411630916732,0.008208763491675,0.000916273216650907,0.3373
699,3.44282729457994,0.0490169731317377,0.0142374185335713,0.00413538563377413,0.3357
700,5.29118997342745,0.061034514669865,0.0115351206394748,0.00218006170585532,0.3356
701,8.23076468650112,0.0717355769393271,0.00871554219706671,0.0010588982347364,0.3281
702,6.89469602614292,0.0676961115926241,0.00981857812671332,0.00142407701361797,0.3367
703,6.72314615956321,0.0670930758632171,0.00997941652179937,0.0014843372856924,0.3271
704,6.09145362924156,0.0646666060383131,0.0106159563831999,0.00174276240604358,0.3325
705,4.82788040312403,0.0585755628062792,0.0121327700595847,0.0025130635074833,0.3363
706,2.82464898613305,0.0432386043948093,0.0153076026816355,0.0054192937801421,0.3416
707,4.36770868040295,0.0558129790462005,0.0127785489212278,0.00292568709505802,0.3292
708,5.57943115740013,0.0624244733213514,0.0111883221712587,0.00200528008243624,0.3323
709,3.60627789479704,0.0503609162724513,0.0139647907736421,0.00387235570331113,0.3369
710,2.65738120868499,0.0414567930398728,0.0156006194761901,0.00587067426577841,0.3295
711,6.59774069184018,0.066637957245253,0.0101001176550737,0.001530844894763,0.3314
712,8.25474371648883,0.0717989314510037,0.00869789952504346,0.00105368498693296,0.3351
713,3.61702649720316,0.0504469066589007,0.0139470658282178,0.0038559479282229,0.3332
714,5.17035959522915,0.0604213030968739,0.0116860930045613,0.00226020894472107,0.3392
715,9.47926409772294,0.0746972155434079,0.00788006482078616,0.000831294997116819,0.3384
716,2.51594628989859,0.0398668324646869,0.0158456611831303,0.00629809199296102,0.3375
717,7.5999033387017,0.0699609514644587,0.00920550543165332,0.00121126612029067,0.337
718,2.14134601557418,0.035246533080943,0.0164599895694541,0.00768674910534742,0.3392
719,9.51730937424744,0.074777801367462,0.00785703169109965,0.000825551779619534,0.3334
720,8.77511939954315,0.0731074955937765,0.00833122516801111,0.000949414451095087,0.3363
721,1.41716492899391,0.0243146805161526,0.0171572694318751,0.0121067555941111,0.3304
722,7.14491175730969,0.0685374332984883,0.00959248142265302,0.0013425612167763,0.3336
723,2.5074498189392,0.0397687677041544,0.0158602447011199,0.00632524909624299,0.3257
724,8.77880168499798,0.0731163253016118,0.00832873641815599,0.000948732721960094,0.3343
725,1.79151786650275,0.0303241592501811,0.0169265179081788,0.00944814351264123,0.3319
726,4.16491628181585,0.0544781163074289,0.0130802428239151,0.00314057761041292,0.3391
727,2.48975792663568,0.0395636197502531,0.015890548766608,0.00638236697496144,0.3314
728,3.31464203815395,0.0479131229755499,0.0144549916473739,0.00436095104116415,0.3381
729,9.36058270492428,0.0744425052156195,0.00795276400650334,0.000849601382435269,0.3323
730,8.63705662003625,0.0727722246790188,0.00842558152394205,0.000975515374577536,0.3336
731,4.17357726849592,0.0545367293071043,0.0130671425970168,0.0031309214509226,0.3407
732,9.52893208530126,0.0748023183352228,0.00785002114251693,0.000823809118613185,0.3372
733,4.90763724470488,0.0590203207164171,0.0120262190894605,0.0024505110076007,0.3351
734,9.47102214756166,0.074679690246001,0.00788507186262124,0.000832547083067616,0.3323
735,6.97821479060245,0.0679818455709375,0.00974201104593234,0.00139606064563273,0.3298
736,1.56249744676123,0.0267436469014263,0.0171159619856409,0.0109542335708254,0.3347
737,9.12696618937026,0.0739259228956702,0.00809972573162024,0.000887449954734532,0.3395
738,5.6115642787544,0.0625733980675027,0.0111507941385271,0.00198710975845798,0.3333
739,5.49538968114345,0.0620293971387595,0.0112875338670892,0.00205400062998637,0.3364
740,3.40822859121254,0.0487234782495968,0.0142958363694328,0.00419450632105247,0.3286
741,1.96437396986387,0.0328352807721056,0.0167153919140871,0.0085092717428166,0.3292
742,7.06418955434696,0.0682707983858851,0.0096643497262718,0.00136807621764974,0.3324
743,5.44790184932854,0.0618025203853597,0.0113442793381046,0.00208232080016324,0.3328
744,5.35948975691502,0.0613729378776314,0.0114512650758303,0.00213663344743881,0.3271
745,7.82385424737516,0.0706156996413367,0.00902569212163272,0.00115361199688258,0.3427
746,9.61755382060679,0.0749877091828657,0.00779696278093036,0.000810701237171599,0.3173
747,3.68756713594007,0.0510041876350786,0.0138313922851674,0.00375081775470954,0.3302
748,7.87435666467738,0.0707594542773451,0.00898606162897806,0.00114118041786036,0.3289
749,3.89406407456985,0.0525680276816731,0.0134995281728845,0.00346669389983669,0.3352
750,2.65138107898273,0.0413909336407592,0.0156110843397283,0.00588790667002795,0.3324
751,2.19536776201334,0.0359520516519521,0.0163763230352718,0.00745948962111628,0.3331
752,2.7003882437984,0.041924838016951,0.0155254853124301,0.00574935302287932,0.3381
753,9.38390014967066,0.0744929502831777,0.00793837840290661,0.000845957254051261,0.3242
754,7.16517276852159,0.0686036620383863,0.00957459983934784,0.00133626922178506,0.3316
755,3.36529769184254,0.0483547659822329,0.0143686444439803,0.00426965034291313,0.332
756,9.41335016832314,0.0745563801811974,0.00792028118024197,0.000841388139038373,0.3344
757,1.35825508584082,0.0232947588482548,0.0171505036801201,0.0126268650556925,0.3257
758,1.88363155115885,0.0316821118809817,0.0168196969632889,0.00892939861457573,0.3385
759,8.35278034651512,0.0720550439049998,0.00862647416977295,0.00103276679284066,0.3431
760,7.36205535182217,0.0692331217003445,0.00940404797190348,0.00127736719197254,0.3326
761,2.35815107457084,0.0379962501637358,0.0161127294063001,0.00683278080868187,0.328
762,7.55299308340345,0.0698201198323234,0.00924403333371806,0.00122389008326122,0.3371
763,5.7643555575218,0.0632658984248558,0.010975363645343,0.00190400531955761,0.335
764,2.71660074584326,0.0420994678382818,0.0154971126701998,0.00570459707555936,0.336
765,4.2273977691636,0.0548976902973075,0.0129861662646828,0.00307190545432211,0.3331
766,1.9459307762119,0.0325748762041617,0.0167399974358669,0.00860256574411876,0.3342
767,8.89130182209238,0.0733833372682286,0.00825338502016563,0.000928253835637239,0.3309
768,8.2791097177167,0.0718630200488415,0.00868004199715579,0.00104842697984557,0.3372
769,1.4919524453464,0.0255800795199112,0.0171453718915096,0.0114919024027799,0.3324
770,6.05344566476531,0.0645092865928015,0.0106566227179149,0.00176042262672693,0.3365
771,7.58592297609104,0.069919116892246,0.00921695581574105,0.00121500783026543,0.3455
772,1.39344844642794,0.0239065264095787,0.0171563766645708,0.0123121717983544,0.3342
773,3.8236961446628,0.0520460885415113,0.0136114603703954,0.0035597651736513,0.325
774,6.95795988873555,0.0679130104529277,0.00976047743001136,0.0014027786285191,0.3257
775,5.13042145580519,0.0602144263757387,0.0117367407131055,0.0022876757424724,0.3276
776,2.26703348101536,0.0368668670243861,0.0162621625719767,0.0071733226298419,0.3372
777,1.84414481487847,0.0311056011007972,0.016867222600871,0.00914636554829485,0.3348
778,3.67442869656486,0.0509013107293888,0.0138528503157444,0.00377006916168902,0.3359
779,9.0504983461604,0.0737522928348363,0.00814897589215351,0.000900389744351553,0.3443
780,9.90366157237953,0.0755681252241325,0.00763032184327518,0.000770454623020994,0.3327
781,3.05649169968627,0.0455456129479859,0.0149012715960134,0.00487528613198686,0.3348
782,7.12165361766936,0.0684610654399089,0.00961308554379166,0.00134983896435806,0.3345
783,3.20529890611651,0.046934751976442,0.0146428627566929,0.00456832987673962,0.3371
784,5.55888956186851,0.0623286576162426,0.0112124295549581,0.00201702685944156,0.3314
785,5.78141070200084,0.0633416334646069,0.0109560861058851,0.00189505410886887,0.3279
786,7.60847531560296,0.069986545045673,0.00919849800946967,0.00120898046295898,0.3375
787,2.25231699607521,0.0366809459621082,0.016285871849312,0.00723071924497795,0.3336
788,7.72034231075505,0.0703166255846511,0.0091079673354243,0.001179736204538,0.3333
789,7.78072444029432,0.0704918158366644,0.0090598010991889,0.00116439043288445,0.331
790,5.83567799874302,0.0635805767827435,0.010895148223812,0.00186698927291032,0.3367
791,2.66719296721322,0.0415641931427419,0.0155834968274416,0.00584265818746658,0.3328
792,5.91968164762575,0.0639444512020877,0.0108020084539064,0.00182476171809658,0.3333
793,4.28614244345296,0.0552853572805368,0.012898628081058,0.00300937923814466,0.3265
794,8.75697623895248,0.073063906004674,0.00834350853661948,0.000952784192733808,0.3345
795,8.20989515787596,0.071680207423547,0.00873095283741624,0.00106346703210216,0.3389
796,5.21645051507512,0.0606574382787314,0.0116281057595459,0.00222912222131537,0.3289
797,8.47424497987935,0.0723660206753513,0.00853952426997002,0.00100770325736932,0.3384
798,6.28252815450309,0.0654370622695762,0.010415721292498,0.00165788692646485,0.3393
799,7.39523682507663,0.0693367512604974,0.00937586623668119,0.00126782501472954,0.3385
800,2.33735319754481,0.0377417233733284,0.0161472059134977,0.00690832944308928,0.3345
801,9.64006585281831,0.0750343713169275,0.00778359530552283,0.000807421383251989,0.3365
802,2.47085113772284,0.0393429539856108,0.0159228345993639,0.00644427110814878,0.3386
803,1.89200949571887,0.0318033609076139,0.0168093030080328,0.00888436503414382,0.3302
804,5.065128830984,0.0598716016589785,0.0118203512006914,0.00233367236947359,0.3341
805,9.28440524503216,0.0742763101828681,0.00800011505557788,0.000861672325199133,0.3378
806,2.59629523714725,0.0407797818467114,0.0157069123970351,0.00604974048109163,0.3337
807,3.36938312604651,0.0483900724509031,0.0143617008338503,0.00426241252377306,0.3412
808,9.21301912479522,0.0741186050941292,0.00804498548088889,0.000873219231602074,0.3381
809,5.38156875251397,0.0614811049783071,0.0114243834475935,0.00212287233945617,0.3354
810,6.87358478015847,0.0676230844724358,0.00983811019071721,0.00143129247770628,0.3327
811,3.07972600750136,0.0457670453869768,0.014860752312219,0.0048253488381831,0.3363
812,8.49136936140573,0.0724093106906415,0.00852740089481331,0.00100424331245928,0.3319
813,4.18454913114291,0.0546107705283021,0.0130505745820665,0.00311875286274917,0.3425
814,8.65350271095359,0.072812597547076,0.00841423409446789,0.000972350084760148,0.3308
815,6.35041881383723,0.0657028779727149,0.0103462275321986,0.00162921971534456,0.3353
816,4.35945346444449,0.0557601321217312,0.012790624461646,0.00293399724666538,0.3381
817,7.07565042857826,0.0683089274142846,0.00965408454018413,0.00136440948258151,0.3335
818,6.9340363407149,0.0678313290978673,0.00978237288714208,0.00141077612035323,0.3314
819,8.14172988200933,0.0714978455680757,0.00878165286790754,0.00107859791410082,0.3324
820,4.4044545113903,0.0560467258387133,0.0127250095769571,0.00288912271520777,0.3338
821,4.79353142183973,0.0583810903586702,0.0121791400162062,0.00254074479635558,0.335
822,1.55170126690832,0.0265674560002537,0.017121501777973,0.0110340193329136,0.325
823,6.76482736604521,0.0672416350461077,0.00993988928433186,0.00146934855044835,0.3304
824,4.57672131055454,0.0571111039298808,0.0124786064203155,0.00272653840458631,0.3287
825,6.79008980154106,0.0673310302865194,0.00991607360940029,0.00146037444263988,0.3299
826,7.7956774073136,0.070534883190692,0.00904794792105159,0.00116063652307664,0.3287
827,4.88163324920577,0.0588763437998729,0.0120607880179143,0.00247064607319211,0.3381
828,5.72435111280135,0.0630870383228129,0.0110208191425805,0.00192525212472286,0.3354
829,2.4237777523289,0.0387870476636562,0.0160027245181154,0.00660238939099886,0.3449
830,9.41998097621836,0.0745706184536653,0.00791621752123767,0.000840364491310855,0.3313
831,8.87646172205964,0.0733484175397187,0.00826324946092364,0.0009309170387552,0.3375
832,8.12569155001571,0.0714545989343461,0.00879366371397743,0.00108220496186081,0.3355
833,5.88279609379941,0.0637855631948671,0.0108427288958899,0.00184312505873157,0.3364
834,6.97267568025761,0.0679630503017959,0.00974705456245815,0.00139789300541482,0.3422
835,4.62753980910894,0.0574155337003661,0.0124073559750579,0.00268119918723011,0.3308
836,4.87760013745446,0.058853924678011,0.0120661643061061,0.00247379120183542,0.333
837,4.80102393958857,0.0584236628955083,0.0121690005362721,0.00253466774783774,0.3353
838,6.14011166179157,0.0648660081494465,0.010564304319267,0.00172053944637622,0.3304
839,3.27350440452155,0.0475491097570263,0.0145254454801859,0.00443727690120795,0.3388
840,4.15088984537963,0.0543828802329364,0.0131014992588806,0.00315631099521082,0.3328
841,3.63979264092655,0.0506280939012568,0.0139096093914759,0.00382153896215776,0.3412
842,3.7503706259355,0.0514902553066418,0.0137293778248378,0.00366080560942243,0.3358
843,4.6429846359042,0.0575072204935253,0.0123858304524254,0.00266764407459929,0.3337
844,7.52965251799021,0.0697495588171943,0.00926331708542263,0.00123024496326893,0.327
845,5.05874786458677,0.0598377863966422,0.0118285765565685,0.00233824196682607,0.3282
846,8.46373477606825,0.0723393842305206,0.00854698146202133,0.00100983569170769,0.3407
847,9.19139809896797,0.0740704600972939,0.00805867173848239,0.000876762343629446,0.3359
848,5.8612466034526,0.0636920957413084,0.0108666466454065,0.00185398216123605,0.3376
849,2.82956688683061,0.0432894516392839,0.0152989674288182,0.00540682303713078,0.3392
850,3.96581719078775,0.0530890205638323,0.013386653496574,0.00337550947322283,0.3302
851,9.50750226907106,0.0747570772870865,0.00786295655487555,0.000827026524143424,0.332
852,3.70103099011839,0.0511091816654939,0.0138094443958868,0.00373124257342279,0.3311
853,8.20049989770679,0.0716552102086779,0.00873790757911183,0.00106553352699331,0.331
854,1.71374179962534,0.0291414092093064,0.0170045506363196,0.00992246944086744,0.3293
855,4.02143526549544,0.0534852800528207,0.0133000475008843,0.00330728872226313,0.3346
856,9.86904980219505,0.0754993391570309,0.00765011228742999,0.000775161990339584,0.3315
857,5.74332305720425,0.0631720755935826,0.0109992203058021,0.00191513174450548,0.3219
858,7.20389887395105,0.0687294832680137,0.00954059523469106,0.00132436551395653,0.3334
859,9.05963500185777,0.0737731596541806,0.00814306091128977,0.00089882880597507,0.3295
860,4.47527205273788,0.0564904663375494,0.0126228005072875,0.00282056607029401,0.3298
861,2.36924824436521,0.0381312817385272,0.0160942534532694,0.00679297895083235,0.3306
862,5.09743349162652,0.0600419422814602,0.0117788574152248,0.0023107427364327,0.3289
863,3.25883149764501,0.0474180944811596,0.0145506432337561,0.00446498790878606,0.3445
864,5.81462111846567,0.0634882273183711,0.0109187212760518,0.00187780442673674,0.3376
865,2.90465484337229,0.0440552800404371,0.0151671308351698,0.00522166372702679,0.3282
866,7.98573880393198,0.0710716192158721,0.00889981765755702,0.00111446390572842,0.3387
867,7.97255536122806,0.0710350163504674,0.00890994331578093,0.00111757685109489,0.326
868,3.16219222613564,0.0465393407632018,0.0147174293765421,0.0046541855535859,0.3335
869,3.9456194800355,0.0529434927591134,0.0134182966773666,0.00340080860439332,0.3402
870,2.99651203481341,0.0449659724071811,0.0150061043922959,0.00500785720796558,0.3293
871,4.33529811723856,0.0556047876998301,0.0128260585999213,0.00295851825020306,0.3293
872,5.68121724539041,0.0628922528296514,0.0110702073364085,0.00194856258056152,0.3353
873,5.38720020933286,0.0615085986801019,0.0114175446038823,0.00211938375412563,0.339
874,6.45264154112036,0.0660955764601932,0.0102431811900583,0.00158743998481587,0.3286
875,6.81767299276567,0.0674280878800168,0.00989019097154788,0.00145066960266978,0.3352
876,5.11341022826172,0.0601256628630967,0.0117584273858536,0.00229952748967118,0.3337
877,8.10586514751357,0.071400957475055,0.00880855481502266,0.00108668903993852,0.3398
878,4.13038049988262,0.0542429269522888,0.0131326706955522,0.00317953048052726,0.3342
879,5.35593506151531,0.0613554672024191,0.0114556032695924,0.00213886149440193,0.3293
880,6.73569519353216,0.0671379429733924,0.00996748532176167,0.0014798005306613,0.3294
881,7.16488918171194,0.0686027369629463,0.00957484969035553,0.00133635698299353,0.3311
882,8.55227140329126,0.0725621835660408,0.00848455107939113,0.000992081597892921,0.3313
883,4.39749627295951,0.0560026486425962,0.0127351213432425,0.00289599366383813,0.3429
884,8.30874729009229,0.0719405852304067,0.00865841536860698,0.00104208433188619,0.331
885,7.61814216161589,0.0700153557481894,0.00919060766560156,0.00120641062750293,0.332
886,5.39583029903751,0.0615506573391354,0.0114070780450813,0.00211405426281032,0.3304
887,9.84710211995756,0.0754555211125226,0.00766271337428232,0.000778169382315225,0.3309
888,4.00619331485662,0.0533773343726692,0.0133237041195002,0.00332577663441512,0.3261
889,5.18751054767356,0.0605094963679039,0.0116644575103641,0.00224856555050192,0.3391
890,8.36803049490671,0.072094468874491,0.00861546440567731,0.00102956895423854,0.3403
891,7.01933539621416,0.0681206955853667,0.00970472156411093,0.00138256986115026,0.3323
892,8.40515989340679,0.0721899959717951,0.00858877128898198,0.00102184508062949,0.3365
893,3.75708993147104,0.0515417079761728,0.013718518565243,0.00365136816404915,0.333
894,8.90195565508027,0.073408350387794,0.00824631723995396,0.000926348946172053,0.3375
895,2.97510927249165,0.0447562970391541,0.0150435809040623,0.00505648012432946,0.3339
896,1.82118098431453,0.0307664691552529,0.016893691192824,0.00927622863313751,0.3303
897,9.14605105441227,0.0739689018781169,0.00808752339540381,0.000884263967835846,0.3385
898,7.79034390945407,0.0705195360363924,0.00905217238879692,0.00116197339860844,0.3395
899,2.0109536831174,0.0334851627396458,0.0166513843758633,0.0082803420663822,0.335
900,3.76802387465001,0.051625208785708,0.013700870934769,0.00363608920499252,0.3279
901,6.61534399028751,0.0667025928226085,0.0100830119976436,0.00152418559223031,0.3344
902,5.37162353143096,0.0614324562610253,0.0114364783573469,0.00212905433346709,0.3241
903,1.004706599314,0.016758132461555,0.0166796281352161,0.0166014915663983,0.3441
904,7.22291868771729,0.0687909134086742,0.00952397727052562,0.00131857738987445,0.3245
905,2.1301833879021,0.0350990101835154,0.0164769899074664,0.00773501004704277,0.3352
906,3.08841841808311,0.0458494484315577,0.0148456077593317,0.00480686414522356,0.3325
907,3.62525687122275,0.0505125569296768,0.0139335111204519,0.00384345485448381,0.3305
908,1.87617821441311,0.0315739305100217,0.0168288546724749,0.00896975273627677,0.3319
909,9.07678055507201,0.0738122287356498,0.00813198339298887,0.000895910542691792,0.3321
910,4.46218884696555,0.0564091474762467,0.0126415867662362,0.00283304611252232,0.3365
911,6.88396553217224,0.0676590339400431,0.00982849690688287,0.00142773766965412,0.3413
912,4.27402707789722,0.0552059381642388,0.0129166093611647,0.0030221168761335,0.335
913,7.35320663961093,0.069205368749522,0.00941159036340964,0.00127993008012456,0.3368
914,6.33567307775863,0.0656454874046752,0.0103612491678467,0.00163538254589237,0.3301
915,2.78007047129492,0.0427737585910492,0.0153858540755356,0.00553433959117197,0.3336
916,2.91782405029167,0.0441875868661158,0.0151440203742575,0.00519017600555582,0.3372
917,1.26387783906423,0.0216183883484527,0.0171048084555854,0.0135335931423956,0.3333
918,3.3973061636663,0.0486301506905101,0.0143143268071045,0.00421343444408814,0.3297
919,5.303384460086,0.0610953649862454,0.0115200708992639,0.00217221115798139,0.3326
920,8.61085030892468,0.0727076450096791,0.00844372418532483,0.000980591217173217,0.3399
921,8.41052734302427,0.0722037517010543,0.00858492562430588,0.00102073571301403,0.3286
922,8.18092540068971,0.0716029888806718,0.00875243146388245,0.00106985836384042,0.3283
923,4.99821307264967,0.0595141838028885,0.0119070921823144,0.00238226982508414,0.3329
924,7.30190829163208,0.0690434943432731,0.00945554115249521,0.00129494109962065,0.3318
925,9.86290610385849,0.0754870891057118,0.00765363558273968,0.000776002073034588,0.3342
926,9.7416152460638,0.0752427236745466,0.00772384473970569,0.000792871053168168,0.3415
927,6.50445739527349,0.0662912549391438,0.010191665639522,0.0015668740711451,0.339
928,7.51683824889199,0.0697106805813678,0.00927393649738884,0.00123375496323283,0.3329
929,6.00920497132791,0.0643244182509585,0.0107043142242399,0.00178131953816088,0.3371
930,1.61765228262963,0.027633224922497,0.0170823020615882,0.0105599344463691,0.3403
931,7.54760039512534,0.0698038461819176,0.00924848197143569,0.00122535395188766,0.3358
932,1.1789173373722,0.0200653490818498,0.0170201492893262,0.0144371015250857,0.3424
933,9.92279737396422,0.075605990188687,0.00761942296504659,0.000767870458086618,0.3286
934,2.53148999324883,0.0400454727230287,0.0158189338412654,0.00624886287658752,0.3372
935,4.54472090356122,0.0569172114003104,0.0125238078658935,0.0027556825010046,0.3439
936,7.50087727305736,0.0696621164628145,0.0092871958741461,0.00123814795737361,0.3289
937,9.58689324475476,0.0749238771609082,0.00781524058400265,0.000815200543541942,0.3386
938,2.52737036124873,0.039998222461702,0.0158260233937141,0.00626185367857789,0.3385
939,1.14988064675382,0.0195252714719499,0.0169802592356614,0.0147669754105329,0.3363
940,1.18540771748731,0.0201854297664363,0.0170282591117452,0.0143648964491641,0.3321
941,5.541319526501,0.062246319950716,0.0112331223011102,0.00202715657297663,0.3285
942,2.09747238105955,0.0346632296309791,0.016526191211857,0.00787909836672497,0.3411
943,6.56586178250099,0.0665202705461113,0.0101312322357132,0.00154301637337455,0.329
944,7.04030577185401,0.0681910469269232,0.00968580756812295,0.00137576518435396,0.339
945,7.43718530001817,0.0694667745812521,0.00934046575134848,0.00125591408235124,0.3327
946,9.24468937760801,0.074188807236429,0.00802501892774517,0.000868067990167732,0.3372
947,7.26695832657232,0.0689322383421681,0.00948570712042078,0.00130532014828479,0.3345
948,3.58693230580585,0.0502054219004614,0.0139967575689116,0.00390215269640195,0.3299
949,2.03302913161437,0.0337893052973427,0.0166201776314497,0.00817508090415413,0.3306
950,6.74789242281229,0.0671814363518112,0.0099559139568814,0.00147541088877231,0.3257
951,3.35743028089101,0.0482866449625298,0.0143820246208404,0.00428364058747444,0.3419
952,1.84947750851745,0.0311839473558615,0.0168609497613511,0.00911660168004257,0.3365
953,1.76638622287777,0.0299456450033377,0.0169530562543398,0.00959759311682138,0.3362
954,5.63820850431034,0.0626960046361633,0.011119844998324,0.00197223018443235,0.333
955,8.73948244469939,0.073021743323685,0.00835538532009681,0.000956050358012271,0.3357
956,1.74703703433904,0.0296518451112024,0.0169726482772706,0.00971510502849294,0.3363
957,7.80496669659391,0.0705615753162128,0.00904059915425467,0.00115831361051162,0.3386
958,4.86601541534835,0.0587893944401292,0.0120816293048921,0.0024828588225973,0.3361
959,4.12015468323557,0.0541728347454753,0.013148252653207,0.00319120364745181,0.3359
960,4.75147964108782,0.0581405580984218,0.012236305843691,0.00257526218525259,0.3251
961,3.54511163297319,0.0498660516543444,0.0140661442620138,0.00396775777980705,0.3312
962,8.29423011846328,0.0719026451513643,0.00866899569030598,0.00104518388885889,0.3276
963,8.53119759298395,0.0725094761088418,0.00849933146179542,0.000996264752885955,0.3337
964,9.83304300781596,0.075427370356671,0.00767080651398721,0.000780105050683694,0.34
965,6.12990780199878,0.0648243768367018,0.0105750981793828,0.00172516431257491,0.3279
966,4.46681529634004,0.0564379371455004,0.0126349386310519,0.00282862348067192,0.3291
967,3.34646281127702,0.0481913938641006,0.0144006960727918,0.00430325895876203,0.333
968,2.05765478425357,0.0341256932023364,0.0165847514672952,0.00806002619788894,0.3334
969,2.26963977828901,0.0368996905898108,0.0162579502451389,0.00716322933738633,0.3338
970,9.12969641893916,0.0739320800029872,0.00809797791847912,0.000886993120787699,0.3326
971,8.03783889779472,0.0712153770409986,0.00886001547761021,0.00110228826308538,0.3332
972,7.03734555982077,0.0681811346706899,0.00968847331584302,0.00137672269089054,0.3317
973,1.0830706822176,0.018265270657364,0.0168643385489538,0.0155708568478873,0.3382
974,9.8116558873849,0.0753844231677411,0.00768314992219252,0.000783063532840665,0.3374
975,3.97207884753658,0.0531339596544838,0.0133768642803847,0.00336772375218101,0.3293
976,4.44927033555321,0.0563285605056244,0.0126601793681796,0.00284545069491838,0.3418
977,7.89725314432546,0.0708241699138008,0.00896820307256977,0.00113561043424495,0.3319
978,2.89208939039288,0.0439284858690401,0.0151891867571467,0.00525197692975988,0.34
979,3.15959411791014,0.046515329201048,0.0147219318257925,0.00465943766078729,0.3325
980,1.6482244864211,0.0281187734592554,0.0170600386603354,0.0103505552798691,0.3291
981,3.50427010922087,0.0495303029768116,0.014134270884679,0.00403344218457566,0.3321
982,8.56843796819216,0.0726024816304147,0.00847324587047609,0.000988890379078493,0.3353
983,5.16074497181317,0.0603716934608713,0.0116982516653328,0.00226677577156516,0.3401
984,3.11608926041774,0.0461101868298753,0.014797453787859,0.00474872590327381,0.3273
985,4.72587466137018,0.0579927617532819,0.0122713287822297,0.00259662595001448,0.3345
986,8.37454961088696,0.0721112885168175,0.00861076617458597,0.00102820647971229,0.3367
987,4.51556390891154,0.0567390495263033,0.0125652190226624,0.00278264670285471,0.3362
988,9.24023937938828,0.0741789659909865,0.00802781864682571,0.000868789034268197,0.3345
989,9.68080047351983,0.0751183656880585,0.00775952008240764,0.000801537032359304,0.3272
990,6.53390035080421,0.0664014517412588,0.0101626055152626,0.00155536585647679,0.3422
991,3.72158524953853,0.0512686326590903,0.0137760199542513,0.00370165373907786,0.3257
992,8.95225361328689,0.0735258116926659,0.00821310642758593,0.000917434512288177,0.327
993,5.63334969209065,0.0626737052818675,0.0111254775058369,0.00197493110031094,0.3407
994,7.54291504666838,0.0697896929489102,0.00925235038670302,0.00122662794549034,0.3307
995,9.36526934478316,0.074452660245738,0.00794986855206799,0.000848867049029017,0.33
996,4.91899082396436,0.0590828727371702,0.0120111776686653,0.00244179712841691,0.3232
997,7.42330439563096,0.0694238706091368,0.00935215194058279,0.00125983678455744,0.3476
998,8.5704539971489,0.0726074986966286,0.00847183809874981,0.000988493503560967,0.3284
999,8.69747260689037,0.0729199554464308,0.00838403967937326,0.000963962757724721,0.3327
1000,9.22056274590967,0.0741353611660104,0.00804022088553083,0.00087198808869855,0.3398
