"Lot","mLnN0","sdLnN0","unc_N0_CRR"
1,-1.73696240246614,0.9380349751785,0.337
2,-1.66123185936746,1.33982695822654,0.3417
3,-1.97877043799542,1.14523939667131,0.324
4,-1.81520368324602,1.01457662902321,0.3312
5,-1.83857531759291,1.20263667933725,0.3328
6,-1.77372285892877,1.11542685341662,0.3379
7,-1.92437671109383,1.26102556021665,0.3332
8,-1.85449280714499,0.91276125502079,0.3399
9,-1.85382176852437,1.12840245713669,0.3395
10,-1.73298534643776,1.01847723079315,0.3372
11,-1.78290561908702,0.991362874465027,0.3341
12,-1.70209903070787,0.754631160962752,0.3382
13,-1.4182864461268,0.846431795576104,0.3289
14,-1.60078637124112,1.17767163355709,0.3443
15,-1.70470723204921,1.26187126336038,0.3394
16,-1.85323463094886,0.724865286058322,0.3304
17,-1.63976023569432,0.866316939653857,0.3378
18,-1.96457604234012,1.39382684144057,0.3355
19,-1.5472262895855,0.972213971979872,0.3364
20,-1.88693668831922,0.683084915797344,0.3342
21,-1.6683198442679,0.921532144772503,0.3318
22,-1.62796070195874,0.905583134493512,0.3374
23,-1.86718645660934,1.00018430594728,0.3313
24,-1.58485659320008,1.1924858073237,0.3297
25,-1.81782580970658,1.08805580394176,0.3358
26,-2.02789770100997,0.91580351226584,0.3254
27,-1.70624822227736,1.14448053477793,0.3252
28,-1.88462888865055,0.977800371012781,0.3403
29,-1.8254303202957,0.968670505641397,0.3317
30,-1.62421094948415,1.11779125352377,0.3357
31,-1.64418286571051,1.23807862051593,0.3366
32,-1.65691085993122,0.97853607338188,0.3373
33,-1.77664535632745,1.14934033042738,0.3369
34,-1.73046358030843,1.00142273620415,0.3399
35,-1.74362740521079,1.02895860891761,0.336
36,-1.7376157639796,0.937462817590556,0.3345
37,-2.01122959390356,1.1405680884897,0.3426
38,-1.87575324631964,1.0914022884271,0.3299
39,-1.98465840452855,1.08221355069487,0.3301
40,-1.86993719504031,1.25201718125757,0.3353
41,-1.85234596358194,1.27807795705184,0.3326
42,-1.61883762064274,0.936990809605138,0.3322
43,-1.69689840071094,1.05695901251604,0.3395
44,-1.79449259552789,0.890656800583231,0.3372
45,-2.09742920179855,1.08549687388047,0.331
46,-1.75396409946915,0.947585947882426,0.3443
47,-1.74607871545594,0.745819686797515,0.3294
48,-1.94780089620863,1.2352239458642,0.3349
49,-1.53132781545574,1.09005061445072,0.3392
50,-1.78020804433178,1.11017951641132,0.338
51,-1.62564084262776,1.07187510095964,0.3288
52,-1.77924341074946,0.970383086932412,0.3391
53,-1.64940132247698,1.22306475625122,0.3292
54,-1.88197892690527,1.06355936502555,0.3302
55,-1.90136484079769,1.12270294269072,0.3391
56,-2.08500870398766,1.07758857379913,0.3341
57,-1.67264801360842,1.02508613183783,0.333
58,-1.6858582028957,1.07283667117527,0.3335
59,-1.74972769838153,1.36390038941602,0.3274
60,-1.59840015234119,1.21216995182546,0.3374
61,-1.93129996278845,1.37785492226898,0.3316
62,-1.84118034068518,0.780674324209553,0.336
63,-1.69171814358295,0.78499378366029,0.3301
64,-1.72006784643837,1.2174641732657,0.327
65,-2.00742925356042,1.32455821215604,0.3341
66,-1.97489430164286,1.06424463909634,0.3343
67,-1.87724654666751,0.816621217161767,0.3377
68,-1.91685873773684,1.13073253121539,0.332
69,-1.71443046827158,0.691511148217559,0.3385
70,-1.84962111992269,1.2084838448108,0.3354
71,-1.83116334424597,0.97336620914439,0.3409
72,-1.97189911328423,0.942823600757367,0.3349
73,-1.71596212230874,1.15726106109907,0.3323
74,-1.75117468630331,1.25825706754126,0.3358
75,-1.88338639087209,0.830199544052944,0.3327
76,-1.75829074353233,1.11601479076364,0.3411
77,-1.62581843537246,0.959018631899489,0.3389
78,-1.630961107244,1.00092885470409,0.3367
79,-1.72880408896184,1.28791267881328,0.3359
80,-1.73938134000545,1.04496541763072,0.3294
81,-1.69783954982855,1.1146811821349,0.3355
82,-1.74405976030104,1.30106373236079,0.3293
83,-1.90660461065779,0.862658355199015,0.3358
84,-1.70005016332294,0.750693453071953,0.3311
85,-1.54631801329603,1.22637279494137,0.3273
86,-1.44777778440523,1.3113402410627,0.3372
87,-1.89810390905262,1.09329269459577,0.3286
88,-1.77393659882014,0.997768186181313,0.3249
89,-1.82425885317549,1.19920487183782,0.3357
90,-1.68026765207916,0.889090180223197,0.3304
91,-1.7080556515377,0.850556382792237,0.3425
92,-1.59359825404952,1.18368530542883,0.336
93,-1.76082076818712,1.11216606142921,0.3449
94,-1.69351266400981,1.06165963653997,0.3336
95,-1.88628269126561,1.13584780771123,0.333
96,-1.6074523982581,0.872402483604708,0.3382
97,-1.66915382939905,1.34131053302147,0.3402
98,-1.58525338208438,1.18170563045777,0.3413
99,-1.65058435053698,1.06633529534957,0.3449
100,-1.76625767799358,0.922981493132752,0.3318
101,-1.56362578587341,1.20364320940017,0.3353
102,-1.83052485822901,1.01404058251381,0.3391
103,-1.84260145703394,1.07400937941839,0.3406
104,-1.83086654604066,1.14547450690807,0.3349
105,-1.95452905430404,0.951182963479183,0.3358
106,-1.66152552978924,1.23479566969477,0.336
107,-1.63871453945925,0.934264618443696,0.3315
108,-1.81900503474157,1.14467392382796,0.3267
109,-1.93806610844947,1.01912096181582,0.3258
110,-1.78972900225703,1.26960280981264,0.325
111,-1.89898880221727,1.12005705786551,0.3235
112,-1.83991709656678,1.00360447923168,0.3271
113,-1.78500999635749,1.40849756448065,0.3359
114,-1.91652968202301,1.14245177911751,0.3294
115,-1.74567206643991,0.927806378442367,0.3358
116,-1.94908711281571,1.22494600918023,0.3266
117,-1.91289800660017,1.09825919134764,0.3387
118,-1.99252908264319,1.19804711260526,0.3282
119,-1.63184705451061,1.04967206268833,0.3299
120,-1.63545316118806,0.797716397553725,0.3322
121,-1.76428879109731,0.888614033677701,0.3303
122,-1.68217906071643,1.24928215044266,0.328
123,-1.67939125755917,0.885887968907154,0.3366
124,-1.71417040251318,0.882741740488526,0.3377
125,-1.91230116766604,0.84079825413892,0.3269
126,-1.90256962570952,0.898025363328898,0.3201
127,-1.93771503800935,1.23172286405827,0.3316
128,-1.7055276096808,1.24106671633008,0.3312
129,-1.76303385007407,1.15854183600786,0.3372
130,-1.97604889875605,1.25686278302826,0.3382
131,-1.82647882811538,1.24038264548156,0.3303
132,-1.90713655793324,1.11904925093418,0.3363
133,-1.66370335031365,0.986768059619296,0.3361
134,-1.61214732664427,1.0235191983406,0.3315
135,-1.81707568258684,1.32060198796925,0.3263
136,-1.75452526827185,1.19511434637286,0.337
137,-1.57257859821108,1.11111765042696,0.3334
138,-1.75534514561587,1.17084439623519,0.3392
139,-1.88939262366624,1.15602594795914,0.3344
140,-1.65584311326967,1.29031080008837,0.3369
141,-1.79071952049616,1.33529930237769,0.3205
142,-1.82847412698032,1.09429302871761,0.3342
143,-1.96088444408883,1.0648865913643,0.3418
144,-1.82066409829044,1.23140536420375,0.3313
145,-2.09078816997999,1.01507986427531,0.3316
146,-1.73856567349712,1.19024094333134,0.3331
147,-1.77267890283885,0.794745822271645,0.3389
148,-1.85844053163938,1.01349508032723,0.3391
149,-1.7990199752258,1.51388958792339,0.3322
150,-1.76379288591626,1.14985214962123,0.3334
151,-1.94362556881652,1.07922313681384,0.3311
152,-1.71243956102046,1.22060159812878,0.3429
153,-1.95908105374114,1.30794031487515,0.3352
154,-1.78558605819076,0.884683914978291,0.33
155,-1.7174854384831,0.796682832374335,0.3366
156,-1.89025149403408,0.942195720526465,0.339
157,-1.63704536635293,1.118399670166,0.3317
158,-1.49982139596751,1.07158743326141,0.3299
159,-1.80757835675272,0.839622809259891,0.3426
160,-1.75581672894862,1.01178211664897,0.3317
161,-1.86759364185618,1.07807897315062,0.3367
162,-1.83220487599946,1.0939424000587,0.3372
163,-1.95984883918173,1.0466091231542,0.3346
164,-1.62361181299909,1.01672423028232,0.3357
165,-1.69574353163969,1.06293759025425,0.3356
166,-1.85067829235715,1.07314416900718,0.3322
167,-2.00785214616014,1.17961858066946,0.3392
168,-1.96387946435834,1.16730889244519,0.3328
169,-1.80978390600982,1.164739528726,0.3362
170,-1.82813324380473,1.19218784982219,0.3297
171,-1.74033436316849,0.884219988994001,0.3439
172,-1.92951721682264,1.12141458451416,0.332
173,-1.96596679491518,0.813150620115007,0.333
174,-1.58336064106674,0.953186790196915,0.3366
175,-1.75605350478702,1.15468738172116,0.3303
176,-1.77131364598106,1.07960482521517,0.3286
177,-1.87774272581949,0.981069661736104,0.3269
178,-1.82385010106128,1.05271543213133,0.3278
179,-2.00993249896423,1.07713151597755,0.3285
180,-1.76898632310927,1.24445922068689,0.3337
181,-1.73361841644036,0.968317264412893,0.3368
182,-1.67871363224968,1.21975509524859,0.3335
183,-1.78204024331461,0.902032138366859,0.3343
184,-1.85266005934877,1.09122404931632,0.3414
185,-1.93657390309892,1.35871413506628,0.3274
186,-1.55121282625769,1.05741391972083,0.33
187,-1.98331995092238,0.948268977380472,0.33
188,-1.88895993964578,1.04850066411982,0.3397
189,-1.91046432071873,1.03037540837384,0.334
190,-1.55755829303998,1.17299891066452,0.3398
191,-1.83373953873745,1.00318173768746,0.3424
192,-1.57950914060345,1.13255981780322,0.3389
193,-1.56019796735543,1.08125506218769,0.3359
194,-1.75554036996682,0.869490317145771,0.3433
195,-1.86288667310985,1.02935173413343,0.3334
196,-1.89111620722493,1.08054501427516,0.3378
197,-1.76250788361658,1.17184899219189,0.3375
198,-1.67921813630555,1.29671114617439,0.3299
199,-1.69409206303963,1.02126501897735,0.3387
200,-1.69764937962287,0.929573561893391,0.3289
201,-1.75662062357858,1.06394969424191,0.3275
202,-1.72586538533872,1.00274523260837,0.3369
203,-1.76215461562908,1.09630215311558,0.3397
204,-1.92499433760694,1.14341080855623,0.3343
205,-1.57473584391734,0.928743646299102,0.3401
206,-1.701413300731,1.04050410837247,0.3313
207,-1.92240207975783,1.03706393574152,0.3242
208,-1.88809415879047,1.13489208943237,0.3341
209,-1.79853108943159,0.893516843379505,0.3286
210,-1.74854594755275,0.951884072221332,0.3291
211,-1.7609430252978,1.02783073716954,0.3296
212,-1.85739318032684,0.89858780564343,0.3375
213,-1.56186187761918,0.965174861589574,0.3363
214,-1.74192132582834,1.1485923721011,0.3357
215,-1.64575037630269,1.16762222107348,0.3253
216,-1.95868205586829,0.987409108668038,0.3275
217,-1.9981615932899,1.13650321918064,0.3355
218,-1.79222998072209,1.37476658100862,0.3277
219,-1.89180392106271,1.37970611288827,0.3332
220,-1.82198153288205,0.947284975852386,0.3259
221,-1.721481792798,1.3884444081703,0.3303
222,-1.83034341450097,0.982998557116282,0.3303
223,-1.62251808904488,1.09692932398448,0.3307
224,-1.82175571072229,0.844027797058975,0.3334
225,-1.88257805315875,0.941802685567608,0.3378
226,-1.6518778968597,0.761297224368642,0.3395
227,-1.86798136308574,1.05402816413539,0.334
228,-1.77787908178289,0.877945289547309,0.3352
229,-1.76565717351271,0.815626953243891,0.3353
230,-1.75823176873806,1.26824612790689,0.3358
231,-1.74239121094791,1.32259417031451,0.3288
232,-1.9781357885582,1.24582241173394,0.3392
233,-1.98636468396961,1.19686274099694,0.3374
234,-1.82586938888829,1.29566153139471,0.3341
235,-1.8949673240315,1.16800985017173,0.3354
236,-1.9093861723656,1.09589838941164,0.3335
237,-1.66742422997141,0.994742236845138,0.3361
238,-1.7364815013499,0.912375346461044,0.3401
239,-1.7821105736909,1.3960243908213,0.3342
240,-1.61336487901057,1.38292044182891,0.3344
241,-1.81392752302731,0.93354683371102,0.3395
242,-1.68819773819159,0.69711451682249,0.3351
243,-1.56821619298028,0.966163596738436,0.3372
244,-1.72805568695106,0.895511593422633,0.3298
245,-1.8064958686941,0.733783936764857,0.3367
246,-1.74737799424941,0.949512840770023,0.3355
247,-2.02155640337478,0.99914855177972,0.3364
248,-1.70729104247836,1.20620932427071,0.3351
249,-1.81148953000545,0.777137805779427,0.3336
250,-1.7814676173108,0.818521053985438,0.3317
251,-1.44174173511338,1.19374666365486,0.3377
252,-1.81735493348018,1.08180236958817,0.3411
253,-1.596412270031,1.10150499697246,0.329
254,-1.83706023927534,1.24156418784614,0.3372
255,-1.84200828356529,1.03418890726204,0.3285
256,-1.57161488147153,1.21177893468069,0.3342
257,-1.68720762012474,1.21406546895081,0.3306
258,-1.63617676008783,1.54900362716715,0.331
259,-1.91852026443457,1.19452350163703,0.3328
260,-1.78908762066206,1.23422042875044,0.335
261,-1.6173605813411,1.26254847556592,0.3384
262,-1.9336759983963,0.721128778676031,0.341
263,-1.72494460016269,1.23239554872012,0.3301
264,-2.12226736725655,1.01865948407475,0.3354
265,-1.69438029973616,0.969873923809019,0.3349
266,-1.83427597690471,0.9256994309463,0.3441
267,-1.79690339141854,0.86184055344851,0.3343
268,-1.73248504064614,0.770336638082167,0.3353
269,-1.98260452912857,1.29801149775166,0.3343
270,-1.95234893223624,1.24670601367272,0.3325
271,-1.80818740837232,0.874545946342863,0.3201
272,-1.85702477147854,1.21823496069558,0.3292
273,-1.53753375843294,0.936178913138557,0.3323
274,-1.65758666756294,1.13928498659138,0.3459
275,-1.90422046826929,0.842362486495703,0.3373
276,-1.98773146205614,1.19122848951712,0.3403
277,-1.96790006698295,0.858148368533208,0.3352
278,-1.6406370132922,1.10884793104155,0.3471
279,-1.76138839199276,1.19642651853776,0.323
280,-1.85116922905044,1.2551095760382,0.3343
281,-1.95139168200582,1.36611312392491,0.3403
282,-1.86280918172005,1.21495464054374,0.3328
283,-1.83547343298312,0.978244563744529,0.3327
284,-1.48324291957593,1.1278717968483,0.3401
285,-1.80396714862323,1.14903397440015,0.3414
286,-1.80334891874137,1.23055125121423,0.33
287,-1.72096901009078,1.23628028634201,0.3377
288,-1.84164690821782,0.967326811294159,0.3326
289,-1.79777078230518,1.40427102427337,0.3334
290,-1.69711538138144,1.06753686005963,0.3302
291,-1.93016086236753,0.881651737101403,0.3319
292,-1.75701799947279,0.908012109946343,0.3364
293,-1.91808753850963,0.848569527110191,0.3399
294,-1.76543537179367,1.22725788304343,0.3341
295,-1.71949553012939,0.82932828083859,0.3387
296,-2.04430523686958,1.08765114073519,0.3318
297,-1.74648555964443,0.871204852793545,0.3291
298,-1.78242421394988,1.16302029422246,0.3282
299,-1.68952460366506,0.789525420402278,0.3359
300,-1.72255348326721,0.932936725614567,0.3333
301,-1.83968417087895,0.877175877430704,0.3357
302,-1.71832193226419,0.979262404217205,0.3266
303,-1.82042601145633,1.04446003983723,0.3322
304,-1.99917422504028,1.15069588054374,0.3265
305,-1.70664401284507,1.10943460209645,0.3383
306,-1.78714789685703,1.31004802772044,0.3325
307,-1.8318857947337,1.28887829428057,0.3322
308,-1.7884100999804,1.1537490121623,0.3289
309,-1.88767495887457,0.886297107497065,0.3336
310,-1.61263534344694,0.935898410192625,0.3292
311,-1.60117847814893,1.23846521672571,0.3258
312,-1.80295800019883,1.15939325744095,0.3426
313,-1.77204562535744,1.11382035749536,0.3299
314,-1.8657657929799,1.27173644775841,0.326
315,-1.72331393589907,1.32577092377327,0.334
316,-1.76463327856894,0.95165313054518,0.3353
317,-1.49388994873604,0.587228185440277,0.3442
318,-1.84561423429304,1.02723816680444,0.3383
319,-1.74504309935365,1.22427239601341,0.3404
320,-1.68128794320161,0.944092079396997,0.3265
321,-1.7705531640607,1.21250267752451,0.3411
322,-1.59117665760838,1.0313467089122,0.3352
323,-1.88179593870783,1.07631388894061,0.325
324,-1.89822706210376,0.926225057453029,0.3316
325,-1.7996750926116,0.899380360481101,0.3244
326,-2.00452880156116,1.21701484544222,0.3327
327,-1.66694982097462,1.2664018669161,0.3297
328,-1.84826346212014,0.920069386732943,0.3372
329,-1.68328614474833,0.917214133019256,0.3341
330,-1.68553567076498,1.13353054564686,0.3328
331,-1.64188534338252,0.860567191008141,0.3427
332,-2.05287681754297,1.25957088873343,0.3385
333,-1.70252325327308,1.12701921078904,0.3405
334,-1.74131884779687,1.16159647275625,0.3309
335,-1.8023953489827,0.993646101751265,0.3273
336,-1.67506770439522,1.2792460638743,0.3297
337,-1.68513130368316,0.8313754281264,0.3379
338,-1.73886882341363,1.09748279442612,0.3309
339,-1.92150989664954,0.893221888869192,0.3321
340,-1.83657586007255,1.00235641734814,0.3339
341,-1.80224951888991,1.01123043863698,0.3358
342,-1.569022922949,1.08313712274712,0.3364
343,-1.75243338324462,1.1172068848765,0.3333
344,-1.99008757516178,1.33705639219722,0.3252
345,-1.6699700967893,1.07671078239639,0.3479
346,-1.68650445303528,1.06088949991362,0.3351
347,-1.85511628728659,0.640232687667671,0.3268
348,-1.89668910051516,0.961219345496444,0.3398
349,-2.04262818154627,0.821653673208509,0.3343
350,-1.61464419886962,1.38620507688249,0.341
351,-1.81478250241947,0.998084559298223,0.3397
352,-1.79817438547894,1.08919643746077,0.334
353,-1.7752322943546,1.05464163584968,0.3376
354,-1.9115409390036,0.975264364466812,0.3327
355,-1.67610067062187,1.12231764330664,0.3382
356,-1.84155657475375,1.2058891368391,0.3419
357,-1.82142320697522,1.2902618436129,0.336
358,-1.67159702825361,1.160670266083,0.3385
359,-1.52848973487254,0.92473633021227,0.3319
360,-1.83924997613513,1.03505058929332,0.3254
361,-1.99654997385008,1.08677742578533,0.3389
362,-1.57109081097442,0.996933539710852,0.3344
363,-1.75286053167435,1.1386994930205,0.3309
364,-2.05058728070744,1.04824353206806,0.3338
365,-1.92292281538261,1.01031656877864,0.3296
366,-1.41716166218137,0.853093761385357,0.3339
367,-1.76824577620589,0.883604912952212,0.3322
368,-1.78670643223615,1.18218834020226,0.3377
369,-1.68894521188849,1.15821008156278,0.3298
370,-1.88547219359558,1.20930505084271,0.3391
371,-1.73961396297472,0.985974610389482,0.3394
372,-1.63002746096123,1.03512436744254,0.3418
373,-1.81051654766588,0.972812969236624,0.3294
374,-1.85525334407856,1.11263830450383,0.3318
375,-1.7318292557567,0.928529004266036,0.343
376,-1.65229243261642,1.01734306790547,0.337
377,-2.01529922409912,0.911958733264059,0.3343
378,-1.5979598084766,1.04099734144675,0.3367
379,-1.62749792424641,1.33265726587011,0.3355
380,-1.82969694978111,0.962996333528578,0.3265
381,-1.85042157467987,1.06904020202289,0.332
382,-1.63739585313071,1.17275119666437,0.332
383,-1.90793187433374,1.07354782126649,0.3346
384,-1.8723845241637,1.21029577592006,0.3355
385,-1.8763693308923,0.809314683542114,0.3384
386,-1.77249975911433,1.08279236648796,0.343
387,-1.71606274407443,1.29242222809256,0.3337
388,-1.68244337619921,1.41741738130522,0.3325
389,-1.85860520040604,1.59874307681039,0.322
390,-1.74679688474772,1.16938094699302,0.3336
391,-1.72751230058656,1.07032240199118,0.331
392,-2.08199511957716,1.44566187359386,0.3332
393,-1.91909618396194,0.931454241059244,0.3359
394,-1.84769436692131,0.913623527314235,0.3305
395,-1.76185759090777,1.13138164958914,0.3362
396,-1.6390597194186,0.976899234710831,0.3317
397,-1.58616262989575,0.896471696941008,0.3365
398,-1.86452589555587,0.984562287167549,0.3304
399,-1.83159993559127,1.10361957142923,0.3362
400,-1.63807876786369,1.06032210818926,0.3326
401,-1.75169406527875,1.06504624142607,0.3312
402,-1.90492994485776,1.25170491161182,0.3325
403,-1.71305411133862,1.04758582187929,0.3264
404,-1.8369206694554,1.04024882059516,0.3412
405,-1.93393965092561,1.07858949527224,0.3282
406,-1.82259528402383,1.12368015162208,0.331
407,-1.68435828103611,1.13041266559249,0.3354
408,-1.96165156971966,1.21619152701777,0.3364
409,-1.51526152651344,1.19579006416968,0.3412
410,-1.87119337810904,1.11762925200429,0.3321
411,-1.83615078910447,0.894322193965191,0.3379
412,-1.86647500117486,1.03056089611513,0.329
413,-2.01970031844358,1.05345971140018,0.3331
414,-1.46198511984135,0.992954749321286,0.3334
415,-1.79588353463195,1.15225936830016,0.3392
416,-1.73828946704499,0.800163968955911,0.3378
417,-1.99304858482825,1.03935270781238,0.3358
418,-1.75944547326954,1.0659220389952,0.3352
419,-1.88128095812963,1.28025941633387,0.3328
420,-1.6467340354151,1.30679523730597,0.326
421,-1.8941610689151,0.845708154315957,0.3384
422,-1.75363288472882,0.98216683378252,0.3379
423,-1.87479296924485,0.802209413115093,0.3376
424,-1.76313174135916,1.15037334908593,0.3358
425,-1.80786160977014,0.971474790064829,0.3411
426,-1.81959756971789,1.15124980381279,0.3359
427,-1.61123760992549,1.25991803280202,0.3365
428,-1.83255848386959,1.13280417868516,0.3305
429,-1.77161130780789,1.09760767147584,0.3335
430,-1.70917946200725,1.20307092123319,0.3369
431,-1.60953235490066,1.31982473537163,0.3249
432,-1.87351231239971,1.1061982757944,0.332
433,-1.83415646571804,1.0389214759661,0.3344
434,-1.70893728197956,1.00419942426706,0.3382
435,-1.73616655536893,1.27618362774634,0.3388
436,-1.7254674249784,1.32727853328724,0.3279
437,-1.93317571624793,1.12447799554415,0.3347
438,-1.80470699060772,1.15887146166312,0.3322
439,-1.62695481767008,0.988318642166008,0.3341
440,-1.7579411197217,0.861246893092448,0.3358
441,-1.74793801616526,1.10700262596863,0.3403
442,-1.7472799927527,0.665637326834735,0.3416
443,-2.02290841981961,1.47937531425303,0.3387
444,-1.74328403708542,0.92213159432328,0.3324
445,-1.80561206511096,1.13438265829538,0.3368
446,-1.7933915197643,0.8648289435492,0.3284
447,-1.51970809801804,1.06815459690467,0.3355
448,-2.14725110954617,1.05591901754502,0.3333
449,-1.75413646206387,1.35435759485207,0.3274
450,-1.71538868766862,0.979393952319794,0.3329
451,-2.02869814083488,1.23731902134917,0.3429
452,-1.67131515127066,0.965452942191652,0.3381
453,-1.61926718914739,1.02183140482523,0.3361
454,-1.85639369350133,0.915259964045423,0.3319
455,-1.69910966274985,1.26779055269934,0.3441
456,-1.73569578869543,1.0384710507598,0.3392
457,-1.82307431729943,1.1035967477631,0.3344
458,-1.76024638347133,1.09097305479413,0.3344
459,-1.76513720334011,1.10296599964528,0.3356
460,-1.79399924817549,0.851115487630678,0.3384
461,-1.81081860052126,1.04234573789924,0.3503
462,-1.73708862840448,1.25003129564548,0.3291
463,-1.68001439485805,0.873442473461852,0.3322
464,-1.60436924770288,0.728326802412116,0.329
465,-1.93977795160827,0.881030309999994,0.3302
466,-1.64814092591108,1.07831434829101,0.3356
467,-1.46935348759504,0.906590127604445,0.3358
468,-1.86245788206679,1.35133150772545,0.3279
469,-1.7888237095449,1.20062254032414,0.3321
470,-2.03523006728848,1.02377099662257,0.3303
471,-1.61766332057334,1.01711717402053,0.3438
472,-1.77607116903366,0.878974740804611,0.3445
473,-1.65655856594669,1.47670511602433,0.3302
474,-1.53521052540291,0.82720945465021,0.334
475,-1.81561878742473,1.08038383984389,0.337
476,-1.8260480629235,0.710984970024227,0.3316
477,-1.98039057188533,1.06261899687528,0.3341
478,-1.68315520951191,1.27073087597767,0.3294
479,-1.7786687223272,1.17543290166196,0.3353
480,-1.97719227252662,1.04192514194781,0.3299
481,-1.91726561090387,1.17028634398948,0.3315
482,-1.83888698582373,1.20507741259179,0.3365
483,-1.67579408363109,1.141084889221,0.3371
484,-1.79414445957835,1.12361254919665,0.3374
485,-1.81329461072887,1.21063672464679,0.3373
486,-1.84666776692581,1.05789076625782,0.3299
487,-1.69832287019494,1.1856917865916,0.3357
488,-1.71689085596412,1.16231469922783,0.3457
489,-1.8472299170104,1.19968549029219,0.3306
490,-1.7071894769178,0.703937826176288,0.3368
491,-1.58773013642617,0.994280838432022,0.3362
492,-1.76725001820845,0.819455561862733,0.333
493,-1.92080001790105,1.19189058615751,0.3379
494,-1.7447109655673,1.06875415054365,0.3358
495,-1.67439926033588,1.25766316309725,0.331
496,-1.92813221084497,1.16878691968845,0.3341
497,-1.80890422502709,1.1907625942015,0.3283
498,-1.81182964055226,0.765296817394261,0.3418
499,-1.95510146866167,1.03443346810199,0.3311
500,-1.6000713484763,0.969693682529371,0.3401
501,-1.7798842576026,1.21479624060111,0.3257
502,-1.90399954641917,1.01782992989988,0.3353
503,-1.78756767660473,1.17349955485071,0.335
504,-1.71234225652583,0.995173987105165,0.3269
505,-1.90764594689805,0.916793395562422,0.3309
506,-1.76799765642088,1.30441149160151,0.3309
507,-1.82975972266827,1.05128407722672,0.3404
508,-1.89556836965668,0.997115438195265,0.3364
509,-1.71091199590876,1.00799169847769,0.3292
510,-1.72129159518733,0.92737312163803,0.3313
511,-1.80058174065826,1.2397940397542,0.3349
512,-1.8884533877705,1.22906126154558,0.335
513,-1.8009888762519,1.36372763789303,0.3222
514,-1.64481490164351,1.04932504088776,0.3317
515,-1.97100432016769,0.915126044537193,0.3345
516,-1.98792526715197,0.76995877379467,0.3435
517,-1.60378291855545,1.05673860961121,0.3391
518,-1.78807094933844,0.970811279735083,0.3316
519,-1.68075149561339,1.27511163525101,0.331
520,-1.77422555664042,1.08444457981052,0.3342
521,-1.73154207167897,0.910959605647148,0.3316
522,-1.79166715697086,0.954901695073457,0.3323
523,-1.64752509656173,1.10179044777239,0.3382
524,-1.82495275900388,0.950236856046568,0.3332
525,-1.75076578468901,1.21304832061109,0.3397
526,-1.56536689821623,1.14395274050798,0.3391
527,-1.6779671779376,0.980406002476317,0.3315
528,-1.81247687308864,1.16437913111309,0.3414
529,-1.91403542893077,1.13717108490927,0.3285
530,-1.59721321183082,1.0861180094568,0.3383
531,-1.71519528715748,1.09923951742103,0.3351
532,-2.01418366668486,1.12431768417789,0.3332
533,-1.86885344532325,1.22177693634279,0.3303
534,-1.749169317836,1.00619725179709,0.3318
535,-1.75336689756732,1.42891099126395,0.331
536,-1.67366094410442,0.828087659836859,0.3378
537,-1.87050981193442,1.23339029183587,0.3332
538,-1.84482164134968,1.14209583378173,0.3314
539,-1.65116634584951,1.21551857939731,0.3396
540,-1.64725145402977,0.976375113539125,0.3352
541,-1.78996034416339,1.01614464778079,0.3376
542,-1.6531082242668,0.900402282904765,0.3361
543,-1.80660050991326,1.11270083691174,0.3336
544,-1.666671522556,1.25309381751144,0.3291
545,-1.94062538334572,0.981680830117055,0.3353
546,-1.96834585097323,1.05052166595524,0.3372
547,-1.47114951557674,0.805905864729117,0.3312
548,-1.89349156817555,1.12289958063202,0.3313
549,-2.10757433251394,1.19346488605673,0.3336
550,-1.7512328126263,1.03645918472357,0.3367
551,-1.79919669114923,0.923450536577887,0.3421
552,-1.84392542903215,1.17720834888151,0.3304
553,-1.9441433548192,1.03752161035375,0.3375
554,-1.66566065475769,1.05202834304434,0.3348
555,-1.90606887333686,0.804870383706646,0.3341
556,-1.83829537794848,1.05984249718416,0.3317
557,-1.54376636610749,0.929960916336571,0.3273
558,-2.06583452702123,0.85967570549988,0.3433
559,-1.76979659430346,0.961586978539416,0.3396
560,-1.57888435387464,0.856528512344083,0.3414
561,-1.6326151405307,0.964046080716866,0.3353
562,-1.86051869437629,1.22005930487023,0.3248
563,-1.69498673637513,0.953523837160855,0.3331
564,-1.73073261850035,0.783518146851011,0.3395
565,-1.62091589276763,1.34341998641334,0.3297
566,-1.76343488803974,1.20669863827419,0.3424
567,-1.84019880861317,1.27182028638366,0.3326
568,-1.78781613165594,1.13776961347318,0.3415
569,-1.77847823367721,0.897765372692047,0.3352
570,-1.91382837659684,1.08411264334397,0.3329
571,-1.75499337652781,1.165579733276,0.3475
572,-1.69076506660253,1.17502855993371,0.3314
573,-1.6876195469175,1.03298685389997,0.3392
574,-1.80728489270334,1.01263117348043,0.3358
575,-1.71356697454837,0.993426168861755,0.3348
576,-1.71004229597588,1.13908542353845,0.3401
577,-1.69015499191195,0.938325575124067,0.3412
578,-1.78067244632734,1.27698886329073,0.346
579,-1.78087292763263,1.30178484394797,0.3309
580,-1.66037052011722,1.13978100511188,0.3434
581,-1.80525159092473,1.17049641416384,0.3388
582,-1.82454205830604,1.20171756925988,0.3329
583,-1.66083822146784,1.42721490757724,0.3414
584,-1.94847807905818,0.868469537468925,0.3301
585,-1.62509147208416,1.45170428520547,0.3261
586,-1.73792816296258,1.04550424859014,0.3328
587,-1.93927540138054,0.833994340057739,0.3304
588,-1.83755010036701,1.06931707789708,0.3331
589,-1.8180022294617,1.15594347287098,0.3299
590,-1.79741825525296,1.10495502216379,0.3412
591,-1.88009712335047,0.944575136888015,0.3412
592,-1.74821618522659,1.10227779995997,0.3356
593,-1.87533851707707,0.983396681535351,0.3356
594,-1.65514369540913,1.24828215941124,0.3404
595,-1.8610844783468,1.06796321650539,0.3432
596,-1.81404017119748,1.31728107726751,0.3346
597,-1.90333140622046,0.981271100507184,0.3338
598,-1.74075968361458,1.20242489278018,0.3323
599,-1.71814625361037,1.22814346457995,0.3319
600,-1.590681576103,0.857825474156411,0.3399
601,-1.75266050484594,1.11948970980976,0.3418
602,-1.49807988748167,1.18337968214548,0.3353
603,-1.80867472265016,1.31583577896133,0.3384
604,-1.79563318022415,1.02264301780471,0.3344
605,-1.92590770470689,0.838823666258102,0.3302
606,-1.92781148453941,1.29961728683723,0.3281
607,-1.85404176077152,1.02846260821895,0.3416
608,-1.72193782095182,1.02023583814388,0.3412
609,-1.74889925264715,1.00951820528334,0.3372
610,-1.89659651482172,1.08887850040702,0.33
611,-1.74243423995082,0.757496862562897,0.344
612,-1.75979255764183,1.10806958461241,0.3354
613,-1.8785158871987,1.2259203008639,0.3344
614,-1.80940112103484,0.837085050806424,0.3396
615,-1.8852360457684,1.05932543168054,0.34
616,-1.72831929483727,1.42226105457725,0.3302
617,-1.66235533253482,1.17402233714331,0.3331
618,-1.69937599037195,1.16624791104414,0.3347
619,-1.68681846954408,1.12619637385453,0.3335
620,-1.7502469391376,1.04263119926661,0.3321
621,-1.79606738248413,1.20799681549172,0.3328
622,-1.91193062407112,0.731370937002137,0.3338
623,-2.00233920591137,1.14755305728453,0.3215
624,-1.95619749182871,1.09270068070291,0.3318
625,-2.05960654163157,1.30317325650805,0.3299
626,-1.78527585306484,1.2437571333377,0.3433
627,-1.52443349608596,1.02987765283556,0.3368
628,-1.70594990293692,1.10923507434032,0.3397
629,-1.36858841595804,1.22292722073912,0.3304
630,-1.55418768694517,1.19775260845533,0.3376
631,-1.92713791002712,0.986391611278203,0.3319
632,-1.69535064202422,1.04639923969189,0.3281
633,-1.92033838839528,1.00497364067566,0.3338
634,-1.63515612279769,1.09973574879994,0.343
635,-2.06304294464896,1.04563545263644,0.3297
636,-1.71192483788548,0.737053677874729,0.3353
637,-1.77589132826572,0.925372499903107,0.3302
638,-1.54168263962891,1.04293773431411,0.3388
639,-2.02463271153427,1.08473638731047,0.3378
640,-1.89752760542199,1.04354888935595,0.3303
641,-1.53473239847814,1.09855188080469,0.3302
642,-1.85155121608691,1.29134919880463,0.3345
643,-1.8648278086013,0.960695437026148,0.3292
644,-1.74468490772153,0.974332501598276,0.3329
645,-1.67673798589704,1.31419557442417,0.3295
646,-1.81286155824382,0.952277161977079,0.3333
647,-1.86539274856293,0.934450851848793,0.3345
648,-1.88301901102514,1.32991006668478,0.3285
649,-1.73385821180624,0.960228924351995,0.3301
650,-1.72663891091688,0.76660624046047,0.34
651,-1.96966467985606,1.16355359440517,0.332
652,-2.00397417241311,1.16641989787202,0.3424
653,-2.13489664706209,1.18538441520835,0.332
654,-1.87436330110367,1.07224661215581,0.3373
655,-1.73123366025095,1.05038266782854,0.3351
656,-1.55582371388209,1.26387478881216,0.339
657,-1.87262972277801,0.956493700780706,0.3259
658,-1.65845936909944,0.999895445039345,0.3264
659,-1.81137073200994,1.0209395161842,0.3304
660,-1.7920355287051,0.903066694473045,0.3352
661,-1.77336939173789,0.94517023395138,0.3324
662,-1.79844629230437,1.1379669456681,0.3353
663,-1.69037218616627,0.871982019431218,0.336
664,-1.52629870540365,1.00705442066621,0.3438
665,-1.87379876461364,1.13558217196527,0.3353
666,-1.8638356458142,0.910640080447,0.3259
667,-1.94620412903511,1.20449888947001,0.3394
668,-1.76910977167208,1.11084837352991,0.3331
669,-1.64328509614717,1.34560138011144,0.3406
670,-1.85568700103012,1.01229401475444,0.335
671,-1.86171415609073,1.02633480094109,0.3318
672,-1.84441984802662,1.07075504370891,0.3305
673,-1.73451923634173,1.28161249138405,0.3387
674,-1.66416137429332,0.953941673375366,0.336
675,-1.60282207684936,0.955932757188243,0.3405
676,-1.77889753899967,0.781729082057963,0.3395
677,-1.79657072201703,0.909672846499016,0.3334
678,-1.54826798888766,0.949756578403344,0.3331
679,-1.72927611148599,1.27840851034345,0.3282
680,-1.80527152953092,1.03167339806733,0.3326
681,-1.87909332548626,1.09564722030072,0.3314
682,-1.71051189462266,0.958067409303309,0.3306
683,-2.0692278051061,0.935182064097466,0.3282
684,-1.75897262622577,1.12179256727984,0.3238
685,-1.72429011283431,0.854855188234603,0.3305
686,-2.03303567270699,1.49559098046007,0.3342
687,-1.77720645960649,1.02300227729495,0.3426
688,-1.7669245278606,1.05813187244947,0.3292
689,-1.69621178540767,0.957899931576037,0.3356
690,-1.95787270684827,1.19529373146169,0.3328
691,-1.63135353795009,1.12884730523624,0.3299
692,-1.69868959491344,1.05494262199603,0.3398
693,-1.86938267964322,1.31264347893264,0.3394
694,-1.89455515496673,0.945503113225387,0.3333
695,-1.93486820719325,1.00576423849394,0.3304
696,-1.87809484523907,1.09246002148152,0.3399
697,-1.78587799558512,1.23683794042884,0.3381
698,-1.62860667452837,0.611313340741813,0.3387
699,-1.85627973898341,1.06698441115973,0.3334
700,-1.78709312592375,1.18692218180927,0.3353
701,-1.67196035082149,1.15320716613845,0.3224
702,-1.72947861925959,0.95987038629933,0.3379
703,-1.73592609354328,1.01944693653762,0.3373
704,-1.7587812256159,1.35952000058814,0.3361
705,-1.80318950329293,0.939488514536466,0.331
706,-1.88457132898161,1.03358238275383,0.3297
707,-1.81993977209972,1.11424180264034,0.3351
708,-1.77679859817184,1.05860276688559,0.3367
709,-1.8492284834083,1.09191015698703,0.3311
710,-1.89263931200372,0.887326496482946,0.3369
711,-1.74067254646185,1.01536974475732,0.3367
712,-1.67080517259466,0.904695903980202,0.3283
713,-1.84895968549989,1.13677243548153,0.3273
714,-1.79105444590696,0.791915012795887,0.337
715,-1.58144325322693,0.803871992015684,0.3342
716,-1.90026073633425,1.24524342434979,0.3313
717,-1.70096977968989,0.824793336506495,0.3339
718,-1.92365754990072,1.18267157371995,0.3386
719,-1.57705349184103,1.27361069811309,0.3302
720,-1.64138104743543,1.08135840811843,0.3386
721,-1.99039120417751,0.811927479592484,0.3378
722,-1.71970857472301,1.15456153732533,0.3317
723,-1.90069743846176,1.00129763232094,0.3331
724,-1.64082029251325,1.03196743846661,0.3407
725,-1.95043274384121,0.946040303154045,0.3416
726,-1.82758973240542,1.10433590683572,0.3423
727,-1.90179609902306,1.14654385852665,0.3313
728,-1.86137019582999,1.22151638773008,0.3332
729,-1.5951155645559,1.18717375651586,0.3288
730,-1.649676674174,0.943276701126031,0.3292
731,-1.82721272018335,0.990374610578425,0.3257
732,-1.5749656467861,1.14625862114075,0.344
733,-1.80028001302224,0.742473713120958,0.3352
734,-1.58186751880278,0.71496315816837,0.338
735,-1.72620171841584,0.869771873132595,0.3393
736,-1.97244382628647,0.919524961472374,0.3311
737,-1.61659339894327,0.99626441235522,0.3374
738,-1.77551953001612,1.02547296726236,0.3292
739,-1.77980016082235,0.887889822218407,0.3429
740,-1.85779519825539,0.878639417255305,0.3273
741,-1.93593500270064,0.995486474611332,0.3387
742,-1.7228452987342,0.773630389795408,0.3407
743,-1.78110404636817,0.988899113714386,0.3293
744,-1.78445938515229,0.991017510535537,0.3273
745,-1.69135455242115,1.12542583953579,0.3338
746,-1.56297155053133,1.04418128758317,0.3329
747,-1.84610915724414,1.08336766834792,0.332
748,-1.68915117034407,0.940545431158657,0.3316
749,-1.83774601934549,1.10675181658223,0.3413
750,-1.89325779707728,0.895794247443329,0.33
751,-1.92002465102926,1.29761683800918,0.3301
752,-1.89077203065165,1.16206205688588,0.3323
753,-1.59190186417358,1.18647816848239,0.3338
754,-1.71880916460791,1.07481378855309,0.3378
755,-1.85949199910399,1.28218270721572,0.3314
756,-1.58934634747167,1.02598075895454,0.3281
757,-2.00096153652917,1.02885123881723,0.3285
758,-1.94172181400579,1.04384347200557,0.3349
759,-1.6661921321044,1.22870178898186,0.3287
760,-1.71126141766721,0.918862129829823,0.3366
761,-1.90950976110286,1.02763895430965,0.3381
762,-1.70298893197335,0.867780684965252,0.3337
763,-1.77012164320946,1.15780177517441,0.3379
764,-1.88997296054703,1.28349116658361,0.3344
765,-1.82510249821427,1.32797121055001,0.3341
766,-1.93663571129625,1.18887055216429,0.3318
767,-1.63393929193398,0.918071628186493,0.3318
768,-1.66971469360512,1.09040244460876,0.3379
769,-1.9808363634363,1.12507274191946,0.3374
770,-1.76000002718442,0.931751843505868,0.3399
771,-1.70186785238674,0.904910408126892,0.3359
772,-1.99491556577858,1.03258875212998,0.3352
773,-1.8405644357836,1.12025764044437,0.3333
774,-1.72701016048182,1.28643123063548,0.339
775,-1.79271768057858,0.787794048202194,0.3365
776,-1.91521943290124,1.08962483933453,0.3248
777,-1.94557035701023,1.09376911246336,0.3357
778,-1.8464959573802,1.18458255959829,0.3388
779,-1.62198614980776,1.34778892864117,0.3342
780,-1.48832366751091,1.10568703303748,0.3327
781,-1.87309865957102,1.05312642579114,0.3338
782,-1.72046807635462,1.18930306853217,0.3407
783,-1.86633107813764,1.00222093320463,0.3412
784,-1.7775677946027,0.954397578947709,0.3334
785,-1.76946079897517,1.2651056975169,0.3397
786,-1.70053217259725,1.14280939474533,0.3421
787,-1.91603852638581,0.96206554724141,0.3338
788,-1.69605525389942,1.17168497494114,0.3402
789,-1.69309218322067,1.15156227256808,0.3335
790,-1.767678712821,1.14779525014515,0.3417
791,-1.89210329264961,1.35282067796135,0.323
792,-1.7647155570652,0.974600001470285,0.3321
793,-1.82266524826798,0.847479083903185,0.3425
794,-1.64267636031551,1.13336695630697,0.3353
795,-1.67307655818911,1.01560900766612,0.3317
796,-1.78956957018948,1.07567652183593,0.3327
797,-1.65916192548842,1.10110814718573,0.3323
798,-1.75212844403399,1.0048473538009,0.3366
799,-1.70963121215934,1.08823622874048,0.3335
800,-1.91102408816459,0.909113404178615,0.3329
801,-1.55893521657584,0.920690073956236,0.3367
802,-1.90277951549254,1.01155185761336,0.334
803,-1.94125130425613,1.17928559046703,0.3408
804,-1.79495905532248,0.687631353962157,0.3363
805,-1.60180867118546,1.05896742426141,0.3359
806,-1.89573079520253,1.07523093749305,0.331
807,-1.85907114562598,1.0563380056431,0.3322
808,-1.60879270682356,0.992215337055706,0.3321
809,-1.78389068017266,0.985589807125788,0.33
810,-1.7300071618647,1.1778626957778,0.3283
811,-1.87197753395192,1.1843376110098,0.3369
812,-1.65835164692692,0.810601495163426,0.3391
813,-1.8267911059909,1.26392188296167,0.3378
814,-1.64855163395295,1.37239589032162,0.3351
815,-1.74945471971641,1.16008735614968,0.3346
816,-1.82006664598202,1.4563944323697,0.3297
817,-1.72234340380957,1.17870116492977,0.3301
818,-1.72789219668121,0.891577203718052,0.3372
819,-1.67656596923164,0.969160311846501,0.3412
820,-1.81840806598162,1.17442341389514,0.3291
821,-1.80457464331517,1.10470441110221,0.3304
822,-1.97332664333467,1.17587312988807,0.3311
823,-1.7341544829258,1.0242952729362,0.3298
824,-1.81230929547085,1.2534281050704,0.3338
825,-1.73330638323648,0.866204835988639,0.3381
826,-1.69237352428824,1.00676561464693,0.3308
827,-1.80129344218184,1.09487586813468,0.3337
828,-1.77193642350786,1.00843823109612,0.3269
829,-1.90561254249432,1.12089522040764,0.329
830,-1.58869173838043,1.15523771901904,0.3318
831,-1.6345978698264,1.11513212099635,0.3315
832,-1.67714994207011,1.10246551097988,0.3432
833,-1.76623043651152,1.34725073282886,0.3355
834,-1.72653418396593,0.998643290958724,0.3439
835,-1.81026239756897,1.02207442367201,0.3312
836,-1.80145457535819,0.863867261027201,0.3398
837,-1.8042195498142,0.903475132108835,0.3372
838,-1.75687608897553,1.24752304071443,0.3376
839,-1.86331808462748,1.09883733792756,0.3301
840,-1.82783364928587,0.823775277410714,0.3392
841,-1.84774728303124,1.209892309529,0.328
842,-1.84353730453948,1.07979641707228,0.3293
843,-1.80991860529045,1.20755429081153,0.3444
844,-1.70413209156313,0.880244577548523,0.3363
845,-1.79506192340812,1.22408407860319,0.3325
846,-1.65986535679404,1.0542178141026,0.3417
847,-1.61016105639171,0.775254941586774,0.3321
848,-1.76656996889801,1.02468261990442,0.3363
849,-1.88409212408878,1.25083780315731,0.3368
850,-1.83507705885672,1.00972579536889,0.3318
851,-1.5777944631844,1.11185640049767,0.34
852,-1.84530342609486,1.0741774438844,0.3262
853,-1.67345016607427,0.837509762873464,0.337
854,-1.95723621118073,1.00911090331854,0.3295
855,-1.83297171011513,1.00539562254546,0.3334
856,-1.50532692412974,1.28600100739383,0.3313
857,-1.77086957801696,1.03339042233727,0.3264
858,-1.7172191778041,1.11644898352434,0.3319
859,-1.6214394720926,0.989446401331534,0.3312
860,-1.81596201773612,1.3093160445806,0.33
861,-1.9086251893485,1.1418072133358,0.3386
862,-1.79358972119707,0.807191433878011,0.3391
863,-1.86426679824554,0.996070162191084,0.3294
864,-1.76875822758732,1.06534031327829,0.3284
865,-1.88036194324867,0.645230743935478,0.3396
866,-1.68385232760268,1.01074403303723,0.3357
867,-1.68464417286876,0.957219735326661,0.3351
868,-1.86815992583072,1.10558446710106,0.3323
869,-1.83565514281445,0.979804849953459,0.336
870,-1.87615128188794,1.01315655176207,0.3312
871,-1.82121136683492,1.07101450203507,0.3203
872,-1.77293847045895,0.977273806340091,0.3339
873,-1.78333011740283,0.964658690649674,0.3331
874,-1.74570585669293,1.08515833081522,0.3309
875,-1.73207352160254,0.907057470894863,0.3359
876,-1.7928599449106,1.12739271686115,0.3361
877,-1.67833645016353,0.985278478371821,0.3352
878,-1.82899426325978,0.563071371661696,0.3324
879,-1.78466480503793,1.13456193187882,0.3332
880,-1.73511564212396,1.05209547045343,0.3364
881,-1.71898804112289,1.43382253569393,0.3255
882,-1.65442138557401,0.833148934677543,0.3266
883,-1.81895325835752,1.06679781932953,0.3322
884,-1.66808026316332,1.30515635863887,0.3456
885,-1.70041377966298,1.2937109757919,0.3355
886,-1.78314416266478,1.02644935386777,0.3368
887,-1.51078241623728,0.908286248578739,0.3299
888,-1.83347634300077,1.04710248379107,0.3422
889,-1.79056707156179,1.19905673271765,0.3464
890,-1.66487780367615,1.05555123599371,0.3346
891,-1.72472558313026,0.876142926510023,0.3321
892,-1.66311789395555,0.987636991725442,0.332
893,-1.84325666831134,1.06970874684599,0.3289
894,-1.63336490224664,0.852463706304034,0.3357
895,-1.87687547417653,0.758291388902811,0.3431
896,-1.94735034052223,1.18046705172448,0.3322
897,-1.61399821356771,0.84291238042256,0.3341
898,-1.69294213345642,0.991850614418806,0.3315
899,-1.93205620194685,1.03549477744283,0.3398
900,-1.84272229135775,0.946685596557504,0.3305
901,-1.73993304925049,0.967486943806353,0.3273
902,-1.78394463607813,1.1610870174157,0.3385
903,-2.21717972114629,0.971961215715722,0.3317
904,-1.71667409060504,1.15315107946246,0.3311
905,-1.92427848296197,1.18100651585448,0.3322
906,-1.87132550493168,0.89026306615214,0.3326
907,-1.84854005156955,0.962746402869873,0.3423
908,-1.94262732033996,1.13004754159542,0.3289
909,-1.61982048251621,0.958528686637755,0.3351
910,-1.8166112579958,1.04797976855616,0.3337
911,-1.7299489723031,0.892049342796265,0.3469
912,-1.82351105345402,0.973688049599852,0.335
913,-1.71140167495671,1.28496307905932,0.3354
914,-1.75007164941512,0.747992250851552,0.3348
915,-1.8867061749852,0.984196471459634,0.3413
916,-1.87954955259729,0.855260836728818,0.3351
917,-2.0180290767515,1.08651830429822,0.3272
918,-1.85795271576318,0.95562738054495,0.3277
919,-1.7863724226454,0.983537303042067,0.3277
920,-1.65151316301258,1.06200658979225,0.3394
921,-1.66237409972028,0.999489306731899,0.3346
922,-1.6746910840681,1.12826216465806,0.3435
923,-1.79708814118237,0.792951818527698,0.3381
924,-1.71333162319853,0.849092518535501,0.3355
925,-1.50676441823212,0.835190660561868,0.3319
926,-1.53972954273197,1.27346196115671,0.3274
927,-1.74382652554521,1.21903817858778,0.3389
928,-1.70451593625488,0.989861398627253,0.3378
929,-1.76153488171108,1.09508000011826,0.3333
930,-1.96683492603808,1.01977874842272,0.3457
931,-1.70319227993938,1.04913946265342,0.3338
932,-2.03807257676654,0.941412849866396,0.3339
933,-1.47682604600852,1.17659799649326,0.331
934,-1.89953945571144,1.12602265133034,0.3381
935,-1.81360984991854,0.924298978531364,0.34
936,-1.70516630287656,1.1883148759129,0.3348
937,-1.56679418622015,0.989061470613978,0.3387
938,-1.89999121728719,1.33205770870012,0.3404
939,-2.04790288213205,1.40098554595772,0.3436
940,-2.03691763856198,1.10770697049666,0.3279
941,-1.77803607393023,1.03591615947595,0.3321
942,-1.92625376276915,1.31852242479248,0.3295
943,-1.74166963073041,1.03976440972219,0.3392
944,-1.72362983759594,1.33728754775831,0.3349
945,-1.70790300992971,1.11655560625761,0.3391
946,-1.60570272953063,0.963609680575066,0.3347
947,-1.71469981471822,1.03798182858828,0.3375
948,-1.8501861343124,1.16316811986226,0.3361
949,-1.93107386240853,0.914215476505438,0.3397
950,-1.73479515599515,1.20120917893243,0.3446
951,-1.86003003550366,0.932422267200495,0.3317
952,-1.94463583361355,0.90076504022423,0.3341
953,-1.95184447433631,1.10038443404618,0.3362
954,-1.77471053911459,1.16528296394192,0.3378
955,-1.64384466039084,1.39268160199052,0.3328
956,-1.95326347525515,0.673520468156109,0.3281
957,-1.69213240729494,1.24285807537944,0.329
958,-1.80196087230235,1.13181941481906,0.3301
959,-1.82907366403328,1.1189502057691,0.3362
960,-1.80592852108449,0.901884566279045,0.3396
961,-1.85203903877824,0.825378919914399,0.3301
962,-1.66857933013024,1.03734334595258,0.3349
963,-1.65635271674311,1.08700651098846,0.3382
964,-1.51741929635054,1.00762891344987,0.3325
965,-1.75761397894993,0.949020595463087,0.3389
966,-1.81625861303121,1.14013952602724,0.3336
967,-1.86025632736264,1.15236924400517,0.3343
968,-1.92898067212941,1.06101581088037,0.332
969,-1.91454878325724,0.874852936357193,0.3301
970,-1.61541350533694,1.05101852974157,0.3279
971,-1.68187533148559,1.15647251769653,0.3272
972,-1.7238850723854,1.22985662232651,0.3295
973,-2.07297845274722,1.10006158495738,0.3313
974,-1.52191071011284,1.17992926183916,0.3447
975,-1.83480985955865,1.11047612454967,0.3383
976,-1.81689909489542,0.975941348388967,0.3358
977,-1.68805766940562,0.940000572843994,0.3367
978,-1.88082879502288,1.24229245413748,0.3338
979,-1.86847018245665,1.1083101687637,0.333
980,-1.96269948500207,1.37013559144832,0.3325
981,-1.85358549396942,0.966526772784,0.3308
982,-1.65411971285595,1.07572190859916,0.3427
983,-1.79149458375898,1.14701959123099,0.3278
984,-1.87016235925362,1.4130529828998,0.3371
985,-1.80719181814675,0.820893995274495,0.3354
986,-1.66459826720859,1.25588912940522,0.3344
987,-1.81449660204942,0.930877503515059,0.3353
988,-1.6064042436935,1.35629180617308,0.3375
989,-1.55239873780274,1.11322045684691,0.3432
990,-1.74290091871395,1.06219865630342,0.3361
991,-1.84467235796333,1.46425862780619,0.3343
992,-1.62927392574018,1.12944486333929,0.3384
993,-1.77503519708485,1.25442206814499,0.3312
994,-1.70366536016636,0.921254787780087,0.3407
995,-1.5939588557522,1.26658739749051,0.328
996,-1.79996852029013,1.18768299482699,0.3268
997,-1.70857241846448,1.04132404882533,0.3407
998,-1.65342039827001,1.16933283008254,0.342
999,-1.64586599566023,1.13095024753688,0.3256
1000,-1.60820941697162,0.938905443122682,0.335
