"Lot","mtemp","sdtemp","unc_temp_CRR"
1,5.04242878387623,0.107451977867979,0.3314
2,6.18548591676065,2.74107541664716,0.3309
3,1.39264114878221,0.848572180265474,0.3337
4,3.86147522904796,0.264707182246314,0.3395
5,3.50870985520712,1.26717426023205,0.3357
6,4.48757600917804,0.673009010549463,0.3332
7,2.21364592406835,1.80971041355598,0.3241
8,3.26845540534252,0.076306986945728,0.3389
9,3.27858388785906,0.746055592058531,0.3364
10,5.10245743381207,0.275791595437818,0.3331
11,4.34897381422521,0.205436233821888,0.3354
12,5.56864745515603,0.00488618815522981,0.3367
13,9.85244083539147,0.0275534812262591,0.3401
14,7.09783440293832,1.07162122135296,0.3264
15,5.52927994205985,1.81847163837655,0.3394
16,3.28744598980904,0.00255873941923478,0.3353
17,6.50957302336181,0.0381185686950728,0.323
18,1.60688766725275,3.51724977337711,0.3251
19,7.90625635357124,0.164579734200786,0.3363
20,2.77875589603978,0.000958269834814259,0.3297
21,6.07850171505397,0.0861647218513071,0.3345
22,6.6876721185128,0.0689327323778112,0.3385
23,3.07686075978919,0.226645420451378,0.3316
24,7.33827433206103,1.18510107083407,0.3319
25,3.82189753382188,0.53525828995528,0.3372
26,0.651127010494526,0.0796178983479911,0.3255
27,5.50602063610594,0.843760115799418,0.3317
28,2.81358922437199,0.175793197344142,0.3258
29,3.70711702763085,0.157756444880622,0.334
30,6.74426990769072,0.685940114494026,0.3382
31,6.44281899547213,1.58194197748831,0.3321
32,6.25070595909339,0.17731231781933,0.3364
33,4.44346459308741,0.874893706631306,0.3353
34,5.14052031628517,0.229749337817235,0.333
35,4.94182896488328,0.307267816791756,0.3319
36,5.03256711502027,0.10665047536069,0.3375
37,0.902711086616075,0.819239708775221,0.3333
38,2.94755586266832,0.550944743389061,0.3389
39,1.30376971239085,0.508623308633139,0.3326
40,3.03534182891182,1.71801160267164,0.3394
41,3.30085930405393,1.99146453877706,0.3322
42,6.82537353653311,0.105992821304748,0.3365
43,5.64714441252953,0.404120767136247,0.328
44,4.17408300363054,0.0554402165681296,0.3359
45,-0.39836338907885,0.523475253586844,0.3162
46,4.78580958856544,0.121545353661144,0.3334
47,4.90482952521219,0.0040529057482658,0.3348
48,1.86008736259617,1.55493898703596,0.3262
49,8.14622378959395,0.54457090823642,0.3312
50,4.38969030639994,0.644906976084868,0.3334
51,6.7226874722534,0.463787216227161,0.3383
52,4.40425023495413,0.161026513603785,0.3281
53,6.36405296547291,1.44318402125995,0.328
54,2.85358705815059,0.429804843690626,0.3276
55,2.56098111284078,0.713340772303952,0.3344
56,-0.210891623582388,0.488206197564062,0.3251
57,6.01317345204966,0.295347345083373,0.3322
58,5.81378228867315,0.46783530634073,0.3328
59,4.84975272541381,3.07298964936367,0.3383
60,7.13385137076377,1.34749682632346,0.3421
61,2.10914816255116,3.27575658327185,0.3202
62,3.46939031377628,0.00830729042078086,0.3275
63,5.72533386711471,0.00904332643797296,0.3409
64,5.29743082115588,1.39347347545451,0.3328
65,0.960072435932641,2.54219186672809,0.3165
66,1.45114654336323,0.432536288959659,0.3259
67,2.92501637537127,0.0163959846579239,0.336
68,2.32712025977131,0.759716930423225,0.3333
69,5.38251994188115,0.00117645150323183,0.3427
70,3.34198738597786,1.31606464985657,0.338
71,3.62058425431098,0.166846494348666,0.3372
72,1.49635513790887,0.11434766344163,0.326
73,5.35940155396715,0.927257487899871,0.3336
74,4.8279122658382,1.78121319912004,0.3203
75,2.8323431628775,0.0208718431278686,0.3246
76,4.7205043477007,0.676208835367126,0.3307
77,6.72000693352654,0.140271195288194,0.3362
78,6.64238478103275,0.228507720688169,0.334
79,5.16556824731886,2.10119846221651,0.3351
80,5.00591796941243,0.360286593276506,0.3376
81,5.63293895238124,0.668965596241678,0.3367
82,4.93530310953305,2.25360396261196,0.334
83,2.48189338854628,0.0359545751297,0.3328
84,5.59957252690195,0.00449660098457367,0.337
85,7.91996563979623,1.47306715294669,0.3337
86,9.40730624110311,2.37724590735405,0.3439
87,2.61020076898654,0.559945606732615,0.3262
88,4.48434987481522,0.220680294840309,0.3329
89,3.7247988478437,1.23903060253,0.3293
90,5.8981646095455,0.0541591185526654,0.3345
91,5.47873976865557,0.0295136738271079,0.3294
92,7.20632997542033,1.11679371142579,0.3326
93,4.68231681319086,0.655449612855205,0.3385
94,5.69824784224154,0.422296758582582,0.3342
95,2.78862715757345,0.790297124805247,0.325
96,6.99721912384504,0.0419578548131519,0.331
97,6.06591376026219,2.76087931095591,0.3373
98,7.33228530377878,1.10178895710697,0.3266
99,6.34619664743993,0.440945555494484,0.3339
100,4.60025350978868,0.0878874118296352,0.3367
101,7.65872661932413,1.2755057853382,0.336
102,3.6302213962892,0.263210027951295,0.3349
103,3.44794035299893,0.472805884023326,0.3312
104,3.6250640492751,0.850066758640165,0.329
105,1.75853429315485,0.127212896728045,0.3328
106,6.18105333174798,1.55091304773736,0.3359
107,6.52535649052608,0.102256740364662,0.3258
108,3.80409861765974,0.844984692887059,0.3366
109,2.00702171866867,0.277653277840569,0.3343
110,4.24598344225964,1.89978823713337,0.3399
111,2.59684442156961,0.698489689338673,0.3328
112,3.48845739214418,0.23529465533381,0.3344
113,4.31721089069562,3.74797408241629,0.3335
114,2.33208694118438,0.830984994577826,0.3309
115,4.91096737975983,0.0938210504358502,0.3401
116,1.84067354345527,1.46013070824067,0.3323
117,2.38690250603489,0.58407748394788,0.3309
118,1.18497174275454,1.2296275689337,0.3304
119,6.62901252327494,0.377058761510415,0.3385
120,6.57458288642115,0.0115532765290508,0.3323
121,4.62997137682806,0.0537745912621336,0.3396
122,5.86931430440731,1.69075685387636,0.3356
123,5.91139268062893,0.0516159035365603,0.3391
124,5.38644530683951,0.0492134661401743,0.3389
125,2.39591103777034,0.0250546600049376,0.3346
126,2.5427964025414,0.0618025206894096,0.335
127,2.01232068463801,1.52222019944294,0.3276
128,5.5168973753295,1.61052081495951,0.3359
129,4.64891313043589,0.935914864416111,0.336
130,1.4337193546513,1.76696756737892,0.3271
131,3.69129112313934,1.60394982854808,0.3342
132,2.47386431463974,0.692888658046577,0.3384
133,6.14818187483365,0.194999971074288,0.3325
134,6.92635509513734,0.290621545754529,0.3378
135,3.83321975758657,2.49212195402174,0.3314
136,4.77733945252217,1.20601440616249,0.336
137,7.52359519700468,0.649871102105164,0.3402
138,4.76496443700229,1.02180269332005,0.3319
139,2.74168664628335,0.918959099911905,0.3422
140,6.26682224966337,2.12850495633879,0.3366
141,4.2310328174237,2.68116294333125,0.3293
142,3.66117460071015,0.564749557130082,0.3434
143,1.66260769170021,0.435106210743068,0.327
144,3.77905714369371,1.5192747316946,0.3387
145,-0.298125381013435,0.266118417120212,0.3302
146,5.01822942767301,1.16742707562114,0.3319
147,4.50333321104373,0.0109184814233479,0.3348
148,3.20886947795662,0.261692903653272,0.3389
149,4.10574791127244,5.65983003592105,0.3277
150,4.63745644073013,0.878216432194715,0.3222
151,1.92310866895935,0.495355094799662,0.3235
152,5.41257017843281,1.42118476263223,0.3257
153,1.68982759685279,2.33589595383482,0.3353
154,4.30851596312002,0.0506853679358873,0.3288
155,5.33640901558718,0.0113288578850455,0.334
156,2.72872308019743,0.113424217412982,0.3334
157,6.5505505555246,0.689294752184468,0.3353
158,8.62177349588282,0.46258098756163,0.3304
159,3.97656992508611,0.0245582445472706,0.3287
160,4.75784648075638,0.256970948818943,0.3357
161,3.07071481151299,0.490343345847595,0.3371
162,3.60486364474917,0.563062478515695,0.3281
163,1.67823884298305,0.366081610185142,0.3289
164,6.75331311806268,0.270768527924599,0.3349
165,5.66457570610575,0.427337118919164,0.3293
166,3.32603070004308,0.469135071599327,0.3413
167,0.953689404954972,1.08611308592361,0.3283
168,1.61740163424815,0.99661143060872,0.3203
169,3.94327993788801,0.978562479661448,0.3383
170,3.66631980275673,1.18274533921506,0.3458
171,4.9915332855089,0.0503305283593778,0.3316
172,2.13605646676974,0.706082854518759,0.3287
173,1.58589600938325,0.0153943698993084,0.3304
174,7.36085384471874,0.13045833306539,0.3335
175,4.75427264779679,0.910021327748616,0.3391
176,4.52394004318382,0.497034953665294,0.3337
177,2.9175271762232,0.182620446266464,0.3303
178,3.73096844600861,0.388197920744673,0.3355
179,0.922289100476283,0.486220246555557,0.3248
180,4.55906804966943,1.64335771747235,0.3363
181,5.09290203974668,0.157088346404884,0.3403
182,5.92162058091525,1.41367385178613,0.3293
183,4.3620355711967,0.0655039472315136,0.3354
184,3.2961184241924,0.550101303586012,0.3375
185,2.02954467836081,2.99957565035091,0.322
186,7.84608460526213,0.405854916220242,0.3446
187,1.32397198321796,0.122606076679102,0.3259
188,2.7482174664206,0.372833083702951,0.3267
189,2.42363592814123,0.311715687176314,0.3247
190,7.75030777902791,1.03735686113559,0.3324
191,3.58169984428704,0.234212453901681,0.3296
192,7.41898739159069,0.770547649981748,0.3365
193,7.71046522104133,0.504343816684559,0.3446
194,4.76201777139378,0.0400824007330579,0.3359
195,3.14176057428726,0.308497309634252,0.3226
196,2.71567132405962,0.501189868571878,0.3402
197,4.65685193143076,1.02903606029098,0.3358
198,5.91400572783176,2.20244125473325,0.338
199,5.68950254388861,0.283920702821055,0.3345
200,5.63580933203488,0.0960723259886229,0.3384
201,4.74571270416818,0.431359157731192,0.3352
202,5.20992427594875,0.233098921523617,0.3327
203,4.66218406660913,0.57448419415682,0.3329
204,2.20432363001911,0.837007799839789,0.332
205,7.49103429104744,0.0950097884836033,0.3364
206,5.57899768518506,0.344891593482737,0.3332
207,2.24345049618783,0.333349635161086,0.3314
208,2.76128533760817,0.784521891926337,0.3297
209,4.11312702637408,0.0578429087425843,0.3383
210,4.86758976525081,0.128341187269113,0.3312
211,4.68047149614057,0.30376028457624,0.3353
212,3.22467792642993,0.0623115927183432,0.3285
213,7.68535059202062,0.151240314405022,0.337
214,4.96758008362057,0.870053025501157,0.3384
215,6.41915939803692,0.99882731478619,0.331
216,1.69584996703412,0.196431393285782,0.3296
217,1.09995609111215,0.794274120714587,0.3302
218,4.20823432338765,3.23022221588478,0.33
219,2.70529115014975,3.30323044813781,0.3277
220,3.75917212840883,0.121080237401573,0.3311
221,5.27608908233079,3.43474197861935,0.3393
222,3.63296006075753,0.186742039653868,0.3337
223,6.76982150313578,0.577546594247975,0.3322
224,3.76258062939033,0.0264625469648541,0.3299
225,2.84454400221149,0.11284915416529,0.3391
226,6.32667219547645,0.00561455237009601,0.3321
227,3.06486264805451,0.393074730473412,0.331
228,4.42484306174538,0.0457285868618044,0.3389
229,4.6093173683337,0.0161034636363325,0.3354
230,4.72139449791615,1.88535988088038,0.3379
231,4.96048775976308,2.51726001419426,0.33
232,1.40222038242305,1.65666953872289,0.3313
233,1.27801557402087,1.22005607349913,0.3379
234,3.70048984042146,2.19021048245902,0.3347
235,2.65754356800251,1.0015731328935,0.3235
236,2.4399092191401,0.572518619630151,0.3252
237,6.09201988444806,0.213376553672835,0.3312
238,5.04968738032409,0.0758950331719309,0.339
239,4.36097402277791,3.55126609733796,0.3286
240,6.90797767619886,3.35125576496272,0.3298
241,3.88073725967671,0.101290581458466,0.3346
242,5.77846995103257,0.00134572130613216,0.3345
243,7.58944020763798,0.153061967602444,0.3349
244,5.17686443273736,0.0595684706627486,0.3351
245,3.99290871847159,0.00312023041106348,0.3321
246,4.88521854882517,0.124556325975889,0.3362
247,0.746840908706095,0.224073663130937,0.3339
248,5.49028057905245,1.29690550545129,0.3321
249,3.91753569264097,0.00774439223417495,0.3356
250,4.37067863925549,0.0169676667330577,0.3278
251,9.49841280016346,1.19510329193146,0.3373
252,3.82900481718834,0.50678435395938,0.3363
253,7.16385594964336,0.600231217265939,0.3365
254,3.53157805351805,1.61530997604547,0.3315
255,3.45689355915122,0.323920900841352,0.3321
256,7.53814128697238,1.34414005306445,0.3338
257,5.79341453577207,1.36384513469176,0.34
258,6.56366107271304,6.39732721024124,0.3344
259,2.30204160767643,1.20129290570743,0.3221
260,4.25566428933972,1.54551593107604,0.3323
261,6.84766758382518,1.82550628761401,0.3349
262,2.07328489868941,0.00235191110107574,0.3364
263,5.22382236805602,1.52847263764479,0.3321
264,-0.773264202315267,0.276317739203387,0.3195
265,5.68515197411265,0.160048913521443,0.3331
266,3.57360298602685,0.0911919426318387,0.3392
267,4.13769507709539,0.0354851529889052,0.3339
268,5.11000891938624,0.00675551635323991,0.3434
269,1.33477037381404,2.21765138455165,0.3209
270,1.79144048896687,1.66533401959014,0.3238
271,3.96737705825065,0.043384263428589,0.3325
272,3.23023859382572,1.40024931858379,0.3292
273,8.05255289940749,0.104869083633728,0.3396
274,6.24050549436297,0.811303194414174,0.3315
275,2.51787901404787,0.0257284360586762,0.3365
276,1.2573857808495,1.17518095024219,0.3343
277,1.55671570330792,0.0334290831711504,0.3263
278,6.49633917020032,0.637905570300228,0.3427
279,4.67374924701115,1.21654287929545,0.3333
280,3.31862062920367,1.74915566104088,0.3321
281,1.80588897512668,3.10463224045542,0.3259
282,3.14293020918264,1.37155736148802,0.3263
283,3.55552889523412,0.176709199997709,0.3392
284,8.87200470929239,0.742967662532596,0.3325
285,4.03107656193093,0.872908852600167,0.324
286,4.04040796307122,1.5113689294306,0.3286
287,5.28382889122599,1.56489705290872,0.3327
288,3.46234806471349,0.155226659615791,0.3419
289,4.12460290451343,3.68062660457766,0.3274
290,5.64386936268872,0.445830691688676,0.3419
291,2.12634144821806,0.0484029223652838,0.3335
292,4.73971481571106,0.0713606373494987,0.3361
293,2.30857306030908,0.0285552474754241,0.3251
294,4.612665185828,1.48112844315287,0.3372
295,5.30606921476142,0.0205562094234263,0.3331
296,0.403475929041979,0.533382769822206,0.3254
297,4.89868872478214,0.0411779484846885,0.327
298,4.35624001823352,0.966606356037776,0.3299
299,5.75844258846831,0.0098763568370505,0.3367
300,5.2599132649532,0.100475047802159,0.3358
301,3.49197311193192,0.0451890124138176,0.3298
302,5.32378319588532,0.178821880512868,0.3359
303,3.78265076448184,0.358518211454622,0.3388
304,1.08467169068539,0.883712224920986,0.3256
305,5.50004667615487,0.640983805776077,0.3325
306,4.28494197626028,2.36147820317456,0.3285
307,3.60967977443568,2.11216761743242,0.3289
308,4.26589061040074,0.903790188710184,0.3319
309,2.76761263217607,0.0519352749167197,0.3322
310,6.91898909636805,0.104483035408412,0.3382
311,7.09191604319226,1.58562137769065,0.3399
312,4.04630838594074,0.941699496455773,0.3376
313,4.51289173674029,0.664318408227316,0.3386
314,3.09830388733862,1.92261720357282,0.328
315,5.24843519059243,2.5576601043629,0.3282
316,4.62477177247388,0.127968676237484,0.3432
317,8.71130121863295,7.19630756980287e-05,0.3331
318,3.40246627616161,0.301929244436199,0.33
319,4.92046084547233,1.45404825910484,0.3345
320,5.88276460054761,0.11623125939194,0.3262
321,4.53541855961769,1.35035739392585,0.3271
322,7.24288092265706,0.314791989218047,0.3315
323,2.85634903443856,0.482681760788722,0.3311
324,2.60834192884384,0.0918422775005602,0.3221
325,4.095859739736,0.0630347239516009,0.3333
326,1.00385110449476,1.38953316569108,0.3279
327,6.09918049053247,1.86585507189837,0.3404
328,3.36247951995335,0.0844535429280222,0.3311
329,5.85260426579412,0.0811917045465623,0.3351
330,5.81865050481835,0.77634342431527,0.3347
331,6.47749720029566,0.0347644358276276,0.3396
332,0.274098718369493,1.79470186142253,0.3246
333,5.56224435002494,0.738024537189717,0.3401
334,4.97667373042534,0.956777818827155,0.3332
335,4.05480089714702,0.210776157304454,0.326
336,5.97665126826407,2.00430920051887,0.3337
337,5.82475391644426,0.0213043829822121,0.3374
338,5.01365376163091,0.580258484889423,0.3323
339,2.25691687611916,0.0575912558974712,0.3371
340,3.53888914730024,0.232110379877211,0.3287
341,4.057002018662,0.255463721108132,0.3342
342,7.57726363518358,0.512770872658912,0.3301
343,4.80891382137926,0.682728549106375,0.3309
344,1.22182322205762,2.70431969820599,0.3308
345,6.05359323244625,0.484397148791779,0.3329
346,5.80402795704619,0.419279768597134,0.3328
347,3.2590447581465,0.000319296081419164,0.331
348,2.63155552129956,0.144119262638143,0.3336
349,0.428788966174852,0.0179477361668022,0.3258
350,6.88866795478008,3.40075266654611,0.3351
351,3.86783242296641,0.221454612684402,0.3293
352,4.11851102311733,0.540569565468698,0.3331
353,4.46479298320824,0.39536874815007,0.3368
354,2.40738573159487,0.170632682460023,0.3327
355,5.96105994453809,0.711164923417481,0.3387
356,3.46371153453986,1.2942228810801,0.3321
357,3.76759935452089,2.1279453501223,0.3289
358,6.02903675181239,0.950419799953325,0.3308
359,8.18906104021429,0.0900098546350619,0.3405
360,3.49852673453488,0.326726200942196,0.3331
361,1.12428145602827,0.529348924784072,0.3212
362,7.54605147083412,0.218647254902127,0.3385
363,4.80246655400964,0.807698853746757,0.3373
364,0.308656392245513,0.371910086325114,0.3348
365,2.23559064802219,0.25298139261176,0.3312
366,9.86941803189861,0.0307769149052947,0.3356
367,4.57024567213856,0.0498632304828443,0.333
368,4.29160532849791,1.10543544328651,0.3361
369,5.76718777734253,0.933667269372648,0.3293
370,2.80086059873215,1.32302620950629,0.3286
371,5.00240681878009,0.193239197706383,0.3351
372,6.65647699534208,0.326967211710902,0.3406
373,3.93222163516712,0.165755159503212,0.3354
374,3.25697605855363,0.657973038766134,0.335
375,5.11990716604923,0.0947365075455668,0.3289
376,6.32041530051478,0.272533979474343,0.3374
377,0.841285146263616,0.0754523126786343,0.3268
378,7.14049780659717,0.346569809853645,0.3358
379,6.69465716501288,2.64656767684644,0.3377
380,3.6427176312034,0.147285564371218,0.3337
381,3.3299055299352,0.451996532350006,0.3321
382,6.54526039920286,1.03556069612426,0.3369
383,2.46186001561727,0.470845132082373,0.3311
384,2.99840247925784,1.33145610579256,0.3347
385,2.93825684226743,0.0143491442497053,0.3301
386,4.50603715985678,0.511219890799885,0.333
387,5.35788279519054,2.15272569360713,0.338
388,5.86532479521366,3.89244321540637,0.329
389,3.20638401039495,7.52906987246373,0.3199
390,4.89398966459593,1.0113252244157,0.3293
391,5.18506616528071,0.457302804810607,0.3396
392,-0.165405363811662,4.37091815685744,0.317
393,2.29334882802917,0.098515050580933,0.3302
394,3.37106929495953,0.0772339534056927,0.3345
395,4.66666728054678,0.763552567481997,0.3381
396,6.52014643394236,0.173946025435033,0.3326
397,7.31856135365481,0.0604138405964352,0.3434
398,3.11701857677039,0.19013488160271,0.3228
399,3.6139944580282,0.610919092042583,0.3374
400,6.53495266173331,0.417066860876672,0.3356
401,4.82007289458511,0.435747014264901,0.3483
402,2.50717035883592,1.71488605377377,0.3272
403,5.40329431567066,0.369556656521953,0.3417
404,3.53368468410188,0.344025294522724,0.3401
405,2.06930539594335,0.492575155116696,0.3355
406,3.74990832820724,0.718879464633542,0.3405
407,5.83642171934692,0.757831632524588,0.3294
408,1.65102889682749,1.38233162224562,0.3298
409,8.38872417877707,1.21142879125719,0.331
410,3.01638132819212,0.68504876065642,0.3425
411,3.54530505800367,0.0585346016474341,0.336
412,3.08759928318843,0.312301462285119,0.33
413,0.774856172205254,0.390957572769343,0.3327
414,9.19286441294442,0.209148347597624,0.3309
415,4.15308853034075,0.893956602060621,0.3337
416,5.02239841606705,0.0121002074024129,0.3408
417,1.17713051180755,0.340996870763726,0.3268
418,4.70307515719635,0.439274200757577,0.3292
419,2.86412201742694,2.01549332121592,0.3377
420,6.40431230307682,2.32206839068396,0.3393
421,2.66971297315949,0.0272211683092745,0.3308
422,4.79080885776328,0.184956270553969,0.3316
423,2.96205003523032,0.0125744029568844,0.3331
424,4.64743558482366,0.881608667190168,0.331
425,3.97229457766709,0.163138036004497,0.333
426,3.79515504874491,0.887332704090165,0.3392
427,6.94008612282787,1.79827646497508,0.3375
428,3.59952637947078,0.772003865200534,0.3318
429,4.51944721294099,0.580871571397726,0.3343
430,5.4617772655404,1.27076438726564,0.3304
431,6.9658247989255,2.48235551218802,0.3327
432,2.9813799367695,0.624129132534193,0.3394
433,3.57540685681388,0.339546419274609,0.3336
434,5.46543266792845,0.236824005514762,0.3327
435,5.05444109309691,1.97074213865109,0.3299
436,5.21593098618563,2.57696851661869,0.3391
437,2.0808360273986,0.723423092810642,0.3272
438,4.01990957932417,0.938151576180085,0.3342
439,6.70285467450623,0.198475944005523,0.337
440,4.72578147862064,0.035147605832517,0.335
441,4.87676572359394,0.628289416644851,0.3345
442,4.88669775794303,0.00061952662402763,0.3238
443,0.726433923917579,4.98415377415184,0.3319
444,4.94701167411591,0.0868739256113812,0.3335
445,4.00624862002834,0.781455112499401,0.3384
446,4.19070235500335,0.0372257056638062,0.3318
447,8.32160878428442,0.448357042428915,0.3302
448,-1.15036231440836,0.400176088882062,0.3246
449,4.78320799236288,2.9387183879179,0.3345
450,5.36805682737231,0.179096325897746,0.3305
451,0.639045379835724,1.57472819553366,0.33
452,6.03329132972467,0.151750954873959,0.3375
453,6.8188897411818,0.285593567504008,0.3318
454,3.23976392077749,0.0790180423672769,0.3352
455,5.6137681980878,1.88053006900551,0.3375
456,5.06154672290023,0.338036188842793,0.3331
457,3.74267792446045,0.610803038502101,0.329
458,4.69098642679112,0.548915101470937,0.3325
459,4.617165662963,0.607601815923992,0.3401
460,4.18152946033189,0.0297882097001565,0.333
461,3.92766252788053,0.351187836314585,0.3324
462,5.04052356237284,1.69819508134071,0.3436
463,5.90198720821185,0.0426450025716989,0.3327
464,7.04375539692188,0.002764835932362,0.3322
465,1.98118360298933,0.0479457613413926,0.3264
466,6.38307706362367,0.491371433253778,0.3287
467,9.08164818533066,0.0699310463872112,0.342
468,3.14823263483556,2.8968817942786,0.3393
469,4.25964769514372,1.25060740722929,0.3334
470,0.540454179789446,0.291377190744092,0.319
471,6.84309811654483,0.271888556706996,0.3453
472,4.45213122685139,0.0464588328101578,0.3351
473,6.25602339292413,4.93390359803472,0.3358
474,8.08761917488451,0.0198055815416932,0.3308
475,3.85520975447267,0.500475879414738,0.3273
476,3.69779298097665,0.00186434800004112,0.3396
477,1.36818726896949,0.426076580276049,0.3312
478,5.85458056821865,1.91183705570825,0.3394
479,4.41292443262096,1.05511414330538,0.3404
480,1.41646156815559,0.349742624200889,0.3333
481,2.32097902194663,1.01779900060491,0.3246
482,3.50400561594311,1.28743795940039,0.3301
483,5.96568748888564,0.822450961637681,0.3343
484,4.17933767716192,0.718495367657653,0.3265
485,3.89029027339641,1.33436509437291,0.336
486,3.38656452844745,0.407678393601487,0.3329
487,5.62564384040042,1.13213651478454,0.3435
488,5.34538348957877,0.961727407360043,0.3412
489,3.37807958119037,1.24294761663426,0.3404
490,5.49181358322359,0.00158169105840108,0.3299
491,7.29490181752681,0.212279040442068,0.3387
492,4.5852753845245,0.0172551024984674,0.336
493,2.26763160142992,1.18039811148708,0.332
494,4.92547398651192,0.450818697591235,0.3293
495,5.98674058914709,1.77513648309001,0.3399
496,2.15696138699209,1.00709251801647,0.3341
497,3.95655761398571,1.17151876187842,0.3351
498,3.91240215245242,0.0060964137734666,0.3339
499,1.7498944196284,0.32471530829509,0.3286
500,7.10862677069456,0.159703941825466,0.3343
501,4.39457745912825,1.37018145063135,0.3301
502,2.52121355102932,0.273928880548083,0.3364
503,4.27860592986185,1.04099323564068,0.3369
504,5.41403886718249,0.214407401940679,0.3422
505,2.46617573001029,0.0807197079454448,0.334
506,4.57399072767979,2.29344269527021,0.3351
507,3.64177015356126,0.382929986608725,0.3354
508,2.6484715415659,0.219089122642612,0.3357
509,5.43562684916871,0.246747103426933,0.3264
510,5.27895987562816,0.0932755596085418,0.3397
511,4.0821750297847,1.59830934613233,0.3327
512,2.75586322875796,1.4976396409309,0.3304
513,4.07602983096111,3.07052733126984,0.3419
514,6.43327920938458,0.37580335497187,0.3391
515,1.50986091262623,0.078870808098969,0.3205
516,1.25446053710881,0.00670400248973967,0.3225
517,7.05260529666861,0.403282475472523,0.3363
518,4.27100966203497,0.161852190622551,0.3372
519,5.89086160100545,1.95907450819571,0.3433
520,4.47998842058463,0.518682720240402,0.3341
521,5.12424184787071,0.0743990391552157,0.3346
522,4.21672943879387,0.133286683556916,0.3303
523,6.39237223175023,0.601666417379636,0.3352
524,3.71432521363709,0.125702607273821,0.3314
525,4.83408412051859,1.35505687566474,0.3308
526,7.63244672218909,0.840424049860669,0.3353
527,5.93288736827587,0.181218478334683,0.3369
528,3.9026329927835,0.976048135087132,0.3362
529,2.36973454902719,0.798340486679716,0.3294
530,7.15176674230573,0.526318587817729,0.3398
531,5.37097596441678,0.58892434192159,0.3413
532,0.858123079907577,0.722508581097554,0.3296
533,3.05169966544188,1.43165533545354,0.3339
534,4.8581807762282,0.242013837930642,0.335
535,4.79482359884092,4.08328751095103,0.326
536,5.99788454243414,0.0201138068415077,0.3361
537,3.02669889835246,1.53774817495503,0.3269
538,3.41442946802993,0.828757012568292,0.3301
539,6.33741216147063,1.37646305464874,0.3289
540,6.39650252099967,0.172878502666764,0.3359
541,4.24249162765773,0.269122732747793,0.3322
542,6.30810195339279,0.0639771811936053,0.3362
543,3.99132929110907,0.658307676950578,0.3296
544,6.10338105452499,1.72881503334559,0.3311
545,1.96839268861719,0.183918808975067,0.3318
546,1.54998715563126,0.380145043823251,0.3321
547,9.05453940581663,0.0134723577398349,0.3344
548,2.67981824329883,0.714452957018407,0.3318
549,-0.551491355072145,1.19286327175591,0.3278
550,4.82703492222782,0.331349999189057,0.34
551,4.10308060705808,0.0884507617503448,0.3307
552,3.42795666379812,1.0681915010045,0.3409
553,1.91529334162314,0.334868766607618,0.3337
554,6.11863883031764,0.385662731465367,0.3392
555,2.48997966841409,0.0132153810466426,0.3339
556,3.51293519143547,0.415202805281255,0.3396
557,7.95847953921018,0.0965714709270864,0.3321
558,0.0785184196032915,0.0342671771772904,0.3207
559,4.54683802687816,0.144769967521367,0.3374
560,7.42841776007448,0.032559050142647,0.3307
561,6.61741923253625,0.149181114481304,0.3339
562,3.17750222978275,1.41637015418718,0.3305
563,5.67599857711512,0.131010495032121,0.3334
564,5.13645952374755,0.00878569258597823,0.3366
565,6.79400463728555,2.78918464106839,0.3448
566,4.64285996762395,1.30101199932689,0.3388
567,3.48420530374154,1.92351767892142,0.3362
568,4.27485581389987,0.801996535195633,0.327
569,4.41579961879018,0.061568346721027,0.3386
570,2.37285974313642,0.517177338110262,0.3337
571,4.77027394818202,0.984440781882629,0.3345
572,5.73971936332375,1.05215059389882,0.3354
573,5.78719701983442,0.320036806521863,0.3378
574,3.98099939516729,0.259303500380228,0.3354
575,5.39555329169125,0.210257288395205,0.338
576,5.44875387389437,0.810073461666037,0.3391
577,5.7489276721266,0.107860876235813,0.3338
578,4.38268074339098,1.97953444897226,0.3328
579,4.37965473068005,2.26214943067914,0.3357
580,6.1984867475157,0.814365139305105,0.3341
581,4.01168952369735,1.01930491970132,0.3387
582,3.72052422321677,1.25959694751542,0.3243
583,6.1914273848991,4.05479231560608,0.3339
584,1.84986614068517,0.0394417261186101,0.3286
585,6.73097952844049,4.47744565936126,0.338
586,5.02785184597319,0.362178948719005,0.339
587,1.98876896549874,0.0222952698956282,0.3319
588,3.52418421753008,0.453138656144156,0.338
589,3.81923469989488,0.918406730157212,0.3398
590,4.12992385620738,0.61773601540488,0.3394
591,2.88199051186925,0.116954927228781,0.3267
592,4.87256711208667,0.60412220545058,0.3269
593,2.95381567805497,0.187601459415935,0.3388
594,6.27737908105068,1.68085975720612,0.3361
595,3.16896243359613,0.447573276322732,0.3381
596,3.87903697747687,2.45055512429938,0.3341
597,2.53129828551903,0.18304760924366,0.3296
598,4.98511360924923,1.2654256645298,0.3352
599,5.32643484382187,1.4892221025173,0.3416
600,7.25035355421267,0.033254118020101,0.3462
601,4.80548570696462,0.695332800683006,0.3272
602,8.64805937229771,1.11446865097615,0.335
603,3.9600216632086,2.4325963915764,0.3302
604,4.15686731469746,0.288003340040883,0.3328
605,2.19053750442418,0.0242255342767519,0.3256
606,2.16180234648173,2.23652226172507,0.3284
607,3.27526338206319,0.305721694384969,0.3346
608,5.26920591191242,0.280899392836788,0.3389
609,4.86225706999065,0.250827497970456,0.3492
610,2.63295298569067,0.539085445276131,0.3258
611,4.95983829117762,0.00518831761436524,0.328
612,4.69783635589859,0.633837279005879,0.3457
613,2.90585727933327,1.46895663492898,0.3342
614,3.94905759480304,0.023514884055595,0.3299
615,2.80442495265367,0.413199833723777,0.3362
616,5.1728856038226,3.97222473438066,0.3261
617,6.16852850479697,1.0447992988744,0.3391
618,5.60974831818629,0.989132082869708,0.3362
619,5.79928827348458,0.733275019080027,0.3419
620,4.84191544040794,0.352171166279503,0.3267
621,4.15031357864757,1.31194707941601,0.3349
622,2.40150392647653,0.00295830923988388,0.3333
623,1.03690029209085,0.863356370204648,0.325
624,1.73335133083457,0.557115938821032,0.3282
625,0.172522012233937,2.27865810256975,0.3317
626,4.31319811865905,1.63652792534368,0.3339
627,8.25028485412046,0.310147724756062,0.3243
628,5.51052339068831,0.639935753740526,0.3429
629,10.6025699847452,1.44194999190887,0.3402
630,7.80118283130113,1.22724303301473,0.3343
631,2.17196910508796,0.194163072762107,0.3327
632,5.67050587983777,0.365337936615082,0.3429
633,2.27459931719871,0.238825271383981,0.3404
634,6.57906630667617,0.591388326070316,0.3312
635,0.120653838314082,0.362640814897161,0.309
636,5.42033927564016,0.00335234085249491,0.3366
637,4.4548456966566,0.0907892975204752,0.3314
638,7.98993076505452,0.353229301436136,0.3484
639,0.700407912971801,0.520008636379883,0.3227
640,2.61889934618859,0.355345809143233,0.3298
641,8.09483589840741,0.585521682400576,0.3373
642,3.3128550161652,2.14039576705077,0.328
643,3.11246157973883,0.143195862843223,0.3287
644,4.92586729686279,0.168765807285566,0.3192
645,5.95144047343196,2.4123124067869,0.3388
646,3.89682665504248,0.128977186983386,0.3357
647,3.10393452280297,0.102508602310401,0.3266
648,2.83788829879435,2.61088066397068,0.3244
649,5.08928263082418,0.142377482085017,0.3378
650,5.19824888193465,0.00626194128368885,0.3348
651,1.53008109527708,0.970304747355041,0.3312
652,1.01222253269058,0.990341982984561,0.3262
653,-0.963887268970184,1.12977734003433,0.3185
654,2.9685353344696,0.465348291980869,0.3437
655,5.12889692979973,0.379638880974699,0.3355
656,7.77648906596779,1.8393324126649,0.3286
657,2.99470151510788,0.135954781374359,0.3258
658,6.22733316421242,0.225925974359204,0.3301
659,3.919328798706,0.282962570880775,0.3325
660,4.21116933158808,0.0664883032712545,0.3341
661,4.49291115108041,0.117851291550824,0.3446
662,4.11440693217109,0.803204375327986,0.3327
663,5.74564939850722,0.0416826618771945,0.3384
664,8.22213186950328,0.244266309508114,0.3361
665,2.97705630151009,0.788689079762749,0.3272
666,3.12743702695447,0.0740647080072518,0.3333
667,1.88418855126535,1.28261623114031,0.3214
668,4.5572047491504,0.648443560666137,0.3307
669,6.45636969590389,2.8186366688598,0.3364
670,3.25043055324729,0.258375379641889,0.3306
671,3.15945824140138,0.2991534034073,0.3319
672,3.42049403200996,0.459103138141588,0.3363
673,5.07930529830557,2.03048654623231,0.329
674,6.14126857993871,0.131697531257756,0.3346
675,7.06710799162864,0.135009987832101,0.3383
676,4.40947073324302,0.00848198883479911,0.3436
677,4.14271630257108,0.0730600255874531,0.3329
678,7.89053321507347,0.124941303384139,0.3348
679,5.15844366203217,1.99509419540354,0.3402
680,4.01138857555811,0.315831635647365,0.3301
681,2.89714157591445,0.571298246470038,0.3263
682,5.44166587398278,0.13863277513719,0.3308
683,0.0273011622053323,0.103502238500184,0.3293
684,4.71021218756784,0.708206987383789,0.3369
685,5.23370102966962,0.0316803174647008,0.3486
686,0.573575801213196,5.29554753976531,0.335
687,4.43499544604129,0.289074776929442,0.329
688,4.59018825123021,0.408602612873653,0.3375
689,5.65750800544507,0.138345847788292,0.3388
690,1.70806607076804,1.20745025615207,0.3303
691,6.63646153395961,0.74865084623954,0.3403
692,5.6201085928223,0.396497750789884,0.3371
693,3.0437115401802,2.3932125101347,0.3274
694,2.66376474073093,0.118355032828638,0.3317
695,2.05529000899926,0.240881860919541,0.3271
696,2.91221237723041,0.555968493594399,0.3359
697,4.30410953597287,1.57017017331088,0.3319
698,6.67792197645453,0.000144202579973673,0.3401
699,3.24148392065071,0.443579896889846,0.3345
700,4.28576867449063,1.14161220384209,0.3353
701,6.02355285541124,0.900205039412839,0.3311
702,5.15538706233543,0.141750979294261,0.3378
703,5.05807056138991,0.278599525336759,0.3274
704,4.71310113862238,3.01091409778076,0.3327
705,4.04281413841307,0.109509512764719,0.3357
706,2.81445801505352,0.321956827422385,0.3392
707,3.78998993494229,0.666590830371794,0.3279
708,4.44115160052034,0.410411974156572,0.3319
709,3.34791373946803,0.55335293698298,0.334
710,2.69268197642938,0.0527459890170509,0.3282
711,4.98642883478304,0.266933855622903,0.3321
712,6.04098881530143,0.0680627289318618,0.3368
713,3.3519709052288,0.795911593934292,0.3323
714,4.22597754033035,0.0103420669617295,0.3395
715,7.38979439838598,0.0129716425919216,0.3395
716,2.57764617862189,1.65100740046151,0.3317
717,5.58569207649518,0.0189783508102467,0.3386
718,2.22450075618548,1.10909374094163,0.336
719,7.45605231571369,1.94280989018306,0.3353
720,6.48510891223932,0.504804022458106,0.3374
721,1.21724032461649,0.0150541747295025,0.3253
722,5.30285357504191,0.909184023689413,0.3346
723,2.57105471022125,0.229434351063927,0.3227
724,6.49357280127756,0.316769519484072,0.3357
725,1.82036293852642,0.119171509501332,0.3293
726,3.67452342254295,0.614569220269499,0.338
727,2.55447181328403,0.856886701216978,0.3269
728,3.16464988817145,1.42933001197908,0.3363
729,7.18342808503171,1.14355597784683,0.3337
730,6.35989687853033,0.115017712760008,0.3341
731,3.68021394702595,0.203156812359816,0.3396
732,7.48756570627909,0.855064004897043,0.3405
733,4.08672922829471,0.00377138066996585,0.335
734,7.38339064406354,0.00204343364578983,0.3341
735,5.20484775190588,0.0402606280817662,0.3314
736,1.48813338144033,0.0838236396838284,0.3291
737,6.85924723552422,0.217027563748189,0.3407
738,4.46045752279453,0.296522639884278,0.334
739,4.39584679406996,0.0531940218802056,0.3364
740,3.21860997231297,0.0462199201848368,0.3265
741,2.03918807490301,0.215155829384113,0.3263
742,5.25550867814594,0.00721956056210855,0.3325
743,4.37616628456049,0.199789174851235,0.3331
744,4.32552167310652,0.204637474295584,0.327
745,5.73082181760253,0.728846182933896,0.3439
746,7.66860147752196,0.357545504373607,0.3206
747,3.39499603778312,0.513809879464928,0.3284
748,5.76407909394878,0.1110249916137,0.3298
749,3.52122706739405,0.626990137041225,0.3335
750,2.68334672349199,0.0598163396823275,0.3298
751,2.27933478745165,2.21302833237771,0.3266
752,2.72086623579494,0.959984426800824,0.3362
753,7.23193484326503,1.13818679752811,0.3261
754,5.31642903753549,0.476236834580665,0.3327
755,3.19299890135381,2.03682547604929,0.3279
756,7.27050714810799,0.298070623834742,0.3361
757,1.05769447564804,0.306932641724943,0.3184
758,1.95184344922938,0.356369248802592,0.3345
759,6.11061684939332,1.494339179655,0.3456
760,5.43035276797191,0.0830618185936918,0.3332
761,2.43804380286438,0.303166789980704,0.3251
762,5.55521551676701,0.0390142098907881,0.3384
763,4.54193182318102,0.930905946841941,0.3355
764,2.73292719225163,2.0514171319174,0.3329
765,3.71206508891706,2.58586911996629,0.3286
766,2.0286117614961,1.15672220189262,0.3291
767,6.59743283544201,0.0821605166419795,0.3317
768,6.05744822172124,0.54622500765632,0.3383
769,1.36145860717367,0.726822729578361,0.3268
770,4.69470486455034,0.0989060615016072,0.3376
771,5.57213680064498,0.0682722492429641,0.3472
772,1.14895078662776,0.318757960136609,0.3273
773,3.47868662226844,0.69960811500062,0.3247
774,5.19264533750027,2.08443749581431,0.3258
775,4.20087310852153,0.00955048341139131,0.3275
776,2.35186350085519,0.542573824042211,0.334
777,1.89375454147249,0.562229982190404,0.3315
778,3.38915777707032,1.12363786947518,0.3349
779,6.77785045571383,2.84835719974777,0.344
780,8.79531722060112,0.621494721708129,0.3342
781,2.98762350504494,0.389720079587273,0.3334
782,5.29138985483178,1.16009392875846,0.335
783,3.0897716201023,0.231766655566117,0.3356
784,4.42954154953021,0.132450357455763,0.3315
785,4.55190643428003,1.85222189534357,0.3279
786,5.59229720420424,0.833227460047164,0.3381
787,2.33950031670615,0.145620426086427,0.3292
788,5.6598706513433,1.02785280694142,0.3353
789,5.70459446997723,0.889379361086703,0.3334
790,4.57880477947326,0.864913822179326,0.3372
791,2.7007725132328,2.91742547713187,0.3272
792,4.62352988223798,0.169300105151516,0.3333
793,3.74885230609183,0.0280404818376269,0.3262
794,6.46555779631811,0.775364658500435,0.3359
795,6.00670511154033,0.267608295558098,0.3399
796,4.24838986844597,0.479935977197002,0.3282
797,6.21672896069278,0.598239843409191,0.3405
798,4.8135164945616,0.238497976147587,0.34
799,5.45495866616819,0.536095995341227,0.3397
800,2.41518694381371,0.0724839568591309,0.3309
801,7.7295248530816,0.0851762926596738,0.3386
802,2.5396283807131,0.256341063898857,0.3347
803,1.95894520109118,1.08362551268568,0.3255
804,4.16704238073786,0.00107089848268001,0.3335
805,7.08240407330498,0.411817049692168,0.34
806,2.6460199325961,0.478022930850087,0.3316
807,3.19935115435836,0.401761978232618,0.3386
808,6.9769888547445,0.207417873271,0.3394
809,4.33410555824555,0.192389614259073,0.3356
810,5.14740937763795,1.07303775486306,0.3327
811,3.00454548372546,1.12176673173,0.3338
812,6.22895909468422,0.0146927243715578,0.3324
813,3.68657768205667,1.83982453400703,0.3414
814,6.37687794319505,3.19552334215203,0.3308
815,4.85387299442981,0.946432701165313,0.3353
816,3.78807493354112,4.56114885456803,0.3352
817,5.26308414968074,1.0792685987038,0.3342
818,5.17933211237451,0.0562043617346632,0.3324
819,5.95403684826726,0.15868644370288,0.3344
820,3.81310910895237,1.04772545918963,0.3341
821,4.02190719495699,0.616452783707963,0.3343
822,1.47480837038544,1.05834691257452,0.3189
823,5.08481079155524,0.292955164176658,0.3309
824,3.90516236578789,1.73217801257667,0.328
825,5.09761178781933,0.0380506861181197,0.3309
826,5.71544172110221,0.243505648750065,0.3303
827,4.07143279198047,0.567561681696779,0.3379
828,4.51454000107294,0.247935554846171,0.3357
829,2.49686740753733,0.703171266768021,0.3421
830,7.28038764757859,0.913688993565103,0.3319
831,6.58749243191801,0.671408833115116,0.3411
832,5.94522251403551,0.605069927795021,0.3375
833,4.60066468563797,2.84102791804379,0.3343
834,5.19982960331049,0.222827071046091,0.3432
835,3.93605771066859,0.286313558767082,0.3304
836,4.06900068970002,0.036657981687163,0.3329
837,4.02726688396111,0.0668802073348757,0.3345
838,4.74185677586984,1.67337085301283,0.33
839,3.13524896097707,0.586932568594097,0.3371
840,3.67084180455072,0.0186387508799292,0.3323
841,3.3702705929507,1.32801895360022,0.3401
842,3.43381491400534,0.49787967712284,0.3348
843,3.94124682195856,1.3082129287956,0.333
844,5.53796096306055,0.0473728256949012,0.328
845,4.16548971659172,1.45235070737895,0.3273
846,6.20611155140874,0.393782888412687,0.3433
847,6.95633534203804,0.00745861945809653,0.338
848,4.59553987205098,0.294125024847648,0.3381
849,2.8216910091462,1.70622566075319,0.3362
850,3.56151166326842,0.251386237920311,0.3289
851,7.44486828685769,0.653798538560341,0.335
852,3.40715753431657,0.473521266781969,0.3297
853,6.00106597123354,0.0236868274416535,0.3324
854,1.71767317092952,0.249733902770611,0.3246
855,3.59328924993058,0.239921341918114,0.3338
856,8.53867448485452,2.07958538905881,0.3328
857,4.53064268960739,0.321337022378482,0.3223
858,5.34042788506686,0.67857855683723,0.3353
859,6.78610186704853,0.201033333872594,0.3309
860,3.8500291253684,2.35257465889922,0.328
861,2.4513952989978,0.826953374910831,0.326
862,4.18771075409566,0.0137974126826329,0.3284
863,3.12092932422521,0.216559052883268,0.3434
864,4.56251086418883,0.436929111328574,0.338
865,2.87799338916048,0.000364721830809611,0.3269
866,5.84405844895852,0.254140268477583,0.3405
867,5.83210654233682,0.137185246764327,0.3277
868,3.06216746839555,0.620967125446352,0.3324
869,3.55278621427188,0.179955636808233,0.3392
870,2.94154801726183,0.260754664139982,0.3272
871,3.77079681453495,0.460185207694474,0.3279
872,4.49941536485539,0.174712024499326,0.3361
873,4.34256654698622,0.150295978889506,0.3399
874,4.91045735846392,0.521930046777424,0.329
875,5.1162202808641,0.0703983143383141,0.336
876,4.1987258076728,0.740187306980913,0.3332
877,5.92731366928253,0.191704323878738,0.3411
878,3.65332379890704,3.47669042058633e-05,0.3334
879,4.32242111874749,0.782533420101524,0.3292
880,5.07030330445245,0.385909890619924,0.3304
881,5.31372912191383,4.16645534582371,0.3291
882,6.28828143795194,0.0219712013434601,0.3331
883,3.80488011694242,0.442821502972611,0.3421
884,6.08211788997217,2.30236443500918,0.3319
885,5.59408419638022,2.16759160833142,0.3314
886,4.34537329946714,0.299504360606741,0.3313
887,8.45633070502999,0.0716389362700544,0.3318
888,3.58567245232394,0.367834010276821,0.3258
889,4.23333384201296,1.23782488029341,0.3387
890,6.13045498105593,0.398787708967806,0.3424
891,5.22712815421434,0.0444729052072214,0.3328
892,6.15701860092509,0.196942151918491,0.3382
893,3.43805076428698,0.454757787031437,0.3318
894,6.6061025240816,0.030459074361107,0.3384
895,2.93061724709712,0.00527497248586827,0.3307
896,1.86688793301363,1.09246832384881,0.3258
897,6.8984182890161,0.0259689126434126,0.3393
898,5.70685928211634,0.206568282061674,0.3403
899,2.09773368526359,0.328179181556089,0.3304
900,3.44611651112389,0.120158115789321,0.3271
901,4.99759061347369,0.155526493919366,0.3367
902,4.33329116183314,0.953277161293232,0.3249
903,-2.20584660135013,0.164085665251703,0.3225
904,5.34865528956484,0.899834479044753,0.3257
905,2.21512855395825,1.09652159797517,0.3324
906,3.01438704027497,0.0551159327296329,0.3315
907,3.35830475069799,0.146837012179935,0.329
908,1.93817597198986,0.755683439289768,0.3274
909,6.81053847489045,0.139425433099048,0.3335
910,3.84022966164581,0.370964992801441,0.3367
911,5.14828767575555,0.0565996735123346,0.3429
912,3.73608594246396,0.167483890014727,0.3346
913,5.42823576090127,2.06790802594749,0.338
914,4.84456121791602,0.0042456155654645,0.3303
915,2.78223520438607,0.189337011302598,0.3319
916,2.89025540248775,0.03189149103641,0.3361
917,0.800081459899465,0.528156689468234,0.3273
918,3.21623244399397,0.134497791788661,0.3281
919,4.29664678244156,0.187905731289786,0.3327
920,6.33217739335952,0.423660970182278,0.3423
921,6.16824523777786,0.224917326512865,0.3303
922,5.98233587758661,0.745238384291914,0.3301
923,4.13490651218222,0.0105500233415488,0.3328
924,5.39910562379084,0.0288049492529854,0.3329
925,8.5169773225212,0.0227608018054358,0.3373
926,8.01941030194831,1.94120268121999,0.3414
927,4.93882349431285,1.40733250862361,0.3394
928,5.53216731105603,0.201980648114286,0.3329
929,4.67153816927981,0.568548881029718,0.3375
930,1.57279266386756,0.279565153569103,0.3335
931,5.55214623542408,0.375133229695414,0.3379
932,0.497550080581366,0.112281037044599,0.3336
933,8.96885933098034,1.06368397900969,0.3302
934,2.58853300086004,0.732274920761612,0.3355
935,3.88553213500771,0.0894771048158348,0.3437
936,5.52235084631818,1.15239969432504,0.3297
937,7.61090360805299,0.20015765530616,0.3396
938,2.58171422906215,2.63875443797543,0.3334
939,0.349174006586439,3.62876533420127,0.3271
940,0.514982417637682,0.631948041968046,0.3268
941,4.42247346308049,0.329561895041809,0.329
942,2.18531419398326,2.46604334134239,0.3348
943,4.97137910400564,0.342385815145281,0.3306
944,5.24366705249224,2.70737498052726,0.3405
945,5.48104370141052,0.679161342640269,0.3337
946,7.02362816882589,0.148390825671172,0.3393
947,5.37845449662675,0.336401397910082,0.3357
948,3.33345920564378,0.967630582157171,0.3288
949,2.1125608629154,0.0778755376971137,0.3271
950,5.07514063877676,1.25541821716667,0.3263
951,3.1848779197891,0.0997914150880907,0.3401
952,1.90785999471125,0.0643144691956734,0.3306
953,1.79905464538458,0.594620018298635,0.3302
954,4.47266822118114,0.982361855759832,0.3323
955,6.44792377865745,3.49959823301169,0.335
956,1.77763661435669,0.000755923761118191,0.3296
957,5.71908107832553,1.6278080463306,0.3391
958,4.06135877522669,0.766146674355317,0.3356
959,3.65212534427047,0.692339853900992,0.3349
960,4.0014721158204,0.0653645039974712,0.3245
961,3.30549194726206,0.0191760772010524,0.3288
962,6.07458510289601,0.334276468640852,0.3287
963,6.25913042729655,0.530404522323874,0.3353
964,8.35615536172531,0.245784669439352,0.3408
965,4.73071925639604,0.123781661092913,0.3287
966,3.84555239307829,0.816583117726795,0.3278
967,3.18146232928971,0.894679487138103,0.3318
968,2.14415493290538,0.419773533889307,0.3308
969,2.36198611225963,0.0435918043475603,0.3317
970,6.87705624292824,0.381958337088273,0.3359
971,5.87389871446923,0.921953782080987,0.3347
972,5.2398146049232,1.50495852727425,0.3321
973,-0.0293101383834973,0.593010094196477,0.3249
974,8.28836312985069,1.08843735443181,0.3401
975,3.56554470002034,0.646473659414079,0.3295
976,3.83588512630044,0.171998804424256,0.3416
977,5.78058411287987,0.110241690348437,0.3332
978,2.87094684982937,1.62233709829156,0.3354
979,3.05748453552875,0.635092868767977,0.3307
980,1.6352119359395,3.16264583645082,0.3199
981,3.28215015457658,0.153735311609536,0.331
982,6.2928348075444,0.480131139756026,0.3376
983,4.21933421399691,0.85993244041536,0.3405
984,3.03194325880306,3.82135893691549,0.3228
985,3.98240423833155,0.0177057084717236,0.3343
986,6.13467423183727,1.75706175406396,0.3377
987,3.8721477288378,0.0977607795318387,0.3352
988,7.0130396963962,2.96564634766965,0.3355
989,7.82818476465524,0.661092888363578,0.3291
990,4.95279436323078,0.424417516726052,0.3429
991,3.41668271266028,4.70349425924997,0.3196
992,6.66785066010219,0.752146596308293,0.3288
993,4.46776791816642,1.74220149279108,0.3406
994,5.54500568544576,0.0858381515155832,0.3307
995,7.20088714705128,1.86781155781267,0.331
996,4.09143081862687,1.1474971368045,0.3227
997,5.47093982298609,0.347684672256264,0.3484
998,6.30339008013175,1.01098193655981,0.3303
999,6.41741426950717,0.761001964079954,0.3342
1000,6.98579288015509,0.108680462112056,0.3414
