"Lot","mumax","var_mumax_CRR"
1,3.29305571457774,0.3315
2,3.95453259673625,0.3308
3,1.20287002898414,0.3364
4,2.60790446766002,0.3395
5,2.40559687221139,0.3368
6,2.97033943993996,0.3335
7,1.66262141327034,0.3266
8,2.26372841431867,0.3396
9,2.27281747699644,0.3374
10,3.32598774680415,0.334
11,2.88986518803501,0.3365
12,3.59579133338781,0.3366
13,6.01210553224889,0.3395
14,4.48833610561373,0.3261
15,3.57188650439045,0.3395
16,2.27678448511399,0.3353
17,4.14205626393906,0.323
18,1.32021604258389,0.3331
19,4.94961838876353,0.3363
20,1.98433919911393,0.3317
21,3.89343230036834,0.3347
22,4.24217805535599,0.3389
23,2.15870761729841,0.3318
24,4.62449608033786,0.3316
25,2.58393839950152,0.3377
26,0.814943992140781,0.3279
27,3.56077118877502,0.3315
28,2.00229006353329,0.3282
29,2.51843039273859,0.3345
30,4.28049689951724,0.3377
31,4.10219709192882,0.3321
32,3.98924034337308,0.3369
33,2.94638744031331,0.3361
34,3.34903434793949,0.3332
35,3.2333240304301,0.3323
36,3.28487232748903,0.3378
37,0.937082811489238,0.3352
38,2.08251414943376,0.3396
39,1.14924654985781,0.336
40,2.13369962101638,0.3418
41,2.28421780292375,0.3335
42,4.32970821698793,0.3366
43,3.64459862205111,0.328
44,2.78734534365264,0.3364
45,0.315379453854514,0.3189
46,3.14196513714201,0.3331
47,3.21083576548679,0.3349
48,1.46140479079005,0.3297
49,5.0937770279928,0.3309
50,2.91271665497869,0.3338
51,4.26805239224821,0.3387
52,2.92185496548386,0.3293
53,4.05821713249175,0.3281
54,2.02753324081176,0.3288
55,1.8610425321767,0.3351
56,0.396742377409926,0.3282
57,3.85517684050599,0.3321
58,3.73695259178227,0.3328
59,3.17908611244338,0.3402
60,4.50177107131776,0.3421
61,1.60338988117955,0.3243
62,2.38249936363697,0.329
63,3.68952287595694,0.3404
64,3.4396060339171,0.3331
65,0.980272106764437,0.3212
66,1.23648614420784,0.3283
67,2.06772470633133,0.3372
68,1.72530404827756,0.3363
69,3.48751924096548,0.343
70,2.30691929835291,0.3405
71,2.46917620115391,0.3377
72,1.26315851849195,0.3276
73,3.47757309983709,0.3337
74,3.16872793416588,0.3219
75,2.01621687272766,0.3256
76,3.10400521895757,0.3311
77,4.26008486905293,0.3356
78,4.22018596371608,0.3336
79,3.36231209378019,0.3359
80,3.27271143723154,0.3375
81,3.63199709142858,0.3366
82,3.22802989925203,0.3348
83,1.81352013922263,0.3348
84,3.61694893828603,0.3376
85,4.96569938150819,0.3336
86,5.83681630622912,0.3434
87,1.88835538950524,0.3279
88,2.96764601201296,0.3323
89,2.53131120096339,0.3302
90,3.78615557973817,0.3345
91,3.54384686510568,0.3292
92,4.55322322469107,0.3323
93,3.08429705776867,0.3382
94,3.67113702219217,0.3344
95,1.99083800854002,0.327
96,4.42822172004735,0.3307
97,3.88366445196716,0.3376
98,4.6184994081421,0.3262
99,4.04836415669435,0.3338
100,3.03297990309516,0.3372
101,4.80964532410336,0.336
102,2.47385981198622,0.3361
103,2.37151857430872,0.3314
104,2.46961286510937,0.3296
105,1.4097992988732,0.3352
106,3.95130555837007,0.3362
107,4.15099993164524,0.3261
108,2.57451571201166,0.3372
109,1.54186627873062,0.3364
110,2.83031746855137,0.3408
111,1.87985684429877,0.3333
112,2.39208934444716,0.3351
113,2.87066395761169,0.3383
114,1.73342470997441,0.3318
115,3.21790159543498,0.3406
116,1.44748150284278,0.3354
117,1.75884422012118,0.3336
118,1.09456664316242,0.335
119,4.21099409110788,0.3379
120,4.18054510946536,0.3315
121,3.05344597384792,0.34
122,3.77093080429474,0.3356
123,3.79282405471717,0.3391
124,3.49157636099037,0.3386
125,1.76334181144119,0.3357
126,1.84982866835552,0.3359
127,1.54678157422455,0.3305
128,3.56544554817137,0.3362
129,3.06528621467838,0.3366
130,1.23017400438344,0.3296
131,2.50852155191878,0.3346
132,1.80935863292613,0.3399
133,3.93565158655454,0.3326
134,4.38356363306256,0.3376
135,2.59200038341011,0.3338
136,3.1385281679896,0.3364
137,4.72530519262161,0.34
138,3.13096486194048,0.332
139,1.9636590965245,0.3445
140,4.00245148551268,0.3371
141,2.82226746130992,0.3315
142,2.491581644003,0.3447
143,1.35035989247005,0.3298
144,2.55825936503649,0.3399
145,0.359588312971427,0.3326
146,3.27691958088792,0.3325
147,2.97889166601159,0.3349
148,2.23373158299762,0.3407
149,2.75064891916295,0.334
150,3.05547548146188,0.3232
151,1.50135752617827,0.3252
152,3.50572656816826,0.3262
153,1.36646846978933,0.3378
154,2.86650505125295,0.3289
155,3.45913310809132,0.3343
156,1.95587125292423,0.3353
157,4.17009465859313,0.3358
158,5.35138592219144,0.33
159,2.67476190417009,0.3292
160,3.12697585958426,0.3357
161,2.15445718992985,0.3377
162,2.4596032589574,0.3285
163,1.35757473296666,0.3312
164,4.28483747322044,0.3342
165,3.65260496855442,0.3293
166,2.29617867571324,0.3421
167,0.960051209798567,0.331
168,1.33049018075412,0.3234
169,2.6567727881711,0.3392
170,2.4946843039473,0.3465
171,3.26150848295661,0.3323
172,1.61734989429222,0.3306
173,1.3101984411892,0.3344
174,4.64007896050599,0.3331
175,3.12409865772815,0.3398
176,2.9932901939579,0.3339
177,2.06331901661391,0.3315
178,2.53397484220072,0.3355
179,0.954653762608127,0.328
180,3.01064390585469,0.3381
181,3.32116106356057,0.34
182,3.80031484000275,0.3296
183,2.8989310097566,0.3356
184,2.28299607479959,0.338
185,1.55991691220932,0.3252
186,4.92571604742291,0.3452
187,1.16113446423206,0.3294
188,1.96735837709967,0.3274
189,1.78366731760491,0.3262
190,4.8634956928468,0.3329
191,2.44667603075167,0.33
192,4.66325267128818,0.336
193,4.83895242776035,0.345
194,3.12906815743254,0.3361
195,2.19342820503148,0.3235
196,1.94753095687106,0.3418
197,3.06822798709054,0.3359
198,3.7996924337259,0.3386
199,3.6666620735025,0.3349
200,3.63545626614726,0.3383
201,3.11943674035378,0.3351
202,3.39047822523309,0.3326
203,3.07077746450337,0.3332
204,1.65402793154658,0.3328
205,4.71416255390269,0.335
206,3.600976421874,0.3333
207,1.67866265685037,0.3329
208,1.97394497946844,0.3316
209,2.75236368120397,0.3383
210,3.19252574331039,0.3312
211,3.08197734034019,0.3366
212,2.24379381659297,0.3294
213,4.83332004172167,0.3371
214,3.24964584598325,0.3392
215,4.09102493249908,0.3308
216,1.36971347079932,0.3328
217,1.04252446697866,0.3344
218,2.80836907595434,0.3311
219,1.94323068173135,0.331
220,2.54793575885377,0.3321
221,3.42711761421883,0.342
222,2.47763448458324,0.3343
223,4.29294191894876,0.332
224,2.55175652624947,0.3299
225,2.02149936316186,0.3397
226,4.03333136156484,0.332
227,2.14924678902888,0.3319
228,2.93592616676213,0.3393
229,3.03898658611027,0.3355
230,3.10705010341853,0.3401
231,3.24558745345238,0.3303
232,1.20651290755224,0.3354
233,1.14184697330075,0.3408
234,2.51467475830887,0.3372
235,1.91582752588938,0.3254
236,1.791434712438,0.3274
237,3.90082809633866,0.3313
238,3.2954344130986,0.34
239,2.89686618487729,0.331
240,4.37344489775033,0.3308
241,2.62094240129637,0.3346
242,3.71747254567415,0.3344
243,4.77264862648877,0.3348
244,3.37001517704256,0.3353
245,2.68552312716453,0.3328
246,3.20021744858533,0.3368
247,0.867874723667029,0.3368
248,3.54836119210005,0.3323
249,2.6403086088959,0.3362
250,2.9019957730869,0.3283
251,5.90936190010192,0.3375
252,2.58781001687276,0.3367
253,4.52580811150427,0.3362
254,2.41762170866726,0.333
255,2.37489135605287,0.3333
256,4.73633097941389,0.3342
257,3.72920716937432,0.3402
258,4.17369843967902,0.3383
259,1.71321762651316,0.324
260,2.83458673270217,0.334
261,4.34058172233605,0.335
262,1.58234985225783,0.3376
263,3.39753994169901,0.3322
264,0.225304211715763,0.3206
265,3.66523711222779,0.3331
266,2.44008236910975,0.3396
267,2.76755992695943,0.3345
268,3.33112680428419,0.3429
269,1.17283162768125,0.3251
270,1.42023889118101,0.3273
271,2.66678237900979,0.3331
272,2.24560010519498,0.3306
273,5.03321140263293,0.3399
274,3.98753440915155,0.331
275,1.83152336643871,0.3382
276,1.13228690316516,0.3362
277,1.29205645664253,0.3284
278,4.13921477365343,0.3426
279,3.07900314182896,0.3343
280,2.29549703522669,0.3331
281,1.43440349788018,0.3306
282,2.19679217898005,0.3277
283,2.4320335626797,0.3395
284,5.50117653010407,0.332
285,2.70846470124775,0.3252
286,2.70893534757206,0.3293
287,3.4321141590165,0.3328
288,2.37529755648298,0.342
289,2.75999065305523,0.3312
290,3.63954428483127,0.3417
291,1.61380410055267,0.3364
292,3.11498155939276,0.3363
293,1.71482761902153,0.3264
294,3.04268777383761,0.3376
295,3.44519890120908,0.3327
296,0.67939424951911,0.328
297,3.20744683591509,0.3275
298,2.89354068981365,0.3306
299,3.70755008983475,0.3371
300,3.41865137324707,0.3356
301,2.39497790066643,0.3311
302,3.45552907335924,0.3366
303,2.56311086663835,0.3394
304,1.03427311943829,0.3285
305,3.55664905187383,0.3326
306,2.85093867952486,0.3306
307,2.46123844947064,0.331
308,2.84195128259523,0.3321
309,1.9796210562011,0.3328
310,4.38165129736651,0.3378
311,4.48216192436011,0.3396
312,2.7168347375579,0.3371
313,2.98548698115748,0.3389
314,2.16854079517819,0.3303
315,3.41207527546649,0.3291
316,3.04941086034254,0.3432
317,5.44063264679405,0.333
318,2.34332004071617,0.3307
319,3.21941257190803,0.3348
320,3.77939681463281,0.3266
321,2.99771185475455,0.3281
322,4.56646446839812,0.3312
323,2.02919051963457,0.3329
324,1.88583981504637,0.3238
325,2.74451301949777,0.3337
326,0.991657214792367,0.3305
327,3.90576848507311,0.3404
328,2.31975657127742,0.3321
329,3.76055691478309,0.3355
330,3.74067431942836,0.3352
331,4.12126277776454,0.3396
332,0.621037404120208,0.3268
333,3.59168038932192,0.3404
334,3.25539953445423,0.3334
335,2.7191200451109,0.3263
336,3.83078224433214,0.3338
337,3.74429350630933,0.3373
338,3.27516245613714,0.3329
339,1.68377916955402,0.3391
340,2.42370476117931,0.3307
341,2.72103374085703,0.3355
342,4.75629303618604,0.3298
343,3.15627254672231,0.3317
344,1.10899288793126,0.3327
345,3.87592565310326,0.3326
346,3.73594679140285,0.3329
347,2.26244416568073,0.331
348,1.89996213677386,0.3349
349,0.70626772975738,0.3281
350,4.36039382955248,0.3355
351,2.61209275096082,0.3301
352,2.75822253513507,0.333
353,2.95798286389973,0.3365
354,1.77431593361075,0.3352
355,3.82609514008688,0.3387
356,2.38092215719013,0.3343
357,2.5538176430753,0.3318
358,3.86555461106967,0.331
359,5.10636483122684,0.34
360,2.3994630903232,0.3338
361,1.05709314253579,0.3231
362,4.75176296968616,0.3378
363,3.15053659134863,0.3374
364,0.640939115926212,0.3363
365,1.67620569282004,0.3332
366,6.28616995921647,0.3356
367,3.01654562557093,0.3332
368,2.85637576023322,0.3376
369,3.7114342181017,0.33
370,1.99419665306632,0.3308
371,3.2693153076143,0.3363
372,4.22946119450159,0.3414
373,2.64831943268369,0.3356
374,2.25766334840487,0.3354
375,3.33603433334842,0.3288
376,4.03025034676842,0.3374
377,0.906409265856742,0.3296
378,4.50578302274027,0.3358
379,4.24921232428402,0.3386
380,2.48181562835613,0.3336
381,2.30167044449913,0.333
382,4.16515767907423,0.3375
383,1.80255168085107,0.3319
384,2.11191272338085,0.3365
385,2.07391348898596,0.3318
386,2.98140519220042,0.3335
387,3.47413922506886,0.3389
388,3.76831360280807,0.3303
389,2.2295742405584,0.325
390,3.20434192972777,0.33
391,3.37485173426112,0.3402
392,0.453699415369488,0.3211
393,1.70813247692705,0.3326
394,2.32515749220237,0.3354
395,3.07371754431048,0.3385
396,4.14877013181859,0.3326
397,4.61168936443009,0.3434
398,2.17936942818242,0.3247
399,2.46456292871716,0.3382
400,4.15914798966623,0.335
401,3.16196939652801,0.3484
402,1.82965264990557,0.3297
403,3.5023626618268,0.3415
404,2.41836893328253,0.3415
405,1.57635923216364,0.3363
406,2.54514500695689,0.3412
407,3.75205113254333,0.3301
408,1.34171872115466,0.3342
409,5.23950674487487,0.33
410,2.12273349167962,0.3431
411,2.42657649984245,0.3371
412,2.16174284786362,0.331
413,0.877797736531714,0.3354
414,5.74840609292916,0.3309
415,2.7778023218004,0.3343
416,3.27962155087784,0.3406
417,1.08099510341024,0.3287
418,3.0949577124258,0.3297
419,2.03346966091426,0.3407
420,4.08452903686735,0.3398
421,1.92527638056498,0.333
422,3.14593988542959,0.3317
423,2.08858476592197,0.3336
424,3.06315603988003,0.3317
425,2.67097844334027,0.3326
426,2.57218912036547,0.3399
427,4.39304654333749,0.3375
428,2.45585883145834,0.3332
429,2.98960385335656,0.3343
430,3.53492279962815,0.3303
431,4.40636079839118,0.3334
432,2.09947621959707,0.3397
433,2.44367367547823,0.3339
434,3.53832841043894,0.3326
435,3.29776985040602,0.331
436,3.39293719409922,0.3401
437,1.59010280130571,0.33
438,2.69941185240942,0.3348
439,4.25701909993452,0.3372
440,3.11007811764176,0.3333
441,3.19755138206491,0.3347
442,3.20197749523902,0.3237
443,0.839306409771203,0.3358
444,3.23711680441748,0.3341
445,2.69096357307614,0.3393
446,2.79975272708645,0.332
447,5.18739611324967,0.3297
448,0.142317755688122,0.3239
449,3.13993386520196,0.3363
450,3.48066574551474,0.3308
451,0.793772979219272,0.334
452,3.86697683330309,0.338
453,4.32472169210702,0.3319
454,2.24889981972877,0.336
455,3.62144635105411,0.3374
456,3.30416873304556,0.3333
457,2.53905464353827,0.3301
458,3.08825680345646,0.3322
459,3.04523482197081,0.3408
460,2.79396246660292,0.3337
461,2.64644318765531,0.3331
462,3.28813561422968,0.3437
463,3.79151773798239,0.3328
464,4.44871919547581,0.333
465,1.52942568206357,0.3281
466,4.06987411412096,0.3291
467,5.64969627321436,0.3419
468,2.19927479883922,0.3413
469,2.83918684835833,0.3337
470,0.759271496905306,0.3228
471,4.33652085665128,0.3445
472,2.94849142910396,0.336
473,3.99259736036565,0.3383
474,5.04691093936444,0.3303
475,2.60541903133429,0.3282
476,2.51314467168549,0.3404
477,1.19371673086305,0.335
478,3.76535790405824,0.3403
479,2.92669049524661,0.3408
480,1.21943417505692,0.3352
481,1.72084546379953,0.327
482,2.40098352318463,0.3309
483,3.83053147455445,0.3344
484,2.78996581258393,0.3273
485,2.62666125908025,0.3368
486,2.33442029414424,0.334
487,3.62942368036446,0.3434
488,3.46583720814487,0.3419
489,2.32830746299456,0.342
490,3.55201825601044,0.3298
491,4.59736823342226,0.3384
492,3.02483497325676,0.336
493,1.69076218582958,0.3342
494,3.22355586229028,0.3294
495,3.84010977103288,0.3401
496,1.6260944248121,0.336
497,2.66344720988048,0.3364
498,2.63746183595444,0.3349
499,1.39946353712994,0.3306
500,4.49475623520716,0.3342
501,2.91520336074825,0.3318
502,1.83806730254762,0.3375
503,2.84884939081684,0.3373
504,3.5081214131248,0.3424
505,1.80840441131817,0.3357
506,3.01996770408695,0.3359
507,2.48053614035284,0.3356
508,1.91256186276598,0.3369
509,3.51958032751355,0.3258
510,3.42829199120316,0.3403
511,2.73587210798101,0.3339
512,1.97024373602982,0.3329
513,2.73173269575002,0.3442
514,4.09663591746449,0.3386
515,1.26760432541856,0.3231
516,1.126905676216,0.325
517,4.45860528291919,0.3362
518,2.84449149247553,0.3376
519,3.78400998879891,0.344
520,2.96631962956271,0.3343
521,3.33860763791051,0.3342
522,2.81283370386358,0.3308
523,4.07152299355804,0.3354
524,2.52301814699992,0.3322
525,3.17031868585223,0.3316
526,4.79341709068337,0.3356
527,3.80909489084028,0.3367
528,2.63019253756266,0.3371
529,1.74903319655865,0.3309
530,4.52014278709165,0.3397
531,3.48244352257408,0.3408
532,0.916477314232761,0.3328
533,2.13871827517287,0.3346
534,3.18609912572901,0.3348
535,3.14798384679008,0.3294
536,3.84256443011272,0.3358
537,2.12520404241797,0.3282
538,2.34817928923436,0.3315
539,4.04590539172155,0.3288
540,4.07807556074459,0.336
541,2.82712520630228,0.332
542,4.0268588883788,0.3359
543,2.68317534145223,0.3296
544,3.90698757764462,0.3314
545,1.525131889398,0.3323
546,1.29071794120731,0.3345
547,5.59434108141163,0.3348
548,1.92946413852232,0.3346
549,0.276112474563077,0.3284
550,3.16426108703011,0.3408
551,2.74742082765986,0.3306
552,2.35838369207828,0.3421
553,1.49313652726086,0.3358
554,3.91835137415045,0.3388
555,1.8182082428389,0.3352
556,2.40841133583134,0.3397
557,4.98384657093317,0.3322
558,0.52661348570864,0.3233
559,3.00239040301093,0.3381
560,4.67796984970025,0.3312
561,4.20682239147092,0.3334
562,2.21253498842691,0.3323
563,3.65898609712544,0.3332
564,3.34588373644759,0.3371
565,4.30771958689411,0.3448
566,3.05813293678046,0.3384
567,2.39010231849453,0.3378
568,2.84758635057088,0.3274
569,2.92967727259581,0.3389
570,1.7541098445455,0.3359
571,3.13375464311487,0.3356
572,3.69445403775386,0.3357
573,3.72345877254384,0.3376
574,2.67629274259844,0.3358
575,3.49395919396845,0.3378
576,3.52752032788958,0.3396
577,3.70368639090511,0.3335
578,2.90992404009405,0.3335
579,2.90745307413053,0.3368
580,3.96592282144383,0.3341
581,2.69746873376233,0.3393
582,2.52811685123522,0.3252
583,3.95855654670937,0.336
584,1.45550594636118,0.3319
585,4.27418633603922,0.3399
586,3.28416378870509,0.3394
587,1.53679271780772,0.333
588,2.41354512643862,0.3388
589,2.58217484315295,0.3411
590,2.76396366025132,0.3394
591,2.04643450520599,0.3288
592,3.19420310156526,0.3272
593,2.08730026459452,0.3391
594,4.00935197573852,0.3358
595,2.20850181039565,0.3385
596,2.61765275924333,0.337
597,1.84223065562712,0.3308
598,3.25834319868813,0.3366
599,3.45783078131756,0.3417
600,4.57912877105553,0.3456
601,3.15370347144731,0.3276
602,5.39489771391339,0.3348
603,2.66468766512516,0.3326
604,2.77873358455978,0.333
605,1.65219884537433,0.3267
606,1.63459865689754,0.3314
607,2.26739865946691,0.3358
608,3.4245821484162,0.3389
609,3.18713920961448,0.349
610,1.90217649609594,0.3272
611,3.24274858483613,0.3274
612,3.09389830145474,0.3468
613,2.05581907297979,0.3368
614,2.66017145048361,0.3309
615,1.99783975111539,0.3365
616,3.36691378729656,0.3289
617,3.94458368623639,0.3392
618,3.6179188814963,0.3362
619,3.73249964313781,0.3417
620,3.17532905178672,0.3266
621,2.77400678713999,0.336
622,1.76914352862205,0.3351
623,1.00622719759769,0.3272
624,1.39141395519107,0.33
625,0.599851382588212,0.335
626,2.86749047133464,0.3345
627,5.15232706616372,0.3237
628,3.56150214846643,0.3432
629,6.80307052003595,0.3402
630,4.89994293031189,0.333
631,1.63732300791263,0.3346
632,3.65760275891961,0.3428
633,1.69563121838786,0.3418
634,4.18170371301616,0.3314
635,0.563526542342056,0.3129
636,3.51100641380037,0.337
637,2.95094749387648,0.3323
638,5.00119453649427,0.3482
639,0.828672098371637,0.3261
640,1.89546253763198,0.3308
641,5.07539571328264,0.3371
642,2.29270225473494,0.3298
643,2.1750175643624,0.3294
644,3.22495776476699,0.3192
645,3.81853768728898,0.3399
646,2.62773990614384,0.3357
647,2.1726165228087,0.3283
648,2.01683599533205,0.3276
649,3.3189825183065,0.3382
650,3.38243583680306,0.3347
651,1.282472969384,0.3355
652,0.998548863680828,0.3303
653,0.154510047107501,0.3173
654,2.09504881002113,0.3446
655,3.34176164250036,0.3355
656,4.88802087777731,0.3286
657,2.10665402707594,0.3272
658,3.976623733363,0.3305
659,2.64338528477719,0.3334
660,2.81003996654716,0.3343
661,2.97311052292166,0.3453
662,2.7559895222583,0.3341
663,3.69795310842159,0.3387
664,5.13288950573417,0.3356
665,2.09543881015418,0.3282
666,2.18398400852126,0.3336
667,1.4763543393939,0.3239
668,3.0092627683643,0.3314
669,4.1122633279113,0.3363
670,2.25600773183421,0.3308
671,2.20152803673164,0.3334
672,2.35514218636377,0.3367
673,3.31187576017698,0.3298
674,3.93005846279727,0.3349
675,4.46740441920697,0.3382
676,2.92236245786502,0.3441
677,2.77160317710605,0.333
678,4.94365231571289,0.3345
679,3.36004264712505,0.3408
680,2.69232809339351,0.3313
681,2.05383620808034,0.3272
682,3.52292301382368,0.3302
683,0.507005828770408,0.3312
684,3.09681581619377,0.337
685,3.40097445787632,0.3483
686,0.769477264078441,0.3386
687,2.93909468650521,0.3288
688,3.02925120498597,0.3373
689,3.64740845118413,0.3388
690,1.38291483278412,0.3336
691,4.21732986882648,0.3406
692,3.62710250070518,0.3372
693,2.1352465995809,0.3292
694,1.91851489809699,0.3342
695,1.56962374978033,0.3278
696,2.05892578729555,0.3369
697,2.86275240632699,0.3329
698,4.23800389638299,0.3397
699,2.25188679304178,0.3346
700,2.85550768368509,0.3361
701,3.85984848424995,0.3308
702,3.35834028072355,0.3374
703,3.30192557165323,0.3273
704,3.10151870813579,0.3335
705,2.71253729488128,0.3368
706,2.0080891046142,0.3415
707,2.56710669729727,0.329
708,2.9438129228226,0.3326
709,2.31086852123142,0.3361
710,1.93434521779633,0.3287
711,3.26132577525117,0.3324
712,3.87049329698741,0.3359
713,2.3146857785211,0.333
714,2.81841181640672,0.339
715,4.65290995757947,0.3394
716,1.8684011066607,0.3353
717,3.60524825920673,0.3381
718,1.67231926759143,0.3384
719,4.69440411028524,0.3351
720,4.12901294550473,0.3377
721,1.10090576024968,0.3273
722,3.44280851249234,0.3346
723,1.8643208115844,0.324
724,4.13108159978032,0.3356
725,1.44503356930608,0.3305
726,2.50121247694803,0.3399
727,1.85577823080478,0.3297
728,2.20428041823912,0.3378
729,4.53712584719753,0.3337
730,4.05432172303585,0.3342
731,2.50405527291407,0.3404
732,4.70759588110544,0.3405
733,2.73732318702103,0.336
734,4.64423751722849,0.3347
735,3.38622223079337,0.3316
736,1.25396411772472,0.3318
737,4.35046027817939,0.3409
738,2.953658748554,0.3342
739,2.91807130787202,0.3372
740,2.23916165843705,0.3279
741,1.56448661290014,0.3279
742,3.41524253434502,0.3318
743,2.9035278893075,0.3329
744,2.87644453669118,0.3273
745,3.69081933886554,0.344
746,4.81779291650555,0.3203
747,2.33956350517976,0.3297
748,3.71075925090507,0.33
749,2.41080048022706,0.3353
750,1.9316190703316,0.3316
751,1.70296588390776,0.3311
752,1.95371353532251,0.3373
753,4.55847200808689,0.3251
754,3.44977888462677,0.3328
755,2.22324622997967,0.3312
756,4.58634281374797,0.3359
757,1.02756550951766,0.321
758,1.51073027441818,0.3355
759,3.91497457992463,0.3456
760,3.51869287533528,0.3334
761,1.79012382919091,0.3272
762,3.5878546272947,0.3382
763,3.00053207354622,0.337
764,1.96093857167329,0.3348
765,2.5216608960526,0.3316
766,1.55249081150468,0.3318
767,4.19647323204229,0.332
768,3.88140176218217,0.3382
769,1.18381194954156,0.3284
770,3.08971961471223,0.3374
771,3.60004676972624,0.3469
772,1.07235191480713,0.331
773,2.38677417894054,0.3252
774,3.37943327925928,0.3271
775,2.80612886300063,0.3269
776,1.74223713176609,0.3353
777,1.48318699834703,0.3338
778,2.33495235083467,0.3362
779,4.29752432472246,0.3445
780,5.45587135957793,0.334
781,2.1041014088661,0.3336
782,3.4348329320475,0.3352
783,2.16260597822783,0.3366
784,2.93752012872174,0.3318
785,3.00577241507211,0.3291
786,3.60844512004863,0.338
787,1.73429442455327,0.3305
788,3.65071832391739,0.3356
789,3.67398896823869,0.3345
790,3.02246089354349,0.3377
791,1.93879035591511,0.3316
792,3.0483444711659,0.3336
793,2.54076435800798,0.3262
794,4.11888207034941,0.3355
795,3.85065511254551,0.34
796,2.83257250588625,0.3292
797,3.97244960400185,0.3404
798,3.16119040309131,0.3399
799,3.53053532381742,0.3394
800,1.77938135854109,0.3336
801,4.8490399659863,0.3381
802,1.84657847797605,0.3357
803,1.51646300597005,0.3277
804,2.78601873356867,0.3343
805,4.47130344203682,0.3405
806,1.90630492044047,0.3333
807,2.22476692910896,0.3404
808,4.4142792538628,0.3395
809,2.88320947991696,0.3355
810,3.35133784386196,0.3328
811,2.11338294651332,0.3354
812,3.98078455632891,0.3325
813,2.50765267566829,0.3419
814,4.06294357152133,0.3315
815,3.18255844622101,0.3356
816,2.56444982631166,0.3372
817,3.41913694706015,0.3344
818,3.37143727796662,0.333
819,3.82106865140836,0.3347
820,2.57890895650753,0.3341
821,2.70183214554833,0.335
822,1.24365939693802,0.3215
823,3.31553409754159,0.3309
824,2.63375575939141,0.3286
825,3.3238117186462,0.3309
826,3.67980382442677,0.3301
827,2.729252338855,0.3382
828,2.98824781866047,0.3359
829,1.82334476048149,0.3435
830,4.592767142253,0.3322
831,4.18759049984667,0.3401
832,3.81420180072164,0.3371
833,3.03697086068236,0.3369
834,3.38436389116422,0.3432
835,2.64979843113477,0.3306
836,2.72799971139907,0.3329
837,2.70416891592665,0.3352
838,3.11665553228721,0.3303
839,2.18872296123343,0.3384
840,2.49660276323244,0.3322
841,2.32274743556759,0.3404
842,2.36146952513139,0.3353
843,2.65466296779885,0.3342
844,3.57926248151784,0.3278
845,2.78405122950172,0.3283
846,3.96736371670866,0.3425
847,4.39777562445211,0.3384
848,3.03033222815905,0.3381
849,2.01019576863403,0.3384
850,2.43505702340968,0.3302
851,4.68346748596087,0.3346
852,2.34427850459296,0.3307
853,3.84653749014614,0.3329
854,1.38521099154273,0.3262
855,2.45370077270708,0.3338
856,5.32501849774455,0.3327
857,2.994072333336,0.3225
858,3.4631617501163,0.3355
859,4.30368223276366,0.3308
860,2.60154840307751,0.3297
861,1.79581243244064,0.328
862,2.79597344853979,0.3288
863,2.18313910630923,0.3438
864,3.01598266449964,0.3377
865,2.04196339351722,0.3276
866,3.75568730178599,0.3405
867,3.75029768369631,0.3275
868,2.14588128886161,0.3334
869,2.42825290522943,0.3409
870,2.07987148568923,0.3277
871,2.55666394066141,0.3289
872,2.97501288674963,0.3363
873,2.88493474930639,0.3407
874,3.21492596816899,0.3289
875,3.33287618472217,0.3359
876,2.80089311143253,0.3334
877,3.80576090527561,0.3407
878,2.4898493398906,0.3341
879,2.87535526368543,0.3301
880,3.30601641993475,0.3306
881,3.44968117568568,0.3311
882,4.01093346509526,0.3321
883,2.5766770402158,0.3428
884,3.89479895587722,0.3326
885,3.61205730668158,0.3327
886,2.88757855359616,0.331
887,5.25683376772296,0.3318
888,2.4486047701528,0.3265
889,2.82368287611041,0.3395
890,3.92204040833205,0.3432
891,3.40006031935396,0.333
892,3.93941875534075,0.3381
893,2.36380026537187,0.3323
894,4.20290176900245,0.3385
895,2.07112791903013,0.3317
896,1.46675098223655,0.3277
897,4.3641984782054,0.3397
898,3.67772732293625,0.3403
899,1.59409535727262,0.3332
900,2.36758772105358,0.3277
901,3.26699528728384,0.3361
902,2.88016244863536,0.3249
903,0.0444321645736222,0.3227
904,3.46976411699487,0.3253
905,1.66586649976971,0.3342
906,2.11684083267482,0.3319
907,2.31760387788403,0.33
908,1.50559824093486,0.3294
909,4.31535611404114,0.3334
910,2.59737602543336,0.3372
911,3.35477884213749,0.3425
912,2.53683381901554,0.3355
913,3.51554654885049,0.3382
914,3.17790905391449,0.3306
915,1.98884030429135,0.3333
916,2.04746056804143,0.3363
917,0.889106007760892,0.3294
918,2.2351258777528,0.3299
919,2.85924714233301,0.3331
920,4.04072497950519,0.3422
921,3.94195202905335,0.3297
922,3.83800003189518,0.3301
923,2.76536457006563,0.3331
924,3.4974013161453,0.3331
925,5.30499902575739,0.337
926,5.01381486012967,0.3413
927,3.23143041782987,0.3401
928,3.57456239617806,0.3334
929,3.07601081926096,0.3372
930,1.30448096195744,0.3372
931,3.58586585692589,0.3376
932,0.729501415692389,0.3364
933,5.54707718791917,0.3304
934,1.87582901843892,0.3357
935,2.62362349566251,0.3438
936,3.56872483089191,0.3303
937,4.77754518210858,0.3394
938,1.87386494242231,0.3371
939,0.662712714125605,0.3319
940,0.743389552219969,0.3293
941,2.93213827513524,0.3288
942,1.64670723950151,0.3394
943,3.25108166793055,0.3309
944,3.40714674505054,0.3403
945,3.54560915432919,0.3337
946,4.43907647468528,0.3383
947,3.48512878740311,0.3356
948,2.30397989392409,0.3297
949,1.60780185629971,0.3287
950,3.30999775014435,0.3272
951,2.22031408904139,0.3411
952,1.4869587365772,0.3353
953,1.42617881847739,0.3329
954,2.96182511078765,0.3325
955,4.10920894235064,0.3368
956,1.41136117697535,0.3318
957,3.68342692779002,0.3392
958,2.72440032510439,0.336
959,2.48647621280944,0.3356
960,2.68869907488377,0.3256
961,2.28900631599158,0.3309
962,3.88821877471642,0.3295
963,4.00040944253834,0.3347
964,5.21744272112016,0.3406
965,3.11347818970282,0.3293
966,2.59885196403223,0.3287
967,2.21621839215753,0.3326
968,1.62285809458835,0.3322
969,1.7436374812401,0.3329
970,4.35241199871719,0.3353
971,3.77718646945726,0.3351
972,3.40614518774445,0.3324
973,0.467040227450451,0.3281
974,5.16262306625644,0.3396
975,2.43716272589478,0.3307
976,2.59325173402357,0.3416
977,3.71988544084883,0.3334
978,2.03669802286658,0.3392
979,2.14486765307098,0.3324
980,1.33108980098869,0.325
981,2.27427160801123,0.3323
982,4.01907491879197,0.3372
983,2.81545597928103,0.3403
984,2.12779685001348,0.3267
985,2.68068695553913,0.3346
986,3.92507352702077,0.3378
987,2.6143702445224,0.336
988,4.4355457020545,0.3357
989,4.90987130718614,0.329
990,3.24084010966183,0.3433
991,2.35145660464099,0.326
992,4.23386000638247,0.329
993,2.96033571875634,0.3415
994,3.58413971517732,0.3316
995,4.5413675792545,0.3308
996,2.74084401329632,0.3236
997,3.54060825890958,0.3488
998,4.02009440541462,0.3302
999,4.08634639139041,0.334
1000,4.42011701216546,0.3417
